# 3ds Max Wavefront OBJ Exporter v0.97b - (c)2007 guruware
# File Created: 09.08.2020 09:23:41

mtllib Hamm.mtl

#
# object Mesh_0016
#

v  39.3974 13.2476 -34.3358
v  37.8303 13.2476 -39.0960
v  38.5117 18.3644 -35.2391
v  36.4112 18.3724 -39.8667
v  35.3214 13.2476 -42.6859
v  33.9797 18.4006 -43.2330
v  31.2849 13.2476 -44.8219
v  29.6921 18.3743 -45.3023
v  27.1545 13.2476 -45.7204
v  38.9136 6.9640 -36.6816
v  36.8010 23.1080 -35.8416
v  33.5333 6.9640 -43.1310
v  37.1847 6.9640 -40.3642
v  38.7085 18.3644 -30.4915
v  29.7376 6.9640 -44.3718
v  37.6023 23.1080 -31.2225
v  25.5016 18.3644 -46.1779
v  34.6763 23.1548 -40.0668
v  25.7661 6.9640 -44.0472
v  32.6798 0.0230 -42.4038
v  22.9193 13.2476 -44.3413
v  36.3244 0.0230 -41.2371
v  21.2679 18.3644 -44.5955
v  32.4022 23.2111 -43.0652
v  18.7802 13.2476 -41.1969
v  30.8044 27.4805 -41.2323
v  28.3972 23.1463 -44.8820
v  21.9204 6.9640 -41.9422
v  32.9689 27.4588 -38.8785
v  17.2341 18.3644 -40.7195
v  19.4315 6.9640 -38.4952
v  25.5603 0.0230 -41.8551
v  27.8878 27.4585 -42.7075
v  16.6923 13.2476 -36.5488
v  29.0612 0.0230 -42.8371
v  25.0786 27.4458 -43.4008
v  15.4089 18.3644 -35.3814
v  22.7044 0.0230 -39.6073
v  24.5333 23.1080 -45.5195
v  16.3109 13.2476 -31.5101
v  18.1749 6.9640 -34.2436
v  20.9207 0.0230 -36.4358
v  26.5077 30.3442 -38.1593
v  23.0298 -0.5526 -39.3285
v  28.3293 30.3442 -38.1233
v  15.4836 18.3644 -29.9793
v  21.3290 -0.5526 -36.3027
v  26.7642 30.7008 -37.1584
v  16.0436 23.1080 -34.4214
v  22.1849 -1.0549 -36.0232
v  17.3759 23.1080 -39.7680
v  16.5075 23.1080 -29.2975
v  23.7135 -1.0549 -38.7426
v  30.1063 30.3442 -37.5097
v  18.9571 27.4458 -38.3820
v  18.9059 27.4458 -33.9245
v  25.7590 -0.5526 -41.4730
v  26.1665 -1.0549 -40.6702
v  31.7390 30.3442 -36.2646
v  19.3458 27.4458 -29.9934
v  34.7167 27.4458 -35.6711
v  23.7542 30.3442 -35.5418
v  23.2290 30.3442 -33.3827
v  29.1011 -0.5526 -42.4099
v  24.8986 30.3442 -37.3429
v  29.1703 -1.0549 -41.5122
v  21.5663 27.4458 -41.9614
v  23.4332 30.3442 -31.3288
v  28.1299 31.3824 -32.9236
v  20.5023 23.1080 -43.9821
v  32.5474 -0.5526 -41.9965
v  27.7095 31.3109 -34.2193
v  36.0457 -0.5526 -40.9118
v  35.4598 -1.0549 -40.2280
v  27.1491 31.0574 -35.8354
v  39.9689 -0.5526 -37.7545
v  40.3553 0.0230 -37.9355
v  39.1499 -1.0549 -37.3804
v  39.9650 1.3535 -38.1466
v  40.3785 -1.0549 -33.9889
v  38.2766 2.3772 -38.0347
v  41.2718 -0.5526 -34.0621
v  39.2188 3.2783 -34.5402
v  41.6874 0.0230 -34.1055
v  40.7302 -0.5526 -29.9677
v  41.2717 1.7990 -34.3506
v  39.8789 -1.0549 -30.2432
v  38.7417 3.7241 -30.6409
v  41.1254 0.0230 -29.8454
v  38.0709 -1.0549 -26.9248
v  39.3775 6.9640 -32.2740
v  40.6922 2.0219 -30.0170
v  38.7505 -0.5526 -26.3427
v  35.5130 -0.5526 -24.1311
v  39.0203 13.2476 -29.4524
v  38.6013 1.7990 -26.1749
v  35.7084 0.0230 -23.7699
v  36.8401 3.2783 -27.2346
v  30.5178 0.0230 -23.4694
v  39.0640 0.0230 -26.0744
v  38.1269 6.9640 -28.0211
v  35.2695 1.3535 -23.8776
v  37.6384 18.3644 -25.8572
v  37.4033 13.2476 -25.2328
v  33.9983 2.3772 -24.9888
v  35.7523 6.9640 -24.7047
v  32.3200 6.9640 -22.4473
v  34.8341 18.3644 -21.9670
v  28.5387 6.9640 -21.9063
v  34.1157 13.2476 -21.9159
v  36.7924 23.1080 -26.9796
v  31.0056 18.3644 -19.8239
v  30.1064 13.2476 -20.3347
v  34.7994 23.1080 -23.3354
v  25.5275 13.2476 -20.6451
v  26.1123 18.3644 -19.6744
v  24.3171 6.9640 -23.1526
v  34.8254 27.4458 -28.4886
v  31.5105 23.1080 -21.0970
v  26.8897 0.0230 -24.6770
v  35.5869 27.4458 -32.0134
v  33.3572 27.4458 -25.7014
v  21.1679 13.2476 -22.9013
v  21.3209 18.3644 -21.5738
v  32.2735 30.3442 -30.6227
v  30.7227 27.4458 -23.9702
v  17.5663 18.3644 -25.1960
v  32.9233 30.3442 -32.5459
v  17.8843 13.2476 -26.7228
v  32.6808 30.3442 -34.5281
v  31.0891 30.3442 -29.0654
v  28.4392 31.3109 -31.6434
v  29.4400 30.3442 -28.0871
v  29.1885 30.7008 -28.9026
v  28.8425 31.0574 -30.0913
v  18.7088 6.9640 -29.8348
v  20.8713 6.9640 -25.9399
v  18.7782 23.1080 -25.0375
v  20.4876 0.0230 -32.8235
v  22.5031 23.1080 -21.9787
v  23.7183 0.0230 -26.4598
v  21.4704 0.0230 -29.3204
v  20.9156 -0.5526 -32.8564
v  27.0745 23.1080 -20.5830
v  24.0408 27.4458 -24.4738
v  21.8525 -0.5526 -29.5143
v  27.3511 27.4458 -23.5020
v  23.9971 -0.5526 -26.7851
v  21.8133 -1.0549 -32.9257
v  22.6554 -1.0549 -29.9218
v  27.0228 -0.5526 -25.0843
v  24.5829 -1.0549 -27.4689
v  27.5573 30.3442 -27.8394
v  30.4868 -0.5526 -23.8948
v  27.3024 -1.0549 -25.9402
v  30.4176 -1.0549 -24.7925
v  25.7617 30.3442 -28.3657
v  35.0771 -1.0549 -24.9127
v  21.1538 27.4458 -26.7513
v  24.3233 30.3442 -29.5862
v  32.3151 -1.0549 -40.8701
v  32.2678 -1.0549 -41.1407
v  32.6582 -1.0549 -39.0253
v  32.0460 -1.0549 -36.3658
v  31.0319 -1.0549 -33.1332
v  29.9421 -1.0549 -29.9252
v  28.8662 -1.0549 -27.4172
v  27.5003 -1.0549 -26.1307
v  18.4621 10.5606 -13.0174
v  15.7048 10.9245 -18.4166
v  19.2926 11.6416 -13.2150
v  20.2855 11.2200 -6.9606
v  16.4113 12.0219 -18.8571
v  19.4122 10.1571 -7.0322
v  11.4102 11.2133 -22.7015
v  19.2926 10.7984 -0.7062
v  0.0000 10.1571 -7.0322
v  11.9235 12.3237 -23.3347
v  18.4621 9.7537 -1.0471
v  5.9987 11.3988 -25.4525
v  16.4113 10.4181 4.9359
v  6.2686 12.5175 -26.2095
v  -0.0000 11.4627 -26.4005
v  15.7048 9.3898 4.3521
v  0.0000 12.5842 -27.2001
v  11.9235 10.1163 9.4135
v  -5.9987 11.3988 -25.4525
v  11.4102 9.1009 8.6370
v  -6.2686 12.5175 -26.2095
v  6.2686 9.9225 12.2884
v  -11.4102 11.2133 -22.7015
v  5.9987 8.9155 11.3881
v  -11.9235 12.3237 -23.3347
v  -0.0000 9.8557 13.2789
v  -15.7048 10.9245 -18.4166
v  -0.0000 8.8516 12.3360
v  -16.4113 12.0219 -18.8571
v  -6.2686 9.9225 12.2884
v  -18.4621 10.5606 -13.0174
v  -5.9987 8.9155 11.3881
v  -19.2926 11.6416 -13.2150
v  -11.9235 10.1163 9.4135
v  -19.4122 10.1571 -7.0322
v  -11.4102 9.1009 8.6370
v  -20.2855 11.2200 -6.9606
v  -16.4113 10.4181 4.9359
v  -18.4621 9.7537 -1.0471
v  -15.7048 9.3898 4.3521
v  -19.2926 10.7984 -0.7062
v  -19.2926 17.2818 -12.7388
v  -16.4113 17.6621 -18.3809
v  -20.2855 16.8602 -6.4844
v  -11.9235 17.9639 -22.8585
v  -19.2926 16.4387 -0.2300
v  -6.2686 18.1577 -25.7334
v  -16.4113 16.0583 5.4121
v  0.0000 18.2245 -26.7239
v  -11.9235 15.7565 9.8897
v  -6.2686 15.5628 12.7645
v  -0.0000 15.4960 13.7551
v  6.2686 18.1577 -25.7334
v  11.9235 17.9639 -22.8585
v  16.4113 17.6621 -18.3809
v  19.2926 17.2818 -12.7388
v  20.2855 16.8602 -6.4844
v  19.2926 16.4387 -0.2300
v  16.4113 16.0583 5.4121
v  11.9235 15.7565 9.8897
v  6.2686 15.5628 12.7645
v  -39.4167 13.2476 24.1678
v  -39.0364 18.3644 24.1315
v  -40.4544 13.2476 19.2373
v  -39.0334 6.9640 23.7314
v  -40.1102 18.3644 19.0263
v  -39.9462 6.9640 19.3930
v  -36.5727 13.2476 28.3261
v  -39.5277 13.2476 14.2851
v  -39.1324 6.9640 15.0356
v  -38.5577 3.7241 23.2875
v  -36.1784 18.3644 28.4371
v  -39.3393 3.2783 19.4065
v  -38.0839 23.1080 23.6452
v  -39.1489 18.3644 13.8985
v  -36.5080 6.9640 11.1064
v  -40.2923 2.0219 23.9170
v  -39.0739 23.1080 18.9286
v  -36.8727 13.2476 10.0650
v  -41.2334 1.7990 19.6330
v  -36.3237 27.4458 22.5066
v  -40.1892 1.3535 15.6559
v  -35.5483 23.1080 27.6230
v  -38.1868 23.1080 14.1912
v  -38.5376 2.3772 15.6615
v  -36.4842 18.3644 9.5290
v  -36.7981 0.0230 12.2187
v  -32.3732 23.1080 30.2565
v  -33.6104 13.2476 7.2197
v  -40.5263 0.0230 15.8651
v  -32.9348 18.3644 31.2874
v  -33.4693 6.9640 8.8188
v  -40.1224 -0.5526 16.0081
v  -33.2843 13.2476 31.0789
v  -33.2705 18.3644 6.5829
v  -36.4918 -0.5526 12.5183
v  -28.9254 13.2476 6.1823
v  -33.2708 0.0230 10.7362
v  -33.2672 6.9640 29.8125
v  -29.5905 6.9640 7.9060
v  -33.1024 -0.5526 11.1303
v  -28.6404 13.2476 32.0073
v  -28.5679 18.3644 5.5087
v  -29.7058 -0.5526 10.4156
v  -29.0477 6.9640 30.6197
v  -32.6407 23.1080 7.4324
v  -29.7106 0.0230 9.9871
v  -25.0427 6.9640 29.7165
v  -35.7813 23.1080 10.1543
v  -24.0040 13.2476 30.9698
v  -28.2718 18.3644 32.2487
v  -23.3432 18.3644 31.1745
v  -34.7907 27.4458 12.1810
v  -36.7520 27.4458 15.2708
v  -28.0568 23.1080 31.1445
v  -28.2054 27.4458 28.2463
v  -37.0828 27.4458 18.8966
v  -23.5407 23.1080 30.1521
v  -24.6906 27.4458 27.4867
v  -33.6285 30.3442 20.8024
v  -19.0377 18.3644 28.2284
v  -31.6449 27.4458 27.5666
v  -26.6895 30.3442 23.4977
v  -34.0393 30.3442 18.8487
v  -19.5629 23.1080 27.4302
v  -33.6718 30.3442 16.8864
v  -21.6349 27.4458 25.4035
v  -19.8706 13.2476 28.1245
v  -29.2218 31.3109 17.5431
v  -28.5608 31.3824 18.7923
v  -21.3839 6.9640 27.2129
v  -24.8586 30.3442 22.3702
v  -30.0040 31.0574 16.0315
v  -18.9617 6.9640 23.4997
v  -23.6643 30.3442 20.6981
v  -32.5817 30.3442 15.2143
v  -17.1177 13.2476 23.9045
v  -19.6194 27.4458 22.3138
v  -30.5469 30.7008 14.8773
v  -16.9295 23.1080 23.3933
v  -30.8561 30.3442 14.0869
v  -23.2772 30.3442 18.7358
v  -16.1873 18.3644 23.8589
v  -18.9397 27.4458 18.6879
v  -16.1893 13.2476 18.9523
v  -31.7645 27.4458 10.0978
v  -16.0414 23.1080 18.6559
v  -15.2260 18.3644 18.7311
v  -17.0338 23.1080 13.9393
v  -17.2268 13.2476 14.0217
v  -16.3002 18.3644 13.6259
v  -18.1448 6.9640 19.1423
v  -19.6992 27.4458 15.0780
v  -19.0576 6.9640 14.8039
v  -28.3295 23.1080 6.4400
v  -20.2839 0.0230 19.2080
v  -21.0330 0.0230 15.6478
v  -23.6883 30.3442 16.7821
v  -23.6159 18.3644 6.4700
v  -24.2673 13.2476 7.1107
v  -21.4270 -0.5526 15.8161
v  -23.7926 23.1080 7.3281
v  -28.1143 31.3109 20.0414
v  -20.0721 13.2476 9.8635
v  -19.2463 18.3644 9.3203
v  -25.2744 6.9640 8.7228
v  -19.7557 23.1080 9.9615
v  -27.5388 31.0574 21.5531
v  -26.1347 0.0230 10.6575
v  -27.0515 30.7008 22.7072
v  -23.0875 0.0230 12.6452
v  -21.5612 6.9640 11.1450
v  -26.2943 -0.5526 11.0551
v  -23.3872 -0.5526 12.9515
v  -26.6296 -1.0549 11.8907
v  -22.2550 -1.0549 16.1698
v  -24.0168 -1.0549 13.5952
v  -29.6959 -1.0549 11.3159
v  -32.7487 -1.0549 11.9583
v  -35.8482 -1.0549 13.1479
v  -39.2737 -1.0549 16.3088
v  -40.1995 -1.0549 19.7951
v  -41.0998 -0.5526 19.8050
v  -40.2006 -0.5526 23.8362
v  -41.5283 0.0229 19.8098
v  -39.3726 -1.0549 23.4825
v  -40.5946 0.0229 24.0045
v  -37.2800 -1.0549 26.6291
v  -37.9096 -0.5526 27.2728
v  -38.2092 0.0229 27.5791
v  -34.4904 -0.5526 29.1915
v  -37.8546 1.7990 27.5422
v  -34.6663 0.0229 29.5822
v  -34.1209 -1.0549 28.3704
v  -29.4542 0.0229 29.4093
v  -29.4590 -0.5526 28.9809
v  -36.3240 3.2783 26.4709
v  -34.3087 1.3535 29.5111
v  -29.4689 -1.0549 28.0805
v  -25.9445 0.0229 27.8855
v  -33.2136 2.3772 28.3706
v  -36.5329 6.9640 27.3903
v  -26.1129 -0.5526 27.4915
v  -26.4666 -1.0549 26.6635
v  -23.2483 -0.5526 25.5314
v  -22.9420 0.0229 25.8310
v  -21.3519 -0.5526 22.6242
v  -23.8920 -1.0549 24.9018
v  -20.9543 0.0229 22.7838
v  -22.1875 -1.0549 22.2889
v  -20.7124 -0.5526 19.2127
v  -21.6127 -1.0549 19.2226
v  -21.7825 27.4458 12.0335
v  -24.8722 27.4458 10.0180
v  -24.8350 30.3442 15.1344
v  -28.3244 27.4458 9.3382
v  -26.6107 30.3442 14.0436
v  -28.7424 30.3442 13.6758
v  -32.7720 -1.0549 12.2319
v  -32.9517 -1.0549 14.0998
v  -32.1081 -1.0549 16.6951
v  -30.8138 -1.0549 19.8261
v  -29.4463 -1.0549 22.9259
v  -28.1542 -1.0549 25.3296
v  -26.6804 -1.0549 26.4912
v  -34.5407 27.4458 25.5510
v  -30.8315 30.3442 23.5409
v  -32.5019 30.3442 22.4501
v  -28.8151 30.3442 23.9088
v  -39.3974 13.2476 -34.3358
v  -38.5117 18.3644 -35.2391
v  -37.8303 13.2476 -39.0960
v  -38.9136 6.9640 -36.6816
v  -36.4112 18.3724 -39.8667
v  -39.3775 6.9640 -32.2740
v  -35.3214 13.2476 -42.6859
v  -36.8010 23.1080 -35.8416
v  -38.7085 18.3644 -30.4915
v  -37.1847 6.9640 -40.3642
v  -34.6763 23.1548 -40.0668
v  -39.0203 13.2476 -29.4524
v  -33.5333 6.9640 -43.1311
v  -34.7167 27.4458 -35.6711
v  -37.6384 18.3644 -25.8572
v  -33.9797 18.4006 -43.2330
v  -37.6023 23.1080 -31.2225
v  -37.4033 13.2476 -25.2328
v  -35.5869 27.4458 -32.0134
v  -31.2849 13.2476 -44.8219
v  -36.7924 23.1080 -26.9796
v  -29.7376 6.9640 -44.3718
v  -34.8341 18.3644 -21.9670
v  -34.8254 27.4458 -28.4886
v  -27.1545 13.2476 -45.7204
v  -34.1157 13.2476 -21.9159
v  -34.7994 23.1080 -23.3354
v  -29.6921 18.3743 -45.3023
v  -31.0056 18.3644 -19.8239
v  -33.3572 27.4458 -25.7014
v  -25.5016 18.3644 -46.1779
v  -31.5105 23.1080 -21.0970
v  -30.7227 27.4458 -23.9702
v  -22.9193 13.2476 -44.3413
v  -30.1064 13.2476 -20.3347
v  -25.7661 6.9640 -44.0472
v  -26.1123 18.3644 -19.6744
v  -27.0745 23.1080 -20.5830
v  -29.4400 30.3442 -28.0871
v  -27.3511 27.4458 -23.5020
v  -31.0891 30.3442 -29.0654
v  -29.0612 0.0230 -42.8371
v  -22.5031 23.1080 -21.9787
v  -25.5603 0.0230 -41.8551
v  -21.3209 18.3644 -21.5738
v  -24.0408 27.4458 -24.4738
v  -21.9204 6.9640 -41.9422
v  -25.5275 13.2476 -20.6451
v  -18.7782 23.1080 -25.0375
v  -27.5573 30.3442 -27.8394
v  -21.1679 13.2476 -22.9013
v  -18.7802 13.2476 -41.1969
v  -17.5663 18.3644 -25.1960
v  -17.8843 13.2476 -26.7228
v  -16.5075 23.1080 -29.2975
v  -29.1885 30.7008 -28.9026
v  -21.2679 18.3644 -44.5955
v  -15.4836 18.3644 -29.9793
v  -28.8425 31.0574 -30.0913
v  -16.3109 13.2476 -31.5101
v  -25.7617 30.3442 -28.3657
v  -19.3457 27.4458 -29.9934
v  -18.7088 6.9640 -29.8348
v  -28.4392 31.3109 -31.6434
v  -21.1538 27.4458 -26.7513
v  -18.1749 6.9640 -34.2436
v  -24.3233 30.3442 -29.5862
v  -20.4876 0.0230 -32.8235
v  -23.4332 30.3442 -31.3288
v  -20.9207 0.0230 -36.4358
v  -21.4704 0.0230 -29.3204
v  -28.1299 31.3824 -32.9236
v  -21.3290 -0.5526 -36.3027
v  -20.8713 6.9640 -25.9399
v  -20.9156 -0.5526 -32.8564
v  -23.7183 0.0230 -26.4598
v  -22.1849 -1.0549 -36.0232
v  -24.3171 6.9640 -23.1526
v  -21.8525 -0.5526 -29.5143
v  -21.8133 -1.0549 -32.9257
v  -26.8897 0.0230 -24.6770
v  -28.5387 6.9640 -21.9063
v  -23.9971 -0.5526 -26.7851
v  -22.6554 -1.0549 -29.9218
v  -27.0228 -0.5526 -25.0843
v  -30.4869 -0.5526 -23.8948
v  -24.5829 -1.0549 -27.4689
v  -30.5178 0.0230 -23.4694
v  -30.4176 -1.0549 -24.7925
v  -27.3024 -1.0549 -25.9402
v  -32.3200 6.9640 -22.4473
v  -35.5130 -0.5526 -24.1311
v  -35.7084 0.0230 -23.7699
v  -35.0771 -1.0549 -24.9127
v  -35.7523 6.9640 -24.7047
v  -35.2695 1.3535 -23.8776
v  -38.7505 -0.5526 -26.3427
v  -38.0709 -1.0549 -26.9248
v  -33.9983 2.3772 -24.9888
v  -38.1269 6.9640 -28.0211
v  -39.0640 0.0230 -26.0744
v  -36.8401 3.2783 -27.2346
v  -41.1254 0.0230 -29.8454
v  -40.6922 2.0219 -30.0170
v  -40.7302 -0.5526 -29.9677
v  -38.7417 3.7241 -30.6409
v  -38.6013 1.7990 -26.1749
v  -39.2188 3.2783 -34.5402
v  -41.2718 -0.5526 -34.0621
v  -41.2717 1.7990 -34.3506
v  -41.6874 0.0230 -34.1055
v  -40.3785 -1.0549 -33.9889
v  -39.9650 1.3535 -38.1466
v  -40.3553 0.0230 -37.9355
v  -39.8789 -1.0549 -30.2432
v  -38.2766 2.3772 -38.0347
v  -39.9689 -0.5526 -37.7545
v  -36.3244 0.0230 -41.2371
v  -39.1499 -1.0549 -37.3804
v  -36.0457 -0.5526 -40.9118
v  -35.4598 -1.0549 -40.2280
v  -32.6798 0.0230 -42.4038
v  -32.5474 -0.5526 -41.9965
v  -32.2678 -1.0549 -41.1407
v  -29.1703 -1.0549 -41.5122
v  -29.1011 -0.5526 -42.4099
v  -25.7590 -0.5526 -41.4730
v  -26.1665 -1.0549 -40.6702
v  -23.7135 -1.0549 -38.7426
v  -23.0298 -0.5526 -39.3285
v  -22.7044 0.0230 -39.6073
v  -19.4315 6.9640 -38.4952
v  -16.6923 13.2476 -36.5488
v  -17.2341 18.3644 -40.7195
v  -15.4089 18.3644 -35.3814
v  -20.5023 23.1080 -43.9821
v  -24.5333 23.1080 -45.5195
v  -17.3759 23.1080 -39.7680
v  -16.0436 23.1080 -34.4214
v  -25.0786 27.4458 -43.4008
v  -21.5663 27.4458 -41.9614
v  -28.3972 23.1463 -44.8820
v  -18.9571 27.4458 -38.3820
v  -18.9059 27.4458 -33.9245
v  -32.4022 23.2111 -43.0652
v  -27.8878 27.4585 -42.7075
v  -24.8986 30.3442 -37.3429
v  -26.5077 30.3442 -38.1593
v  -30.8044 27.4805 -41.2323
v  -23.7542 30.3442 -35.5418
v  -28.3293 30.3442 -38.1233
v  -27.1491 31.0574 -35.8354
v  -30.1063 30.3442 -37.5097
v  -26.7642 30.7008 -37.1584
v  -32.9689 27.4588 -38.8785
v  -27.7095 31.3109 -34.2193
v  -31.7390 30.3442 -36.2646
v  -23.2290 30.3442 -33.3827
v  -32.6808 30.3442 -34.5281
v  -32.3151 -1.0549 -40.8701
v  -32.6582 -1.0549 -39.0253
v  -32.0460 -1.0549 -36.3658
v  -31.0319 -1.0549 -33.1332
v  -29.9421 -1.0549 -29.9252
v  -28.8662 -1.0549 -27.4172
v  -27.5003 -1.0549 -26.1307
v  -32.9232 30.3442 -32.5459
v  -32.2735 30.3442 -30.6227
v  -24.6200 101.0539 53.8971
v  -25.0397 101.0152 56.7523
v  -22.7928 102.8492 54.3581
v  -26.5272 98.7961 56.3726
v  -23.0181 103.1409 57.1015
v  -26.1052 99.1020 53.3602
v  -20.7945 103.9196 54.5946
v  -24.9905 100.9228 57.0609
v  -22.7100 102.7301 54.0693
v  -27.5546 96.6530 55.9864
v  -20.8877 104.2191 57.2455
v  -20.7622 103.7862 54.3150
v  -27.1688 97.0126 52.7492
v  -22.9683 103.0661 57.3942
v  -28.4599 94.1582 55.5256
v  -20.8693 104.1222 57.5251
v  -20.7200 103.6021 54.1501
v  -27.4821 96.5521 56.3492
v  -20.8357 103.9605 57.7258
v  -18.5466 103.6469 54.1122
v  -27.9247 94.6879 52.0110
v  -22.9194 102.8953 57.5944
v  -22.6061 102.5638 53.8968
v  -27.0379 97.0054 52.4074
v  -24.8922 100.7916 57.2696
v  -24.5008 100.9851 53.5953
v  -25.9768 99.0750 53.0407
v  -26.4664 98.6871 56.7039
v  -17.0653 87.9104 41.2273
v  -27.7753 94.7095 51.6438
v  -18.5676 103.4531 53.9384
v  -28.7265 91.1728 50.9181
v  -26.3675 98.6084 56.9218
v  -28.5600 91.2177 50.5131
v  -24.0876 99.9256 57.8201
v  -14.6634 88.4020 41.6856
v  -29.1452 87.6687 49.8127
v  -22.4100 101.7691 58.1072
v  -28.9520 87.7598 49.3738
v  -22.3146 101.5582 58.2032
v  -29.5085 84.5997 48.8079
v  -20.5329 102.5572 58.3326
v  -29.3046 84.7045 48.3338
v  -20.5807 102.7786 58.2369
v  -23.9369 99.7635 57.9233
v  -28.7212 87.8015 49.0753
v  -30.0879 86.6050 54.0908
v  -28.3514 91.2193 50.2411
v  -30.5564 83.4068 53.4357
v  -27.5212 85.1989 46.6173
v  -30.0824 86.4472 54.5908
v  -29.0652 84.7566 48.0074
v  -27.5831 94.6848 51.4007
v  -29.4128 90.5047 54.8371
v  -26.2077 85.5720 45.5729
v  -29.3735 90.3898 55.2911
v  -24.9451 85.9262 44.6963
v  -29.8781 86.5008 54.8329
v  -30.3285 83.2956 54.2311
v  -26.8652 96.9492 52.1846
v  -28.4029 94.0484 55.9260
v  -29.2240 90.3535 55.5157
v  -28.5525 86.6459 55.5271
v  -23.4118 86.3366 43.6585
v  -28.2864 94.0016 56.1488
v  -28.8752 83.4815 54.9529
v  -25.8149 98.9931 52.8372
v  -28.1154 90.1051 56.1469
v  -28.6030 83.5163 55.0881
v  -21.6882 86.7812 42.6184
v  -27.3949 96.4676 56.5661
v  -24.3564 100.8638 53.4095
v  -28.3042 86.6730 55.6571
v  -26.5594 95.9221 57.1633
v  -19.4672 87.3442 41.6361
v  -27.9078 90.0586 56.2652
v  -25.5134 98.0253 57.5161
v  -27.3182 93.6591 56.7728
v  -27.1369 93.5950 56.8897
v  -26.4030 95.8199 57.2751
v  -25.3535 97.9161 57.6275
v  -30.5608 83.2315 53.9909
v  -16.8764 86.0986 55.2087
v  -18.4943 102.3995 58.2425
v  -18.6796 85.7015 55.1901
v  -15.0733 86.4957 55.2273
v  -16.2631 101.4533 58.0023
v  -20.6008 85.2785 55.1704
v  -13.1521 86.9187 55.2471
v  -14.1961 100.3731 57.7423
v  -22.3418 84.8951 55.1525
v  -11.4110 87.3021 55.2650
v  -12.3565 98.9130 57.4197
v  -23.7528 84.5844 55.1380
v  -10.0001 87.6128 55.2796
v  -10.7486 97.2039 57.0584
v  -25.0604 84.2964 55.1245
v  -8.6925 87.9008 55.2930
v  -8.5515 94.3210 56.4645
v  -26.5837 83.9610 55.1088
v  -7.1692 88.2362 55.3087
v  -6.7580 91.4177 55.8790
v  -5.1499 88.6809 55.3296
v  -16.1062 102.9287 53.9848
v  -18.5271 103.7886 54.4020
v  -15.7653 103.0575 56.8478
v  -13.4761 101.6700 56.5070
v  -18.4991 104.1360 57.1480
v  -13.9283 101.7834 53.4856
v  -15.7771 102.9517 57.1558
v  -11.6362 100.1583 56.1503
v  -18.5186 104.0459 57.4400
v  -12.0738 100.3366 52.9046
v  -16.1795 102.8176 53.6810
v  -18.4952 103.8695 57.6399
v  -9.7580 98.2765 55.7181
v  -10.3970 98.5477 52.1915
v  -14.0272 101.7064 53.1638
v  -7.3453 95.3641 55.0643
v  -8.1718 95.6992 51.1297
v  -12.1828 100.2766 52.5603
v  -5.0804 92.1119 54.3483
v  -6.2983 92.6998 50.0479
v  -10.5344 98.5061 51.8213
v  -9.7715 98.1512 56.1178
v  -4.6601 90.0715 49.0637
v  -11.6668 100.0347 56.5121
v  -8.3337 95.6717 50.7214
v  -3.2991 89.4091 53.7164
v  -6.5033 92.7032 49.6049
v  -12.3115 100.1541 52.3345
v  -9.8619 98.0588 56.3385
v  -4.8797 90.0831 48.5853
v  -10.6937 98.4040 51.5746
v  -7.4665 95.1446 55.7398
v  -8.5183 95.5868 50.4453
v  -9.2208 89.3895 44.9753
v  -11.7147 99.9206 56.7275
v  -6.7244 92.6454 49.3018
v  -13.5530 101.4303 57.0537
v  -6.6489 89.7959 46.9517
v  -7.9587 89.5913 45.8928
v  -13.4920 101.5442 56.8375
v  -5.1124 90.0313 48.2540
v  -15.8153 102.7904 57.3630
v  -14.0946 100.5399 57.6337
v  -10.7410 89.1269 43.7958
v  -16.1924 101.6642 57.9014
v  -14.1358 101.5650 52.9575
v  -18.4944 102.6314 58.1475
v  -12.4496 88.8156 42.7130
v  -16.2559 102.6476 53.4928
v  -12.2553 99.0720 57.3105
v  -10.6087 97.3387 56.9449
v  -8.3804 94.4509 56.3501
v  -6.5188 91.4979 55.7540
v  -5.2414 91.9260 55.0866
v  -7.3417 95.2415 55.5179
v  -4.8857 88.7642 55.1999
v  -3.4748 89.2090 54.5076
v  -5.0289 91.9642 54.8487
v  -3.2324 89.2494 54.2722
v  0.0000 71.7531 -57.6104
v  -3.9462 71.5593 -57.6264
v  0.0000 80.2167 -52.8260
v  -3.7640 67.1183 -59.3764
v  -6.9069 79.7828 -52.9464
v  0.0000 66.7957 -59.6706
v  3.9462 71.5593 -57.6264
v  -7.1602 70.3400 -57.8319
v  -3.7152 59.2178 -61.4784
v  3.7640 67.1183 -59.3764
v  -12.8124 77.1662 -53.4060
v  -11.8071 60.0283 -60.0890
v  7.1602 70.3400 -57.8319
v  -10.6046 67.8271 -58.4993
v  -12.4773 52.4931 -60.8968
v  10.6046 67.8271 -58.4993
v  -3.9435 51.5769 -62.3150
v  12.8124 77.1662 -53.4060
v  -17.0207 73.3294 -54.1705
v  0.0000 59.0953 -61.5637
v  6.9069 79.7828 -52.9464
v  -20.7793 62.1987 -56.2560
v  0.0000 51.4468 -62.5358
v  -22.0690 53.5906 -57.2004
v  3.9435 51.5769 -62.3150
v  -18.9934 69.8593 -54.9905
v  3.7152 59.2178 -61.4784
v  12.4773 52.4931 -60.8968
v  11.8071 60.0283 -60.0890
v  22.0690 53.5906 -57.2004
v  20.7793 62.1987 -56.2560
v  18.9934 69.8593 -54.9905
v  17.0207 73.3294 -54.1705
v  -11.8314 44.1144 -61.2507
v  -21.2694 45.0666 -57.4482
v  -4.2132 43.6451 -62.5775
v  -30.9791 46.5593 -50.6016
v  -19.6877 36.6820 -56.6150
v  -31.7239 55.2930 -50.4371
v  -10.8936 35.7257 -60.3381
v  -28.4931 37.8506 -50.3560
v  -27.0942 35.8331 -50.2884
v  -4.6044 35.6987 -61.3180
v  -30.2725 64.4260 -49.8690
v  -18.9912 34.6444 -56.3082
v  -34.8413 37.3308 -43.6208
v  0.0000 35.6988 -61.4687
v  -24.2104 31.7575 -50.1586
v  -35.8398 39.1416 -43.6280
v  -27.3897 72.5241 -49.0440
v  -17.9263 32.3285 -55.9194
v  -38.9901 38.3719 -36.6188
v  -23.7249 77.6738 -48.6329
v  -10.8238 33.7678 -59.6417
v  -33.9759 31.5665 -36.6188
v  -28.1332 81.1776 -42.1987
v  -30.2957 31.5420 -43.5810
v  -18.0695 82.6185 -47.8937
v  -4.6746 33.7610 -60.6522
v  -21.8670 87.1305 -41.6863
v  -24.5344 26.3288 -43.5346
v  -27.5354 24.9674 -36.6188
v  0.0000 33.7603 -60.8537
v  -16.4598 17.2817 -36.6188
v  -9.0956 86.6396 -47.1315
v  -5.2245 28.1270 -57.2190
v  -18.2484 15.3834 -24.9971
v  0.0000 27.4526 -57.2097
v  -14.9335 19.1950 -43.3617
v  0.0000 87.5730 -47.0174
v  -8.8994 29.4937 -57.4420
v  -8.3265 15.3701 -36.6188
v  -9.0752 13.4355 -24.9971
v  -16.4274 29.6764 -55.4312
v  0.0000 13.3447 -24.9971
v  9.0956 86.6396 -47.1315
v  -9.6831 11.9086 -9.7143
v  0.0000 92.0307 -41.4561
v  -20.7844 27.8055 -50.0120
v  0.0000 11.8026 -9.7143
v  -12.8446 22.1775 -49.6536
v  0.0000 11.0221 5.7079
v  -10.9834 90.9179 -41.4410
v  -10.6826 25.8356 -54.5712
v  0.0000 95.4256 -35.8406
v  -6.9918 20.4263 -49.5303
v  10.9834 90.9179 -41.4410
v  -7.8958 17.0561 -43.2861
v  -6.0474 24.5413 -54.1141
v  0.0000 23.4958 -53.8427
v  18.0695 82.6185 -47.8937
v  0.0000 14.9777 -36.6188
v  0.0000 16.4698 -43.2861
v  0.0000 19.5389 -49.5303
v  23.7249 77.6738 -48.6329
v  28.1332 81.1776 -42.1987
v  21.8670 87.1305 -41.6863
v  27.3897 72.5241 -49.0440
v  30.8221 83.2559 -35.8417
v  30.2725 64.4260 -49.8690
v  12.0224 94.1485 -35.8187
v  23.8398 89.9377 -35.8067
v  32.5180 74.3136 -42.4585
v  35.8216 65.8405 -42.8126
v  26.6560 93.1302 -24.6533
v  31.7239 55.2930 -50.4371
v  39.8120 67.3063 -36.0765
v  13.8098 98.2961 -24.6522
v  41.8911 58.1020 -36.4010
v  4.7232 97.9639 -29.9360
v  34.7535 85.9824 -24.6879
v  46.2766 59.0929 -24.9971
v  6.7330 99.6089 -26.2592
v  36.1704 75.7393 -35.9465
v  43.9607 68.8175 -24.8486
v  0.0000 99.5214 -26.1618
v  40.1035 77.8623 -24.7008
v  0.0000 98.1351 -29.8374
v  47.0660 69.5933 -9.7113
v  6.7311 102.8267 -9.7143
v  -4.7232 97.9639 -29.9360
v  42.9461 79.4507 -9.7113
v  5.7152 99.5340 -25.4014
v  38.0798 86.9919 -9.7113
v  -6.7330 99.6089 -26.2592
v  -12.0224 94.1485 -35.8187
v  28.6075 94.9562 -9.7143
v  47.1219 69.6497 5.7079
v  42.9946 79.5470 5.7079
v  14.8208 101.0807 -9.7143
v  38.1377 87.1205 5.7079
v  28.3584 95.2154 5.7079
v  36.9769 86.8858 21.2579
v  -23.8398 89.9377 -35.8067
v  14.8376 101.6341 5.7079
v  27.1686 94.2562 21.2579
v  -13.8098 98.2961 -24.6522
v  6.7311 103.3690 5.7079
v  41.6330 78.8641 21.2579
v  -26.6560 93.1302 -24.6533
v  14.0683 100.8841 21.2579
v  -30.8221 83.2559 -35.8417
v  6.7325 102.5606 22.4055
v  36.3630 86.5324 26.9870
v  5.7015 102.2537 21.6814
v  26.9002 93.7699 26.9870
v  0.0000 102.5624 22.4055
v  35.6413 86.1170 33.7221
v  -32.5180 74.3136 -42.4585
v  13.8712 100.2891 26.9871
v  26.5847 93.1983 33.7221
v  -36.1704 75.7393 -35.9465
v  6.0847 102.1931 24.7541
v  13.6394 99.5897 33.7221
v  -39.8120 67.3063 -36.0765
v  5.3231 101.7610 27.5151
v  0.0000 102.2898 24.7541
v  -35.8216 65.8405 -42.8126
v  -6.0847 102.1931 24.7541
v  4.8427 101.4885 29.2567
v  -43.9607 68.8175 -24.8486
v  -6.7325 102.5606 22.4055
v  0.0000 101.9693 27.5151
v  -40.1035 77.8623 -24.7008
v  -5.3231 101.7610 27.5151
v  -5.7015 102.2537 21.6814
v  -46.2766 59.0929 -24.9971
v  0.0000 102.1865 21.5447
v  -6.7311 103.3690 5.7079
v  -4.8427 101.4885 29.2567
v  -47.0660 69.5933 -9.7113
v  -5.6046 103.0398 5.7208
v  -13.6394 99.5897 33.7221
v  -42.9461 79.4507 -9.7113
v  -14.0683 100.8841 21.2579
v  -13.8712 100.2891 26.9871
v  -38.0798 86.9919 -9.7113
v  -14.8376 101.6341 5.7079
v  -26.9002 93.7699 26.9870
v  -34.7535 85.9824 -24.6879
v  -6.7311 102.8267 -9.7143
v  -26.5847 93.1983 33.7221
v  -27.1686 94.2562 21.2579
v  -35.6413 86.1170 33.7221
v  -28.3584 95.2154 5.7079
v  -35.1861 85.8549 37.9705
v  -14.8208 101.0807 -9.7143
v  -40.0215 78.5448 37.9705
v  -28.6075 94.9562 -9.7143
v  -36.3630 86.5324 26.9870
v  -40.4311 78.6260 33.7221
v  -38.1377 87.1205 5.7079
v  -43.2642 69.8173 37.9705
v  -42.9946 79.5470 5.7079
v  -42.7517 69.7284 38.6168
v  -5.7152 99.5340 -25.4014
v  -39.6342 78.3466 38.6168
v  -5.6105 102.4918 -9.7402
v  -47.1219 69.6497 5.7079
v  -45.5949 69.7768 21.2579
v  -34.9023 85.6683 38.6168
v  -4.9492 98.7126 -24.6646
v  -48.9793 59.1038 5.7079
v  -26.9543 92.3394 38.6168
v  -4.9474 101.5265 -9.7143
v  -48.9048 59.0929 -9.7113
v  -23.8475 19.9384 38.6168
v  -4.9473 102.0860 5.7079
v  -33.0593 25.6788 38.6168
v  -48.6153 49.2115 -9.7253
v  -38.3590 31.5414 38.6168
v  -4.9487 101.2986 21.2579
v  -46.3146 49.0243 -24.9971
v  -38.4474 31.3395 37.9705
v  -41.8911 58.1020 -36.4010
v  -41.8974 37.0330 37.9705
v  -39.2110 31.5989 28.9398
v  0.0000 101.3059 21.2579
v  -42.1356 48.6233 -36.6188
v  -33.2841 24.7881 28.9398
v  4.9487 101.2986 21.2579
v  -37.9910 56.8822 -43.0377
v  -32.9056 25.4975 37.9705
v  -38.1598 47.8154 -43.5599
v  -23.5056 19.0325 37.9705
v  -22.8132 17.1428 28.9398
v  5.6046 103.0398 5.7208
v  -10.9149 14.4491 37.9705
v  -10.9073 15.1778 38.6168
v  0.0000 14.5826 38.6168
v  5.6105 102.4918 -9.7402
v  -40.0216 40.0841 -36.6188
v  0.0000 13.9988 37.9705
v  4.9473 102.0860 5.7079
v  -10.7879 13.2878 28.9398
v  0.0000 12.6125 28.9398
v  4.9474 101.5265 -9.7143
v  4.9492 98.7126 -24.6646
v  -10.6800 12.3000 21.2579
v  -22.2241 15.5353 21.2579
v  0.0000 99.4571 -25.2260
v  -33.6061 24.1847 21.2579
v  0.0000 11.4333 21.2579
v  -10.4080 11.1563 5.7079
v  -33.2361 24.0094 5.7079
v  -39.8606 31.8196 21.2579
v  -40.1972 32.0708 5.7079
v  -20.1106 14.5597 -9.7177
v  -43.9623 38.8107 21.2579
v  -39.9404 32.1220 -9.7253
v  -45.0078 40.3841 5.7079
v  -43.0131 37.9936 28.9398
v  -29.9467 24.1740 -24.9971
v  -44.9645 40.6348 -9.7253
v  -31.9944 23.8673 -9.7253
v  -46.3408 42.0410 5.7079
v  -21.1277 14.2748 5.7079
v  -42.7265 37.9314 33.7221
v  -46.2927 42.2131 -9.7253
v  -45.1125 47.9662 37.9705
v  -43.9747 41.2851 -24.9971
v  -44.7344 47.6827 38.6168
v  -42.8401 39.5989 -24.9971
v  -41.7673 37.0333 38.6168
v  -48.6712 49.4029 5.7079
v  -37.3783 31.7677 -24.9971
v  -47.6166 49.0160 21.2579
v  -45.1591 40.5673 21.2579
v  -47.4457 59.0975 21.2579
v  -46.5774 59.0565 26.9865
v  -44.0410 39.3557 26.9870
v  -46.7582 48.6562 26.9870
v  -45.5567 59.0082 33.7209
v  -44.7959 69.7907 26.9870
v  -45.7490 48.2331 33.7221
v  -41.6330 78.8641 21.2579
v  -43.8567 69.8070 33.7221
v  -41.0806 78.7547 26.9870
v  -44.9128 58.9778 37.9689
v  -44.4252 58.9658 38.6150
v  -36.9769 86.8858 21.2579
v  0.0000 101.7672 29.2567
v  0.0000 100.7520 37.9705
v  -13.4931 99.1485 37.9705
v  13.4931 99.1485 37.9705
v  0.0000 100.1606 38.6168
v  -14.1193 98.5847 38.6168
v  14.1193 98.5847 38.6168
v  -26.3857 92.8377 37.9705
v  26.3857 92.8377 37.9705
v  26.9543 92.3394 38.6168
v  35.1861 85.8549 37.9705
v  10.9073 15.1778 38.6168
v  10.9149 14.4491 37.9705
v  34.9023 85.6683 38.6168
v  40.0215 78.5448 37.9705
v  23.5056 19.0325 37.9705
v  23.8475 19.9384 38.6168
v  39.6342 78.3466 38.6168
v  10.7879 13.2878 28.9398
v  33.0593 25.6788 38.6168
v  32.9056 25.4975 37.9705
v  22.8132 17.1428 28.9398
v  42.7517 69.7284 38.6168
v  33.2841 24.7881 28.9398
v  10.6800 12.3000 21.2579
v  43.2642 69.8173 37.9705
v  22.2241 15.5353 21.2579
v  38.4474 31.3395 37.9705
v  44.4252 58.9658 38.6150
v  21.1277 14.2748 5.7079
v  39.2110 31.5989 28.9398
v  44.9128 58.9778 37.9689
v  10.4080 11.1563 5.7079
v  41.8974 37.0330 37.9705
v  45.1125 47.9662 37.9705
v  43.0131 37.9936 28.9398
v  44.7344 47.6827 38.6168
v  42.7265 37.9314 33.7221
v  41.7673 37.0333 38.6168
v  39.8606 31.8196 21.2579
v  44.0410 39.3557 26.9870
v  45.7490 48.2331 33.7221
v  38.3590 31.5414 38.6168
v  45.5567 59.0082 33.7209
v  46.7582 48.6562 26.9870
v  43.9623 38.8107 21.2579
v  46.5774 59.0565 26.9865
v  45.1591 40.5673 21.2579
v  43.8567 69.8070 33.7221
v  44.7959 69.7907 26.9870
v  45.0078 40.3841 5.7079
v  47.6166 49.0160 21.2579
v  46.3408 42.0410 5.7079
v  40.1972 32.0708 5.7079
v  41.0806 78.7547 26.9870
v  39.9404 32.1220 -9.7253
v  45.5949 69.7768 21.2579
v  44.9645 40.6348 -9.7253
v  48.6712 49.4029 5.7079
v  47.4457 59.0975 21.2579
v  42.8401 39.5989 -24.9971
v  48.9793 59.1038 5.7079
v  37.3783 31.7677 -24.9971
v  48.9048 59.0929 -9.7113
v  31.9944 23.8673 -9.7253
v  48.6153 49.2115 -9.7253
v  33.2361 24.0094 5.7079
v  38.9901 38.3719 -36.6188
v  40.0216 40.0841 -36.6188
v  46.3146 49.0243 -24.9971
v  35.8398 39.1416 -43.6280
v  34.8413 37.3308 -43.6208
v  42.1356 48.6233 -36.6188
v  46.2927 42.2131 -9.7253
v  28.4931 37.8506 -50.3560
v  37.9910 56.8822 -43.0377
v  27.0942 35.8331 -50.2884
v  38.1598 47.8154 -43.5599
v  43.9747 41.2851 -24.9971
v  33.9759 31.5665 -36.6188
v  30.9791 46.5593 -50.6016
v  29.9467 24.1740 -24.9971
v  27.5354 24.9674 -36.6188
v  30.2957 31.5420 -43.5810
v  21.2694 45.0666 -57.4482
v  18.2484 15.3834 -24.9971
v  16.4598 17.2817 -36.6188
v  11.8314 44.1144 -61.2507
v  24.5344 26.3288 -43.5346
v  20.1106 14.5597 -9.7177
v  9.0752 13.4355 -24.9971
v  24.2104 31.7575 -50.1586
v  4.2132 43.6451 -62.5775
v  14.9335 19.1950 -43.3617
v  18.9912 34.6444 -56.3082
v  10.8936 35.7257 -60.3381
v  20.7844 27.8055 -50.0120
v  19.6877 36.6820 -56.6150
v  12.8446 22.1775 -49.6536
v  4.6044 35.6987 -61.3180
v  16.4274 29.6764 -55.4312
v  17.9263 32.3285 -55.9194
v  0.0000 43.6389 -62.7532
v  10.8238 33.7678 -59.6417
v  4.6746 33.7610 -60.6522
v  8.8994 29.4937 -57.4420
v  10.6826 25.8356 -54.5712
v  5.2245 28.1270 -57.2190
v  6.9918 20.4263 -49.5303
v  6.0474 24.5413 -54.1141
v  7.8958 17.0561 -43.2861
v  8.3265 15.3701 -36.6188
v  9.6831 11.9086 -9.7143
v  33.6061 24.1847 21.2579
v  0.0000 98.6739 -24.6126
v  40.4311 78.6260 33.7221
v  -4.9492 87.6859 -24.6529
v  -4.9474 87.9953 -9.7143
v  0.0000 87.6584 -24.6062
v  0.0000 88.0402 -9.7143
v  4.9474 87.9953 -9.7143
v  0.0000 88.2408 5.7079
v  4.9492 87.6859 -24.6529
v  -4.9473 88.1931 5.7079
v  4.9473 88.1931 5.7079
v  0.0000 88.5428 21.2579
v  -4.9487 88.5283 21.2579
v  4.9487 88.5283 21.2579
v  39.4167 13.2476 24.1678
v  40.4544 13.2476 19.2373
v  39.0364 18.3644 24.1315
v  39.0341 6.9640 23.7314
v  40.1102 18.3644 19.0263
v  36.5727 13.2476 28.3261
v  39.9462 6.9640 19.3930
v  39.5277 13.2476 14.2851
v  36.5329 6.9640 27.3903
v  38.0839 23.1080 23.6452
v  39.1324 6.9640 15.0356
v  39.1489 18.3644 13.8985
v  39.0739 23.1080 18.9286
v  38.7629 3.9883 23.2875
v  36.8727 13.2476 10.0650
v  39.6468 3.5425 19.4065
v  36.5080 6.9640 11.1064
v  36.4842 18.3644 9.5290
v  38.1868 23.1080 14.1912
v  40.3040 2.0487 23.9170
v  33.4693 6.9640 8.8188
v  37.8546 1.7990 27.6101
v  41.2601 1.8339 19.6330
v  35.7813 23.1080 10.1543
v  33.2708 0.0230 10.7362
v  40.2351 1.5062 15.6156
v  36.7520 27.4458 15.2708
v  33.6104 13.2476 7.2197
v  38.7275 2.8486 15.4949
v  37.0828 27.4458 18.8966
v  29.5905 6.9640 7.9060
v  36.7981 0.0230 12.2187
v  36.3237 27.4458 22.5066
v  29.7106 0.0230 9.9871
v  26.1347 0.0230 10.6575
v  40.5263 0.0236 15.8651
v  25.2744 6.9640 8.7228
v  40.1224 -0.5526 16.0081
v  28.9254 13.2476 6.1823
v  23.0875 0.0230 12.6452
v  36.4918 -0.5526 12.5183
v  21.5612 6.9640 11.1450
v  23.3872 -0.5526 12.9515
v  41.0998 -0.5526 19.8050
v  21.0330 0.0230 15.6478
v  41.5283 0.0229 19.8098
v  33.1024 -0.5526 11.1303
v  24.2673 13.2476 7.1107
v  40.5946 0.0229 24.0045
v  29.7058 -0.5526 10.4156
v  20.0721 13.2476 9.8635
v  23.6159 18.3644 6.4700
v  19.0576 6.9640 14.8039
v  40.2006 -0.5526 23.8362
v  26.2943 -0.5526 11.0551
v  17.2268 13.2476 14.0217
v  40.1995 -1.0549 19.7951
v  19.2463 18.3644 9.3203
v  39.3726 -1.0549 23.4825
v  23.7926 23.1080 7.3281
v  24.0168 -1.0549 13.5952
v  28.3295 23.1080 6.4400
v  16.3002 18.3644 13.6259
v  22.2550 -1.0549 16.1698
v  28.5679 18.3644 5.5087
v  19.7557 23.1080 9.9615
v  21.4270 -0.5526 15.8161
v  28.3244 27.4458 9.3382
v  32.6407 23.1080 7.4324
v  33.2705 18.3644 6.5829
v  31.7645 27.4458 10.0978
v  24.8722 27.4458 10.0180
v  28.7424 30.3442 13.6758
v  30.8561 30.3442 14.0869
v  26.6107 30.3442 14.0436
v  21.7825 27.4458 12.0335
v  30.5469 30.7008 14.8773
v  17.0338 23.1080 13.9393
v  30.0040 31.0574 16.0315
v  24.8350 30.3442 15.1344
v  34.7907 27.4458 12.1810
v  29.2218 31.3109 17.5431
v  19.6992 27.4458 15.0780
v  23.6883 30.3442 16.7821
v  28.5608 31.3824 18.7923
v  32.5817 30.3442 15.2143
v  33.6718 30.3442 16.8864
v  34.0393 30.3442 18.8487
v  33.6285 30.3442 20.8024
v  35.8482 -1.0549 13.1479
v  32.7720 -1.0549 12.2319
v  32.7487 -1.0549 11.9583
v  32.9517 -1.0549 14.0998
v  29.6959 -1.0549 11.3159
v  39.2737 -1.0549 16.3088
v  26.6296 -1.0549 11.8907
v  32.1081 -1.0549 16.6951
v  30.8138 -1.0549 19.8261
v  37.2800 -1.0549 26.6291
v  21.6127 -1.0549 19.2226
v  29.4463 -1.0549 22.9259
v  34.1209 -1.0549 28.3704
v  22.1875 -1.0549 22.2889
v  28.1542 -1.0549 25.3296
v  29.4689 -1.0549 28.0805
v  23.8920 -1.0549 24.9018
v  26.6804 -1.0549 26.4912
v  26.4666 -1.0549 26.6635
v  36.1784 18.3644 28.4371
v  33.2843 13.2476 31.0789
v  35.5483 23.1080 27.6230
v  33.2672 6.9640 29.8125
v  32.9348 18.3644 31.2874
v  34.5407 27.4458 25.5510
v  28.6404 13.2476 32.0073
v  32.3732 23.1080 30.2565
v  36.3240 3.2783 26.9473
v  29.0477 6.9640 30.6197
v  33.2136 2.5562 28.8220
v  28.2718 18.3644 32.2487
v  24.0040 13.2476 30.9698
v  25.0427 6.9640 29.7165
v  34.3087 1.4165 29.6700
v  23.3432 18.3644 31.1745
v  29.4542 0.0229 29.4093
v  21.3839 6.9640 27.2129
v  28.0568 23.1080 31.1445
v  34.6663 0.0238 29.5845
v  22.9420 0.0229 25.8310
v  23.5407 23.1080 30.1521
v  34.4904 -0.5526 29.1915
v  19.8706 13.2476 28.1245
v  28.2054 27.4458 28.2463
v  37.9096 -0.5526 27.2728
v  18.9617 6.9640 23.4997
v  31.6449 27.4458 27.5666
v  29.4590 -0.5526 28.9809
v  19.0377 18.3644 28.2284
v  24.6906 27.4458 27.4867
v  17.1177 13.2476 23.9045
v  16.1873 18.3644 23.8589
v  26.6895 30.3442 23.4977
v  25.9445 0.0229 27.8855
v  16.1893 13.2476 18.9523
v  28.8151 30.3442 23.9088
v  26.1129 -0.5526 27.4915
v  18.1448 6.9640 19.1423
v  23.2483 -0.5526 25.5314
v  15.2260 18.3644 18.7311
v  30.8315 30.3442 23.5409
v  32.5019 30.3442 22.4501
v  28.1143 31.3109 20.0414
v  16.0414 23.1080 18.6559
v  16.9295 23.1080 23.3933
v  27.5389 31.0574 21.5531
v  18.9397 27.4458 18.6879
v  19.5629 23.1080 27.4302
v  19.6194 27.4458 22.3138
v  27.0515 30.7008 22.7072
v  21.6349 27.4458 25.4035
v  23.6643 30.3442 20.6981
v  23.2772 30.3442 18.7358
v  24.8587 30.3442 22.3702
v  20.2839 0.0230 19.2080
v  20.9543 0.0229 22.7838
v  20.7124 -0.5526 19.2127
v  21.3519 -0.5526 22.6242
v  38.2092 0.0229 27.5791
v  16.0857 102.9739 53.9975
v  15.7578 103.0844 56.8628
v  18.5121 103.8203 54.4101
v  13.4612 101.7093 56.5224
v  18.4976 104.1489 57.1585
v  13.9007 101.8416 53.5000
v  20.7808 103.9402 54.5936
v  15.7705 102.9764 57.1700
v  18.5297 103.6806 54.1192
v  11.6131 100.2080 56.1634
v  20.8869 104.2210 57.2462
v  20.7468 103.8089 54.3133
v  12.0373 100.4069 52.9171
v  18.5180 104.0567 57.4498
v  9.7248 98.3374 55.7265
v  20.8693 104.1222 57.5251
v  20.7030 103.6262 54.1473
v  11.6447 100.0818 56.5242
v  20.8359 103.9592 57.7248
v  22.6888 102.7461 54.0517
v  10.3497 98.6303 52.1990
v  18.4947 103.8790 57.6486
v  18.5491 103.4879 53.9439
v  12.1446 100.3488 52.5720
v  15.8089 102.8135 57.3759
v  16.1572 102.8646 53.6927
v  13.9979 101.7664 53.1772
v  13.4779 101.5810 56.8520
v  17.0497 88.0120 41.1305
v  10.4853 98.5906 51.8279
v  22.5835 102.5814 53.8785
v  8.1074 95.7988 51.1273
v  13.5393 101.4654 57.0672
v  8.2674 95.7735 50.7181
v  16.1834 101.6820 57.9049
v  19.4438 87.4342 41.5250
v  6.2162 92.8152 50.0330
v  18.4907 102.6374 58.1476
v  6.4193 92.8207 49.5892
v  18.4899 102.4048 58.2410
v  4.5622 90.2009 49.0379
v  20.5296 102.5532 58.3233
v  4.7799 90.2148 48.5586
v  20.5780 102.7750 58.2289
v  16.2536 101.4701 58.0040
v  6.6388 92.7641 49.2847
v  5.0144 92.2028 54.3346
v  8.4505 95.6896 50.4407
v  3.2186 89.5122 53.6918
v  6.5629 89.9263 46.7954
v  4.9644 92.0519 54.8342
v  5.0109 90.1643 48.2260
v  10.6431 98.4895 51.5798
v  7.2967 95.4401 55.0631
v  7.8853 89.7194 45.7167
v  7.2944 95.3143 55.5159
v  9.1575 89.5150 44.8070
v  5.1778 92.0111 55.0708
v  3.3969 89.3059 54.4808
v  12.2717 100.2273 52.3447
v  9.7395 98.2093 56.1252
v  7.4198 95.2154 55.7365
v  6.4562 91.5728 55.7297
v  10.6949 89.2487 43.7289
v  9.8305 98.1150 56.3448
v  4.8088 88.8502 55.1639
v  14.1049 101.6259 52.9694
v  8.3333 94.5136 56.3381
v  5.0732 88.7648 55.2918
v  12.4189 88.9327 42.6435
v  11.6931 99.9659 56.7386
v  16.2321 102.6956 53.5030
v  6.6956 91.4908 55.8531
v  12.2325 99.1110 57.3134
v  14.6449 88.5125 41.6028
v  8.5043 94.3821 56.4507
v  14.0796 100.5686 57.6386
v  10.5768 97.3875 56.9429
v  10.7166 97.2512 57.0550
v  12.3335 98.9509 57.4210
v  14.1808 100.4007 57.7457
v  3.1536 89.3490 54.2468
v  16.7877 86.1326 55.1018
v  22.3063 101.5473 58.1791
v  14.9864 86.5373 55.1310
v  18.5891 85.7278 55.0726
v  23.9196 99.7475 57.8797
v  13.0672 86.9686 55.1621
v  20.5082 85.2966 55.0415
v  25.3267 97.8962 57.5650
v  11.3279 87.3594 55.1903
v  22.2475 84.9058 55.0133
v  26.3655 95.7979 57.1935
v  9.9184 87.6761 55.2132
v  23.6570 84.5890 54.9905
v  27.0880 93.5726 56.7896
v  8.6121 87.9696 55.2344
v  24.9633 84.2955 54.9693
v  27.8408 90.0372 56.1373
v  7.0905 88.3115 55.2590
v  26.4850 83.9536 54.9446
v  28.2197 86.6543 55.5041
v  28.5022 83.5003 54.9120
v  24.5907 101.0628 53.8596
v  22.7735 102.8628 54.3410
v  25.0227 101.0026 56.7126
v  26.4988 98.7797 56.3111
v  23.0119 103.1346 57.0853
v  26.0651 99.1083 53.3028
v  24.9744 100.9083 57.0208
v  27.5152 96.6349 55.9056
v  22.9631 103.0579 57.3777
v  27.1168 97.0185 52.6727
v  24.4700 100.9967 53.5579
v  22.9143 102.8860 57.5769
v  28.4075 94.1394 55.4236
v  27.8594 94.6958 51.9152
v  25.9351 99.0841 52.9837
v  29.3415 90.4867 54.7057
v  28.6410 91.1849 50.7945
v  26.9844 97.0143 52.3314
v  29.9963 86.5894 53.9296
v  29.0397 87.6868 49.6630
v  27.7085 94.7206 51.5487
v  28.3518 94.0271 55.8235
v  29.3851 84.6232 48.6355
v  27.4438 96.5318 56.2681
v  28.4730 91.2333 50.3906
v  30.4480 83.3938 53.2504
v  28.8450 87.7817 49.2257
v  26.8106 96.9604 52.1090
v  28.2361 93.9793 56.0464
v  29.1796 84.7322 48.1631
v  27.5151 94.6984 51.3063
v  29.1549 90.3316 55.3841
v  28.2632 91.2378 50.1195
v  24.8688 85.9847 44.6694
v  27.3571 96.4462 56.4847
v  28.6130 87.8265 48.9285
v  26.3407 98.5889 56.8596
v  27.4170 85.2404 46.5769
v  26.1190 85.6222 45.5531
v  26.4390 98.6687 56.6418
v  28.9391 84.7877 47.8381
v  24.8765 100.7760 57.2289
v  25.4867 98.0055 57.4537
v  23.3528 86.4044 43.5306
v  24.0705 99.9098 57.7771
v  25.7720 99.0043 52.7803
v  22.4022 101.7585 58.0842
v  21.6481 86.8589 42.4934
v  24.3243 100.8773 53.3718
v  26.5219 95.9002 57.0817
v  27.2691 93.6367 56.6723
v  28.0481 90.0837 56.0184
v  28.4673 86.6270 55.3728
v  29.7893 86.4809 54.6718
v  29.3037 90.3689 55.1591
v  28.7737 83.4653 54.7753
v  30.2230 83.2781 54.0459
v  29.9922 86.4282 54.4285
v  30.4540 83.2146 53.8043
v  -14.1137 98.5847 38.6188
v  -13.4043 98.7328 39.2046
v  -26.3380 92.4605 39.2047
v  0.0000 100.3216 39.2046
v  -26.9488 92.3394 38.6205
v  13.4043 98.7328 39.2046
v  0.0000 99.7367 41.9486
v  -34.8552 85.6367 39.2047
v  14.1137 98.5847 38.6188
v  -13.2448 98.1259 42.0687
v  -25.7344 92.3238 41.8253
v  -34.8967 85.6683 38.6217
v  26.3380 92.4605 39.2047
v  -39.6287 78.3466 38.6223
v  25.7344 92.3238 41.8253
v  -24.9276 92.1411 45.3276
v  26.9488 92.3394 38.6205
v  -39.8819 78.4916 39.2047
v  -33.4510 85.6435 44.9033
v  -13.0317 97.3148 45.8962
v  34.8552 85.6367 39.2047
v  -42.7476 69.7004 38.6209
v  -24.3788 92.0168 47.7103
v  34.2542 85.6396 41.6437
v  -43.0932 69.7065 39.2055
v  -12.8867 96.7630 48.5002
v  33.4510 85.6435 44.9033
v  -39.5227 78.2919 41.4889
v  0.0000 98.4231 48.1105
v  24.9276 92.1411 45.3276
v  -44.4455 58.9545 38.6580
v  0.0000 98.9550 45.6156
v  32.9046 85.6461 47.1209
v  13.2448 98.1259 42.0687
v  -44.5719 58.8629 39.2153
v  -11.6518 95.4564 55.2690
v  -42.8291 69.4242 41.4107
v  -22.5858 91.3136 54.8752
v  -44.7545 47.6744 38.6809
v  0.0000 96.8377 55.2383
v  -44.8080 47.6631 39.2191
v  -10.7495 93.9598 61.8808
v  13.0317 97.3148 45.8962
v  -44.3615 58.7708 41.4636
v  0.0000 95.2481 61.7622
v  12.8867 96.7630 48.5002
v  -10.1949 92.3304 68.3017
v  24.3788 92.0168 47.7103
v  -44.4084 47.4855 41.6033
v  -20.1931 89.0254 67.8914
v  22.5858 91.3136 54.8752
v  -44.0803 58.6477 44.4683
v  0.0000 93.5055 68.2029
v  11.6518 95.4564 55.2690
v  -42.4763 69.0470 44.3576
v  0.0000 91.5594 74.6218
v  -42.2362 68.7903 46.3626
v  10.1949 92.3304 68.3017
v  -38.7161 77.8435 46.6182
v  -9.7917 90.5154 74.5868
v  10.7495 93.9598 61.8808
v  -43.8890 58.5640 46.5125
v  -9.4128 88.5163 80.8687
v  21.1756 90.3626 61.4473
v  -43.8744 47.2481 44.7897
v  -18.3718 85.4544 80.6224
v  20.1931 89.0254 67.8914
v  -43.5111 47.0866 46.9575
v  -19.2565 87.3797 74.2648
v  19.2565 87.3797 74.2648
v  -42.7329 50.1936 52.0064
v  -26.0453 80.3947 79.6046
v  9.7917 90.5154 74.5868
v  -40.9022 37.6346 45.7820
v  -27.2974 82.0856 73.2507
v  18.3718 85.4544 80.6224
v  -41.1769 37.3960 43.9395
v  -31.7599 73.7754 77.9648
v  9.4128 88.5163 80.8687
v  -37.1767 31.1820 44.0905
v  -30.3591 72.1168 84.2835
v  -41.1590 40.3425 48.8975
v  -33.8560 65.0338 82.4015
v  0.0000 89.4529 81.0937
v  -39.5133 36.5806 50.1712
v  -35.3866 66.4956 76.1469
v  -36.6812 31.1192 45.9919
v  -35.6541 57.7950 80.1575
v  -8.9909 86.2500 87.3762
v  -32.1259 63.3973 89.0263
v  -17.5599 83.3177 87.0450
v  -35.3073 31.0290 51.1467
v  -28.8424 70.2615 90.8861
v  0.0000 87.1417 87.6981
v  -24.9163 78.4790 85.9241
v  -30.0290 61.6754 95.7777
v  8.9909 86.2500 87.3762
v  -27.0438 68.2347 97.6235
v  -8.5081 83.7328 94.2680
v  -23.6852 76.3101 92.4431
v  17.5599 83.3177 87.0450
v  -16.7272 80.9291 93.6413
v  -27.4318 59.9983 102.5173
v  16.7272 80.9291 93.6413
v  -28.6499 53.3131 100.5616
v  -24.7131 66.1542 104.2154
v  -15.9172 78.3021 100.1688
v  -22.3206 73.9445 99.0565
v  24.9163 78.4790 85.9241
v  -20.6990 71.2399 105.3739
v  23.6852 76.3101 92.4431
v  26.0453 80.3947 79.6046
v  -21.7543 63.8732 110.3000
v  22.3206 73.9445 99.0565
v  -24.1645 58.5495 108.9248
v  15.9172 78.3021 100.1688
v  30.3591 72.1168 84.2835
v  8.5081 83.7328 94.2680
v  28.8424 70.2615 90.8861
v  -22.9288 57.7927 110.2852
v  8.1576 81.0964 100.9533
v  27.0438 68.2347 97.6235
v  -20.5039 62.9647 111.7580
v  7.9190 78.0918 107.2284
v  24.7131 66.1542 104.2154
v  -18.6322 67.8535 111.3232
v  0.0000 78.9550 107.4105
v  20.6990 71.2399 105.3739
v  -17.4657 66.4511 112.7173
v  0.0000 82.0214 101.0199
v  15.2914 75.2893 106.3828
v  -21.0220 56.8750 111.3371
v  -8.1576 81.0964 100.9533
v  7.7742 74.5360 113.2066
v  -22.0457 51.7256 109.7480
v  0.0000 75.1438 113.5028
v  -24.0334 52.1720 108.6258
v  -7.9190 78.0918 107.2284
v  -21.5275 44.7260 107.6187
v  0.0000 84.6266 94.4339
v  -23.4723 44.5318 106.3729
v  -15.2914 75.2893 106.3828
v  -25.3237 52.6164 107.2348
v  -7.7742 74.5360 113.2066
v  -24.7235 44.5693 104.9717
v  -7.3871 72.8432 114.6287
v  -14.7758 71.2893 112.3463
v  -28.4519 46.1656 98.3176
v  -31.4318 54.6934 93.6908
v  -23.7029 39.2010 103.5015
v  -13.9643 69.5116 113.6450
v  -31.4161 47.6575 91.3375
v  -22.5466 39.2930 104.9198
v  -27.1111 39.9544 96.4241
v  -20.6828 34.7925 103.4216
v  -6.7820 70.6277 115.4297
v  -21.7414 34.5670 101.9867
v  -19.0365 35.5329 104.7926
v  0.0000 73.2739 114.9987
v  -24.3124 34.3292 94.4057
v  -16.4482 29.7401 100.2906
v  -20.7489 39.7562 106.2322
v  -30.0725 41.0990 88.9616
v  -15.6751 30.0686 101.7684
v  -18.9577 29.7320 92.5485
v  -14.4721 31.0883 103.0896
v  -10.2972 27.0177 90.9801
v  -27.2305 35.0230 86.2687
v  -7.5364 27.0195 100.6214
v  -7.9420 26.4416 99.1295
v  -6.9045 28.3904 102.1640
v  -22.4199 30.3833 83.5609
v  0.0000 26.5414 90.2857
v  -32.8654 42.4448 81.4053
v  0.0000 26.2770 100.2814
v  0.0000 26.8528 86.1213
v  -33.9530 49.1234 84.1703
v  0.0000 25.6350 98.7777
v  0.0000 27.7469 101.8497
v  -30.1715 36.1241 78.3949
v  -14.5212 27.7166 82.0171
v  -33.7408 56.2411 86.7780
v  -25.1747 31.3365 77.5839
v  -13.6376 27.0592 81.2628
v  -35.5103 44.0925 73.7505
v  0.0000 26.3803 85.0650
v  -36.1248 50.7205 77.2800
v  -13.0219 26.9302 80.4326
v  0.0000 26.4313 83.9595
v  -37.3344 59.1619 73.9476
v  -20.7734 28.1471 75.7823
v  -38.0636 52.2418 71.2338
v  -21.2513 28.3721 76.5891
v  -37.8896 46.1177 67.5813
v  -28.1461 31.6308 67.1750
v  -33.6997 37.6862 68.8659
v  -38.8232 60.0842 68.2088
v  -29.3992 31.9549 67.5100
v  -39.5910 53.2710 66.2315
v  -32.6197 36.3072 59.2881
v  -32.0526 34.6539 68.3726
v  -36.8393 67.6094 70.1054
v  -37.4099 40.3641 60.9126
v  -34.4506 36.6252 59.6925
v  -40.2126 60.3035 62.7001
v  -36.5719 38.6233 60.6177
v  -30.4527 32.7651 67.8984
v  -39.3857 48.2926 64.5289
v  -35.5457 37.3613 60.1755
v  -40.7277 52.7371 61.2065
v  -39.1884 40.8622 55.1181
v  -38.3801 40.5172 54.7791
v  -39.7670 42.9564 57.1556
v  -39.5266 41.7518 56.1761
v  -34.8707 39.9893 54.8252
v  -38.4981 40.5497 54.1627
v  -41.5509 60.1080 57.4700
v  -41.8627 52.0548 56.5523
v  -35.5287 40.3068 54.3179
v  -40.9920 43.9798 53.9938
v  -39.5393 40.9026 53.9899
v  -40.2144 41.8146 54.0063
v  -38.0105 39.8288 54.2633
v  -35.5857 39.9597 54.4661
v  -39.1183 39.7644 53.9599
v  -42.8191 59.4158 52.1982
v  -40.5680 40.9204 51.3177
v  -39.6522 40.0502 53.4262
v  -41.0059 68.6919 52.6153
v  -35.9502 36.1816 57.1459
v  -39.6915 68.6509 58.5117
v  -37.1829 36.2665 55.7943
v  -38.3905 36.5437 53.5275
v  -33.8497 36.1692 57.8134
v  -38.2861 68.3050 64.2581
v  -34.4561 31.5791 55.3043
v  -36.1183 77.0157 59.3782
v  -30.8928 36.4531 58.0558
v  -37.4120 77.4117 53.1298
v  -34.7924 76.2106 65.3619
v  -32.4032 33.6020 61.7513
v  -29.8583 84.5370 60.6088
v  -32.8505 33.2486 61.0870
v  -31.5769 33.9684 62.2332
v  -31.2152 85.2447 54.0957
v  -29.3516 26.0016 52.9988
v  -29.3626 30.7991 65.1599
v  -28.7749 27.1779 58.3676
v  -28.9244 31.1416 65.8658
v  -33.9637 32.6517 58.3624
v  -28.1541 31.4971 66.3927
v  -32.9046 85.6461 47.1209
v  -29.0074 29.1819 62.6943
v  -20.9308 27.4285 73.6970
v  -21.4386 27.0367 72.9016
v  -21.2045 23.1701 62.2365
v  -21.8583 25.9064 69.3314
v  -21.4616 21.4097 55.5368
v  -10.9720 20.7778 65.1529
v  -11.0452 18.6607 57.8802
v  -39.0427 78.0250 44.5414
v  -9.7724 23.8965 74.1604
v  -34.2542 85.6396 41.6437
v  0.0000 20.2123 66.0995
v  0.0000 23.5373 75.8719
v  0.0000 18.0337 58.1790
v  -9.4990 25.5590 78.6366
v  0.0000 25.1558 80.6233
v  -9.5075 26.1287 79.0667
v  0.0000 25.7600 81.0334
v  -20.1898 27.9648 74.2863
v  -9.4077 26.9124 79.2126
v  0.0000 26.5586 81.1346
v  -23.6282 19.7435 39.2047
v  -32.9264 25.5636 39.2047
v  -23.8420 19.9384 38.6201
v  -10.9018 15.1778 38.6183
v  -33.0538 25.6788 38.6214
v  -10.6482 15.1209 39.2077
v  -38.4502 31.3435 39.2047
v  -32.2334 25.5498 41.5651
v  -38.3535 31.5414 38.6221
v  -23.1976 19.9302 42.0736
v  -37.9051 31.2744 41.2959
v  0.0000 14.3860 39.2046
v  -31.3072 25.5315 44.7195
v  -10.6794 15.7252 42.8235
v  0.0000 14.9681 42.6034
v  -41.5808 37.0454 41.2312
v  -41.8830 36.7830 39.2048
v  0.0000 15.7462 47.1457
v  -10.7211 16.5328 47.6557
v  -30.6771 25.5190 46.8656
v  0.0000 16.2755 50.2360
v  -22.6221 20.1797 45.9077
v  -10.7495 17.0823 50.9433
v  -22.2306 20.3494 48.5162
v  -41.7630 37.0434 38.6218
v  -12.9042 67.4921 114.5146
v  -16.0345 64.7440 113.6754
v  -18.8038 61.6398 112.7626
v  0.0000 70.8568 115.7471
v  6.7820 70.6277 115.4297
v  7.3871 72.8432 114.6287
v  13.9643 69.5116 113.6450
v  14.7758 71.2893 112.3463
v  12.9042 67.4921 114.5146
v  17.4657 66.4511 112.7173
v  18.6322 67.8535 111.3232
v  16.0345 64.7440 113.6754
v  20.5039 62.9647 111.7580
v  18.8038 61.6398 112.7626
v  21.7543 63.8732 110.3000
v  21.0220 56.8750 111.3371
v  22.9288 57.7927 110.2852
v  24.1645 58.5495 108.9248
v  22.0457 51.7256 109.7480
v  27.4318 59.9983 102.5173
v  24.0334 52.1720 108.6258
v  21.5275 44.7260 107.8537
v  25.3237 52.6164 107.2348
v  30.0290 61.6754 95.7777
v  23.4723 44.5318 106.3729
v  28.6499 53.3131 100.5616
v  20.7489 39.7562 106.2322
v  32.1259 63.3973 89.0263
v  24.7235 44.5693 104.9717
v  22.5466 39.2930 104.9198
v  28.4519 46.1656 98.3176
v  19.0365 35.5329 104.7926
v  33.8560 65.0338 82.4015
v  31.4318 54.6934 93.6908
v  20.6828 34.7925 103.4216
v  31.7599 73.7754 77.9648
v  23.7029 39.2010 103.5015
v  33.7408 56.2411 86.7780
v  21.7414 34.5670 101.9867
v  31.4161 47.6575 91.3375
v  35.3866 66.4956 76.1469
v  16.4482 29.7401 100.2906
v  27.1111 39.9544 96.4241
v  35.6541 57.7950 80.1575
v  24.3124 34.3292 94.4057
v  33.9530 49.1234 84.1703
v  37.3344 59.1619 73.9476
v  30.0725 41.0990 88.9616
v  18.9577 29.7320 92.5485
v  36.1248 50.7205 77.2800
v  27.2305 35.0230 86.2687
v  10.2972 27.0177 90.9801
v  32.8654 42.4448 81.4053
v  38.0636 52.2418 71.2338
v  7.9420 26.4416 99.1295
v  22.4199 30.3833 83.5609
v  38.8232 60.0842 68.2088
v  25.1747 31.3365 77.5839
v  36.8393 67.6094 70.1054
v  30.1715 36.1241 78.3949
v  14.5212 27.7166 82.0171
v  35.5103 44.0925 73.7505
v  33.2274 75.1772 71.6917
v  34.7924 76.2106 65.3619
v  13.6376 27.0592 81.2628
v  33.6997 37.6862 68.8659
v  27.2974 82.0856 73.2507
v  21.2513 28.3721 76.5891
v  37.8896 46.1177 67.5813
v  28.6101 83.4805 66.8934
v  22.2664 29.2519 77.3640
v  37.4099 40.3641 60.9126
v  29.8583 84.5370 60.6088
v  29.3992 31.9549 67.5100
v  39.3857 48.2926 64.5289
v  28.1461 31.6308 67.1750
v  20.7734 28.1471 75.7823
v  32.6197 36.3072 59.2881
v  39.5910 53.2710 66.2315
v  13.0219 26.9302 80.4326
v  40.7277 52.7371 61.2065
v  40.2126 60.3035 62.7001
v  39.7670 42.9564 57.1556
v  38.2861 68.3050 64.2581
v  41.5509 60.1080 57.4700
v  39.6915 68.6509 58.5117
v  39.5266 41.7518 56.1761
v  41.8627 52.0548 56.5523
v  36.1183 77.0157 59.3782
v  36.5719 38.6233 60.6177
v  42.8191 59.4158 52.1982
v  39.1884 40.8622 55.1181
v  41.0059 68.6919 52.6153
v  31.2152 85.2447 54.0957
v  42.2362 68.7903 46.3626
v  37.4120 77.4117 53.1298
v  43.8890 58.5640 46.5125
v  42.7329 50.1936 52.0064
v  44.0803 58.6477 44.4683
v  40.9920 43.9798 53.9938
v  43.8744 47.2481 44.7897
v  42.4763 69.0470 44.3576
v  40.2144 41.8146 54.0063
v  38.7161 77.8435 46.6182
v  39.0427 78.0250 44.5414
v  40.5680 40.9204 51.3177
v  39.6522 40.0502 53.4262
v  39.5393 40.9026 53.9899
v  38.3905 36.5437 53.5275
v  38.4981 40.5497 54.1627
v  37.1829 36.2665 55.7943
v  38.3801 40.5172 54.7791
v  39.1183 39.7644 53.9599
v  39.5227 78.2919 41.4889
v  35.5457 37.3613 60.1755
v  42.8291 69.4242 41.4107
v  34.4506 36.6252 59.6925
v  35.9502 36.1816 57.1459
v  34.8707 39.9893 54.8252
v  33.9637 32.6517 58.3624
v  38.0105 39.8288 54.2633
v  39.8819 78.4916 39.2047
v  33.8497 36.1692 57.8134
v  39.6287 78.3466 38.6223
v  35.5287 40.3068 54.3179
v  32.8505 33.2486 61.0870
v  34.8967 85.6683 38.6217
v  29.0074 29.1819 62.6943
v  32.4032 33.6020 61.7513
v  28.7749 27.1779 58.3676
v  35.5857 39.9597 54.4661
v  29.3626 30.7991 65.1599
v  34.4561 31.5791 55.3043
v  28.9244 31.1416 65.8658
v  30.8928 36.4531 58.0558
v  21.4386 27.0367 72.9016
v  21.2045 23.1701 62.2365
v  20.9308 27.4285 73.6970
v  21.8583 25.9064 69.3314
v  31.5769 33.9684 62.2332
v  9.4990 25.5590 78.6366
v  10.9720 20.7778 65.1529
v  28.1541 31.4971 66.3927
v  9.7724 23.8965 74.1604
v  9.5075 26.1287 79.0667
v  21.4616 21.4097 55.5368
v  11.0452 18.6607 57.8802
v  29.3516 26.0016 52.9988
v  35.3073 31.0290 51.1467
v  9.4077 26.9124 79.2126
v  20.1898 27.9648 74.2863
v  39.5133 36.5806 50.1712
v  41.1590 40.3425 48.8975
v  40.9022 37.6346 45.7820
v  43.5111 47.0866 46.9575
v  36.6812 31.1192 45.9919
v  41.1769 37.3960 43.9395
v  37.1767 31.1820 44.0905
v  30.6771 25.5190 46.8656
v  44.4084 47.4855 41.6033
v  31.3072 25.5315 44.7195
v  22.2306 20.3494 48.5162
v  41.5808 37.0454 41.2312
v  37.9051 31.2744 41.2959
v  22.6221 20.1797 45.9077
v  41.8830 36.7830 39.2048
v  32.2334 25.5498 41.5651
v  10.7211 16.5328 47.6557
v  44.8080 47.6631 39.2191
v  23.1976 19.9302 42.0736
v  32.9264 25.5636 39.2047
v  41.7630 37.0434 38.6218
v  10.6794 15.7252 42.8235
v  44.7545 47.6744 38.6809
v  38.3535 31.5414 38.6221
v  23.6282 19.7435 39.2047
v  44.5719 58.8629 39.2153
v  38.4502 31.3435 39.2047
v  23.8420 19.9384 38.6201
v  44.4455 58.9545 38.6580
v  33.0538 25.6788 38.6214
v  43.0932 69.7065 39.2055
v  10.9018 15.1778 38.6183
v  44.3615 58.7708 41.4636
v  10.6482 15.1209 39.2077
v  42.7476 69.7004 38.6209
v  10.7495 17.0823 50.9433
v  0.0000 66.2147 114.8540
v  -6.7954 66.0647 114.7360
v  6.7954 66.0647 114.7360
v  0.0000 61.3658 113.9082
v  -10.2899 65.2229 114.6226
v  10.2899 65.2229 114.6226
v  -6.8087 61.4934 113.8375
v  -13.1775 62.5302 113.5809
v  6.8087 61.4934 113.8375
v  13.1775 62.5302 113.5809
v  -13.4034 56.3425 112.2317
v  13.4034 56.3425 112.2317
v  -15.5827 59.7108 112.5142
v  15.5827 59.7108 112.5142
v  6.8249 55.8681 112.7889
v  -6.8249 55.8681 112.7889
v  13.6359 50.8464 110.6719
v  16.8877 56.5833 111.8397
v  -13.6359 50.8464 110.6719
v  6.8415 50.1295 111.1530
v  -16.8877 56.5833 111.8397
v  13.9295 44.1992 108.5135
v  17.4330 51.2408 110.3893
v  0.0000 55.3678 112.6911
v  18.1349 45.0320 108.2892
v  6.8616 43.4538 108.9222
v  -6.8415 50.1295 111.1530
v  0.0000 43.6039 109.2815
v  6.8714 37.4774 106.7273
v  -13.9295 44.1992 108.6783
v  0.0000 49.9196 111.3310
v  -18.1349 45.0320 108.3594
v  15.0303 37.1568 105.9612
v  -17.4330 51.2408 110.3893
v  0.0000 37.0821 106.6750
v  -6.8616 43.4538 108.9222
v  12.3742 34.5826 104.9388
v  -6.8714 37.4774 106.7273
v  17.1709 40.6777 106.8326
v  -17.1709 40.6777 106.8326
v  -15.0303 37.1568 105.9612
v  -12.3742 34.5826 104.9388
v  -6.8800 32.4256 104.2172
v  0.0000 31.7347 103.9866
v  6.8800 32.4256 104.2172
v  6.9045 28.3904 102.1640
v  14.4721 31.0883 103.0896
v  -22.2664 29.2519 77.3640
v  -33.2274 75.1772 71.6917
v  -28.6101 83.4805 66.8934
v  -21.1756 90.3626 61.4473
v  0.0000 35.8312 59.4437
v  0.0000 40.4171 54.4063
v  0.0000 31.3869 67.4949
v  0.0000 40.3603 54.3008
v  0.0000 28.1471 75.7794
v  0.0000 40.3000 54.1890
v  0.0000 26.9302 80.4308
v  0.0000 35.8313 58.5026
v  0.0000 33.3445 62.7141
v  0.0000 30.9331 66.7979
v  0.0000 27.5527 74.6942
v  0.0000 26.1101 80.2132
v  7.5364 27.0195 100.6214
v  15.6751 30.0686 101.7684
v  30.4527 32.7651 67.8984
v  32.0526 34.6539 68.3726
v  7.0129 93.3364 68.0886
v  6.9469 93.2713 68.4837
v  7.1024 93.4281 68.3567
v  7.4968 93.4952 68.1191
v  7.2346 93.3223 68.6723
v  7.3351 93.3549 67.6188
v  7.6404 93.3707 68.5258
v  6.9736 93.2098 68.7529
v  7.9856 93.5179 67.8307
v  7.7214 93.1855 68.9290
v  7.1314 93.1260 68.9783
v  8.1571 93.3944 68.3467
v  7.7744 93.3292 67.2144
v  7.3243 93.1926 68.9723
v  8.2641 93.1801 68.8304
v  8.6106 93.4709 67.5414
v  7.3654 93.0379 69.1329
v  8.9110 93.1485 68.6743
v  8.3678 93.2484 66.8690
v  7.7943 92.9120 69.2314
v  8.7881 93.3772 68.1213
v  9.3279 93.3502 67.3123
v  8.3254 92.7811 69.2112
v  9.1108 93.0949 66.6529
v  9.4674 93.2879 67.8995
v  9.5631 93.0688 68.4677
v  8.9386 92.6510 69.0574
v  9.8567 92.9118 66.5337
v  9.5303 92.5389 68.8146
v  10.0456 93.2042 67.1617
v  10.2002 92.9453 68.2887
v  10.6655 92.6894 66.4705
v  10.1486 93.1779 67.7384
v  10.1217 92.4152 68.6009
v  10.8076 93.0013 67.0536
v  10.8543 92.7811 68.1347
v  11.4770 92.4358 66.5037
v  10.8558 92.9983 67.6068
v  10.7283 92.2765 68.4097
v  11.5850 92.7667 67.0345
v  11.5420 92.5858 68.0495
v  12.3818 92.1285 66.5978
v  11.5893 92.7864 67.5532
v  11.3816 92.1047 68.2802
v  12.4613 92.4531 67.0681
v  12.3487 92.3141 68.0023
v  13.2881 91.7891 66.7800
v  12.4259 92.4751 67.5411
v  12.1710 91.8738 68.1916
v  13.3535 92.1016 67.1967
v  13.2875 92.1228 67.6265
v  14.2332 91.3841 67.1491
v  13.0084 91.5949 68.2089
v  13.1900 91.9990 68.0558
v  14.2969 91.6757 67.4695
v  13.9365 91.2622 68.2751
v  15.1840 90.9319 67.6670
v  14.2080 91.6926 67.8219
v  14.0924 91.5636 68.1597
v  15.2168 91.1396 67.8494
v  14.8637 90.9035 68.3986
v  15.1166 91.1938 68.1110
v  15.9028 90.5539 68.1877
v  14.9937 91.0869 68.3277
v  15.9374 90.6336 68.2441
v  15.7437 90.5415 68.5541
v  15.8713 90.6850 68.4098
v  16.1082 90.4978 68.3341
v  15.8052 90.6235 68.5199
v  16.0600 90.5563 68.4812
v  16.2613 90.3621 68.4472
v  15.9948 90.4928 68.5805
v  16.2516 90.4356 68.5542
v  16.1821 90.3564 68.6306
v  16.6220 90.1682 68.7061
v  7.1213 91.5514 74.1454
v  7.1166 91.7207 74.1690
v  7.8775 91.8041 72.5274
v  6.7631 91.2798 75.9760
v  7.8822 91.9766 72.5309
v  6.7721 91.1159 75.9301
v  8.9666 91.8493 71.2347
v  7.9718 92.0962 72.6172
v  6.8641 90.5404 77.7068
v  8.9850 92.0224 71.2221
v  7.2157 91.8435 74.2351
v  6.8562 90.6971 77.7749
v  10.2821 91.6827 70.3937
v  9.0610 92.1415 71.3244
v  7.3882 89.8811 79.3018
v  6.8665 91.4081 76.0198
v  7.3869 90.0296 79.3898
v  8.2693 92.1634 72.9059
v  10.3169 91.8537 70.3705
v  8.2933 89.2025 80.5588
v  7.5642 91.9277 74.4147
v  10.3765 91.9748 70.4834
v  8.3032 89.3426 80.6624
v  7.2385 91.5216 76.0789
v  9.2850 92.2056 71.7004
v  8.3877 89.4947 80.6486
v  8.9108 92.0620 73.5303
v  10.5117 92.0501 70.9161
v  9.5850 88.8634 81.4446
v  8.3304 91.8680 74.7721
v  11.8295 91.7124 70.6299
v  9.5155 88.7034 81.4683
v  8.0624 91.5338 76.1419
v  10.7564 91.9688 71.8926
v  9.4906 88.5712 81.3548
v  8.1330 91.0921 77.5056
v  9.7468 92.0967 72.5381
v  10.8629 88.0489 81.6119
v  9.2543 91.0758 77.1176
v  10.9050 88.1745 81.7286
v  7.3243 90.9849 77.7358
v  12.3357 87.8078 81.4178
v  10.3632 91.7661 73.7043
v  12.2761 87.6866 81.3049
v  6.9585 90.8325 77.7966
v  9.7888 91.7422 74.3861
v  13.6676 87.6391 80.5662
v  13.5916 87.5200 80.4638
v  9.3900 91.6089 75.2394
v  14.7703 87.6848 79.2573
v  7.4826 90.1732 79.3916
v  14.6807 87.5652 79.1711
v  9.2058 91.3793 76.1806
v  15.5359 87.9408 77.6192
v  15.4369 87.8179 77.5532
v  14.7751 87.8574 79.2608
v  8.6571 89.7374 80.3953
v  10.5784 90.9376 76.6099
v  15.8895 88.3816 75.8123
v  9.7736 89.1487 81.1376
v  10.7019 90.7822 76.9857
v  15.7861 88.2534 75.7684
v  9.5308 90.7281 77.9588
v  15.6941 88.8289 73.9916
v  11.0533 88.6616 81.3773
v  15.7963 88.9643 74.0134
v  10.9573 88.3410 81.7016
v  8.5353 90.5861 78.7298
v  15.1700 89.4882 72.3967
v  15.2657 89.6318 72.3985
v  7.8131 90.3701 79.2231
v  14.2649 90.1668 71.1397
v  14.3493 90.3189 71.1258
v  12.3704 87.9788 81.3946
v  13.0676 90.7981 70.3437
v  13.1371 90.9581 70.3199
v  13.6860 87.8121 80.5536
v  9.2300 90.0653 79.6945
v  11.6953 91.3204 70.0866
v  12.3711 88.3238 81.0910
v  10.1489 89.5807 80.3055
v  11.7476 91.4869 70.0597
v  13.5978 88.1684 80.3067
v  11.2022 89.1798 80.5027
v  11.7896 91.6126 70.1764
v  12.2868 88.9018 80.2671
v  14.6135 88.2106 79.1012
v  13.2965 88.7739 79.6216
v  11.3633 89.7618 79.1771
v  15.5313 88.1101 77.6429
v  13.1620 91.0902 70.4335
v  13.1092 91.2253 70.8696
v  10.6395 90.0373 79.0415
v  15.8805 88.5455 75.8582
v  11.5207 90.3505 77.5300
v  14.3593 90.4589 71.2295
v  15.3186 88.4463 77.5925
v  12.1085 89.5707 79.0151
v  15.7885 89.1211 74.0814
v  11.8537 90.2651 77.4577
v  15.2643 89.7804 72.4864
v  15.5585 89.3890 74.2713
v  12.8023 89.4828 78.5716
v  15.6442 88.8523 75.9282
v  15.0697 90.0038 72.7840
v  14.1324 88.8086 78.6294
v  14.2257 90.6365 71.6118
v  14.9102 89.7785 74.6541
v  14.7128 89.0026 77.3876
v  14.5079 90.2846 73.4300
v  14.9808 89.3368 76.0178
v  12.8943 91.2899 71.8543
v  13.7755 89.6400 77.0366
v  11.8410 91.6908 71.6570
v  13.9111 90.1732 75.1583
v  13.3767 89.5067 77.8898
v  13.6347 90.5209 74.3171
v  13.9596 89.8696 76.0953
v  13.1574 90.8787 73.6542
v  12.5984 90.2961 76.5737
v  11.8022 91.4872 73.0989
v  13.8133 90.8053 72.4652
v  12.6590 90.5343 75.7345
v  11.0569 91.6782 73.2608
v  12.5355 90.6896 75.3587
v  12.3223 90.8495 75.0625
v  12.5260 91.2117 73.2345
v  11.6280 90.7645 76.1810
v  11.7168 91.1214 74.8144
v  12.6807 90.3987 76.1532
v  12.0402 90.9983 74.8749
v  11.3838 91.2067 74.8867
v  11.0739 91.2460 75.0849
v  12.4203 90.2365 76.9549
v  10.8172 91.2353 75.3895
v  10.6390 91.1758 75.7707
v  12.1636 90.2259 77.2595
v  10.5568 91.0732 76.1912
v  11.1973 90.4736 77.4694
v  10.9152 90.6223 77.2819
v  10.0081 90.3702 78.6217
v  -7.0129 93.3364 68.0886
v  -7.1024 93.4281 68.3567
v  -6.9469 93.2713 68.4837
v  -7.4968 93.4952 68.1191
v  -7.2346 93.3223 68.6723
v  -7.3351 93.3549 67.6188
v  -7.6404 93.3707 68.5258
v  -6.9736 93.2098 68.7529
v  -7.9856 93.5179 67.8307
v  -7.7214 93.1855 68.9290
v  -7.1314 93.1260 68.9783
v  -7.7744 93.3292 67.2144
v  -8.1571 93.3944 68.3467
v  -8.2641 93.1801 68.8304
v  -7.3243 93.1926 68.9723
v  -8.6106 93.4709 67.5414
v  -8.3678 93.2484 66.8690
v  -8.9110 93.1485 68.6743
v  -8.7881 93.3772 68.1213
v  -7.3654 93.0379 69.1329
v  -9.3279 93.3502 67.3123
v  -7.7943 92.9120 69.2314
v  -9.1108 93.0949 66.6529
v  -9.5631 93.0688 68.4677
v  -9.4674 93.2879 67.8995
v  -8.3254 92.7811 69.2112
v  -9.8567 92.9118 66.5337
v  -9.5303 92.5389 68.8146
v  -8.9386 92.6510 69.0574
v  -10.2002 92.9453 68.2887
v  -10.0456 93.2042 67.1617
v  -10.1217 92.4152 68.6009
v  -10.1486 93.1779 67.7384
v  -10.6655 92.6894 66.4705
v  -10.7283 92.2765 68.4097
v  -10.8076 93.0013 67.0536
v  -10.8543 92.7811 68.1347
v  -10.8558 92.9983 67.6068
v  -11.4770 92.4358 66.5037
v  -11.3816 92.1047 68.2802
v  -11.5420 92.5858 68.0495
v  -11.5850 92.7667 67.0345
v  -11.5893 92.7864 67.5532
v  -12.1710 91.8738 68.1916
v  -12.3818 92.1285 66.5978
v  -12.3487 92.3141 68.0023
v  -12.4613 92.4531 67.0681
v  -12.4259 92.4751 67.5411
v  -13.0084 91.5949 68.2089
v  -13.2881 91.7891 66.7800
v  -13.2875 92.1228 67.6265
v  -13.1900 91.9990 68.0558
v  -13.3535 92.1016 67.1967
v  -13.9365 91.2622 68.2751
v  -14.2332 91.3841 67.1491
v  -14.2080 91.6926 67.8219
v  -14.0924 91.5636 68.1597
v  -14.2969 91.6757 67.4695
v  -14.8637 90.9035 68.3986
v  -15.1840 90.9319 67.6670
v  -15.1166 91.1938 68.1110
v  -14.9937 91.0869 68.3277
v  -15.2168 91.1396 67.8494
v  -15.7437 90.5415 68.5541
v  -15.9028 90.5539 68.1877
v  -15.8713 90.6850 68.4098
v  -15.8052 90.6235 68.5199
v  -15.9374 90.6336 68.2441
v  -15.9948 90.4928 68.5805
v  -16.1082 90.4978 68.3341
v  -16.0600 90.5563 68.4812
v  -16.1821 90.3564 68.6306
v  -16.2613 90.3621 68.4472
v  -16.2516 90.4356 68.5542
v  -16.6220 90.1682 68.7061
v  -7.1213 91.5514 74.1454
v  -7.8775 91.8041 72.5274
v  -7.1166 91.7207 74.1690
v  -6.7631 91.2798 75.9760
v  -7.8822 91.9766 72.5309
v  -6.7721 91.1159 75.9301
v  -7.9718 92.0962 72.6172
v  -8.9666 91.8493 71.2347
v  -6.8641 90.5404 77.7068
v  -7.2157 91.8435 74.2351
v  -8.9850 92.0224 71.2221
v  -6.8562 90.6971 77.7749
v  -9.0610 92.1415 71.3244
v  -6.8665 91.4081 76.0198
v  -7.3882 89.8811 79.3018
v  -6.9585 90.8325 77.7966
v  -10.2821 91.6827 70.3937
v  -10.3765 91.9748 70.4834
v  -7.3869 90.0296 79.3898
v  -7.3243 90.9849 77.7358
v  -10.3169 91.8537 70.3705
v  -7.4826 90.1732 79.3916
v  -7.8131 90.3701 79.2231
v  -11.6953 91.3204 70.0866
v  -8.2933 89.2025 80.5588
v  -7.2385 91.5216 76.0789
v  -11.7476 91.4869 70.0597
v  -8.3877 89.4947 80.6486
v  -8.5353 90.5861 78.7298
v  -11.7896 91.6126 70.1764
v  -8.3032 89.3426 80.6624
v  -8.1330 91.0921 77.5056
v  -9.4906 88.5712 81.3548
v  -9.2300 90.0653 79.6945
v  -8.0624 91.5338 76.1419
v  -11.8295 91.7124 70.6299
v  -8.6571 89.7374 80.3953
v  -9.5308 90.7281 77.9588
v  -13.1620 91.0902 70.4335
v  -10.0081 90.3702 78.6217
v  -13.1371 90.9581 70.3199
v  -10.6395 90.0373 79.0415
v  -9.7736 89.1487 81.1376
v  -10.1489 89.5807 80.3055
v  -9.5850 88.8634 81.4446
v  -13.0676 90.7981 70.3437
v  -11.2022 89.1798 80.5027
v  -14.3493 90.3189 71.1258
v  -9.5155 88.7034 81.4683
v  -11.0533 88.6616 81.3773
v  -14.2649 90.1668 71.1397
v  -15.2657 89.6318 72.3985
v  -10.8629 88.0489 81.6119
v  -10.9573 88.3410 81.7016
v  -15.1700 89.4882 72.3967
v  -15.7963 88.9643 74.0134
v  -12.3704 87.9788 81.3946
v  -14.3593 90.4589 71.2295
v  -15.6941 88.8289 73.9916
v  -12.3711 88.3238 81.0910
v  -15.8895 88.3816 75.8123
v  -13.1092 91.2253 70.8696
v  -12.3357 87.8078 81.4178
v  -15.7861 88.2534 75.7684
v  -13.6676 87.6391 80.5662
v  -15.4369 87.8179 77.5532
v  -11.8410 91.6908 71.6570
v  -12.2761 87.6866 81.3049
v  -13.6860 87.8121 80.5536
v  -15.5359 87.9408 77.6192
v  -10.5117 92.0501 70.9161
v  -13.5916 87.5200 80.4638
v  -15.5313 88.1101 77.6429
v  -14.7703 87.6848 79.2573
v  -15.8805 88.5455 75.8582
v  -14.6807 87.5652 79.1711
v  -15.7885 89.1211 74.0814
v  -9.2850 92.2056 71.7004
v  -14.7751 87.8574 79.2608
v  -15.2643 89.7804 72.4864
v  -8.2693 92.1634 72.9059
v  -9.7468 92.0967 72.5381
v  -14.6135 88.2106 79.1012
v  -10.7564 91.9688 71.8926
v  -13.5978 88.1684 80.3067
v  -14.2257 90.6365 71.6118
v  -12.8943 91.2899 71.8543
v  -13.2965 88.7739 79.6216
v  -12.2868 88.9018 80.2671
v  -11.8022 91.4872 73.0989
v  -14.1324 88.8086 78.6294
v  -11.0569 91.6782 73.2608
v  -13.8133 90.8053 72.4652
v  -15.3186 88.4463 77.5925
v  -12.5260 91.2117 73.2345
v  -14.7128 89.0026 77.3876
v  -10.3632 91.7661 73.7043
v  -11.7168 91.1214 74.8144
v  -8.9108 92.0620 73.5303
v  -11.3838 91.2067 74.8867
v  -9.7888 91.7422 74.3861
v  -11.0739 91.2460 75.0849
v  -15.6442 88.8523 75.9282
v  -7.5642 91.9277 74.4147
v  -15.5585 89.3890 74.2713
v  -8.3304 91.8680 74.7721
v  -14.9102 89.7785 74.6541
v  -15.0697 90.0038 72.7840
v  -14.9808 89.3368 76.0178
v  -14.5079 90.2846 73.4300
v  -13.6347 90.5209 74.3171
v  -13.1574 90.8787 73.6542
v  -13.9111 90.1732 75.1583
v  -13.7755 89.6400 77.0366
v  -12.3223 90.8495 75.0625
v  -13.9596 89.8696 76.0953
v  -12.0402 90.9983 74.8749
v  -12.5355 90.6896 75.3587
v  -13.3767 89.5067 77.8898
v  -12.6590 90.5343 75.7345
v  -12.5984 90.2961 76.5737
v  -11.6280 90.7645 76.1810
v  -12.4203 90.2365 76.9549
v  -12.6807 90.3987 76.1532
v  -12.8023 89.4828 78.5716
v  -12.1636 90.2259 77.2595
v  -12.1085 89.5707 79.0151
v  -11.8537 90.2651 77.4577
v  -10.8172 91.2353 75.3895
v  -11.5207 90.3505 77.5300
v  -11.3633 89.7618 79.1771
v  -10.6390 91.1758 75.7707
v  -9.3900 91.6089 75.2394
v  -11.1973 90.4736 77.4694
v  -10.9152 90.6223 77.2819
v  -9.2058 91.3793 76.1806
v  -9.2543 91.0758 77.1176
v  -10.7019 90.7822 76.9857
v  -10.5568 91.0732 76.1912
v  -10.5784 90.9376 76.6099
v  -10.9050 88.1745 81.7286
# 2450 vertices

vn 0.9906 0.0661 -0.1200
vn 0.8887 0.0863 -0.4503
vn 0.9563 0.2169 -0.1959
vn 0.8947 0.1867 -0.4058
vn 0.8422 0.2168 -0.4936
vn 0.6637 0.0263 -0.7476
vn 0.6322 0.1588 -0.7583
vn 0.3439 -0.0472 -0.9378
vn 0.3146 0.0846 -0.9454
vn -0.0327 -0.1327 -0.9906
vn 0.9613 -0.0082 -0.2755
vn 0.8867 0.3534 -0.2981
vn 0.4442 -0.0985 -0.8905
vn 0.7898 -0.0189 -0.6131
vn 0.9800 0.1720 0.0996
vn 0.1205 -0.1829 -0.9757
vn 0.9381 0.3454 0.0268
vn -0.0837 0.0012 -0.9965
vn 0.7855 0.3617 -0.5022
vn -0.2835 -0.2406 -0.9283
vn 0.2102 -0.3868 -0.8979
vn -0.4497 -0.2025 -0.8699
vn 0.4433 -0.3175 -0.8383
vn -0.5199 -0.0740 -0.8510
vn 0.5717 0.3581 -0.7382
vn -0.7647 -0.2323 -0.6011
vn 0.4595 0.6276 -0.6284
vn 0.2766 0.3116 -0.9090
vn -0.6298 -0.2748 -0.7265
vn 0.6627 0.5635 -0.4933
vn -0.8514 -0.0474 -0.5223
vn -0.8576 -0.2972 -0.4198
vn -0.4008 -0.4452 -0.8007
vn 0.2430 0.6243 -0.7424
vn -0.9401 -0.2411 -0.2411
vn -0.0603 -0.4217 -0.9047
vn 0.1651 0.6255 -0.7626
vn -0.9880 -0.0231 -0.1525
vn -0.6773 -0.4536 -0.5792
vn -0.1201 0.2754 -0.9538
vn -0.9748 -0.2183 -0.0467
vn -0.9304 -0.2882 -0.2264
vn -0.8040 -0.4311 -0.4096
vn 0.0263 0.8928 -0.4497
vn -0.5115 -0.7392 -0.4381
vn 0.1010 0.8965 -0.4314
vn -0.9990 0.0248 0.0364
vn -0.7035 -0.5904 -0.3956
vn 0.0330 0.9537 -0.2989
vn -0.9388 0.3400 -0.0545
vn -0.4310 -0.8692 -0.2423
vn 0.2630 0.8049 -0.5320
vn -0.8651 0.2779 -0.4175
vn -0.9190 0.3846 0.0870
vn -0.3700 -0.8733 -0.3170
vn 0.2543 0.8773 -0.4071
vn -0.6890 0.6778 -0.2566
vn -0.7061 0.7076 0.0261
vn -0.3041 -0.7400 -0.5999
vn -0.2205 -0.8733 -0.4344
vn 0.4201 0.8450 -0.3309
vn -0.7176 0.6919 0.0795
vn 0.6847 0.6276 -0.3706
vn -0.3581 0.9250 -0.1268
vn -0.4078 0.9128 -0.0238
vn -0.0512 -0.7394 -0.6713
vn -0.2566 0.9258 -0.2776
vn -0.0375 -0.8733 -0.4857
vn -0.4547 0.6842 -0.5702
vn -0.4182 0.9074 0.0416
vn -0.2086 0.9779 0.0156
vn -0.5749 0.2547 -0.7776
vn 0.1370 -0.7430 -0.6552
vn -0.2114 0.9771 -0.0241
vn 0.3175 -0.7319 -0.6029
vn 0.2164 -0.8679 -0.4471
vn -0.2023 0.9720 -0.1197
vn 0.5571 -0.7285 -0.3986
vn -0.2722 0.6910 -0.6697
vn 0.8145 -0.2227 -0.5357
vn -0.1883 0.9093 -0.3711
vn 0.3912 -0.8692 -0.3025
vn 0.6750 0.4688 -0.5697
vn -0.1587 0.9567 -0.2442
vn 0.4850 -0.8729 -0.0526
vn 0.7649 0.3737 -0.5247
vn 0.6777 -0.7321 -0.0691
vn 0.8887 0.4338 -0.1484
vn 0.9769 -0.1940 -0.0900
vn 0.8674 -0.0452 -0.4955
vn 0.6465 -0.7330 0.2117
vn 0.8457 0.5168 -0.1329
vn 0.4653 -0.8720 0.1521
vn 0.8862 0.3728 0.2751
vn 0.9336 -0.1872 0.3054
vn 0.3607 -0.8725 0.3297
vn 0.9946 -0.0436 0.0946
vn 0.8129 0.5191 0.2643
vn 0.5071 -0.7294 0.4592
vn 0.2178 -0.7216 0.6572
vn 0.9752 0.0163 0.2208
vn 0.6025 0.5220 0.6037
vn 0.3404 -0.2011 0.9185
vn 0.6848 0.3495 0.6394
vn -0.0367 -0.3658 0.9300
vn 0.7348 -0.1860 0.6523
vn 0.8922 -0.1223 0.4347
vn 0.2052 0.4862 0.8494
vn 0.9013 0.1326 0.4124
vn 0.8390 -0.0623 0.5406
vn 0.3837 0.2571 0.8869
vn 0.6758 -0.2070 0.7075
vn 0.3623 -0.2319 0.9028
vn 0.6533 0.0750 0.7534
vn -0.0810 -0.2690 0.9597
vn 0.5458 -0.1382 0.8264
vn 0.8767 0.3618 0.3169
vn 0.2816 0.0170 0.9594
vn 0.1464 -0.1861 0.9716
vn 0.6785 0.3757 0.6313
vn -0.2634 -0.2190 0.9395
vn -0.1749 0.0287 0.9842
vn -0.4397 -0.3116 0.8424
vn 0.7402 0.6145 0.2729
vn 0.3228 0.3932 0.8609
vn -0.3505 -0.4580 0.8169
vn 0.8295 0.5584 -0.0014
vn 0.5553 0.6646 0.5001
vn -0.6014 -0.2435 0.7609
vn -0.5434 0.0051 0.8395
vn 0.8268 0.5320 -0.1829
vn 0.4535 0.8654 0.2130
vn 0.4082 0.6743 0.6153
vn -0.8211 -0.0123 0.5706
vn 0.5378 0.8424 0.0327
vn -0.8427 -0.2540 0.4746
vn 0.5823 0.8099 -0.0712
vn 0.3388 0.8782 0.3377
vn -0.9251 -0.0569 0.3755
vn 0.2120 0.9773 -0.0038
vn 0.2156 0.9754 0.0469
vn 0.2604 0.8650 0.4289
vn -0.9258 -0.2694 0.2652
vn 0.2000 0.9403 0.2753
vn 0.2143 0.9654 0.1487
vn -0.9031 -0.3145 0.2924
vn -0.8389 0.3450 0.4210
vn -0.7252 -0.3165 0.6115
vn -0.7173 0.3751 0.5872
vn -0.9460 -0.3145 0.0787
vn -0.8834 -0.4638 0.0673
vn -0.6389 0.6856 0.3489
vn -0.8723 -0.4776 -0.1046
vn -0.4372 0.3829 0.8138
vn -0.5753 -0.4682 0.6707
vn -0.6754 -0.7330 -0.0810
vn -0.7891 -0.4662 0.3999
vn -0.6712 -0.7394 0.0518
vn -0.0827 0.3912 0.9166
vn -0.4909 -0.8692 -0.0589
vn -0.3277 0.6946 0.6404
vn -0.6006 -0.7391 0.3048
vn -0.0540 0.6981 0.7140
vn -0.4382 -0.7391 0.5115
vn -0.4858 -0.8733 0.0375
vn 0.1116 0.2465 0.9627
vn -0.4344 -0.8733 0.2205
vn 0.0980 0.6982 0.7092
vn -0.2762 -0.7430 0.6096
vn -0.3170 -0.8733 0.3700
vn -0.0448 0.8959 0.4419
vn -0.0993 -0.7313 0.6748
vn 0.0636 0.8731 0.4833
vn -0.2078 -0.8717 0.4437
vn 0.0090 0.9438 0.3303
vn -0.0893 -0.8679 0.4886
vn -0.2055 0.9062 0.3696
vn -0.0875 0.9698 0.2275
vn 0.1381 -0.8681 0.4768
vn -0.5479 0.6940 0.4671
vn -0.1592 0.9780 0.1345
vn -0.3236 0.9114 0.2543
vn -0.3632 0.9130 0.1860
vn -0.1827 0.9782 0.0987
vn 0.7824 0.4686 -0.4102
vn 0.4750 0.8415 -0.2576
vn 0.1803 0.9776 -0.1090
vn 0.1562 0.9766 -0.1477
vn 0.0999 0.9692 -0.2253
vn 0.0000 -1.0000 -0.0000
vn -0.0000 -1.0000 -0.0000
vn -0.0000 -1.0000 0.0000
vn 0.0942 -0.8717 -0.4808
vn 0.4389 -0.8756 -0.2019
vn 0.3733 -0.8669 -0.3303
vn 0.7355 -0.6165 -0.2811
vn 0.7734 -0.6325 -0.0426
vn 0.6257 -0.6020 -0.4962
vn 0.4615 -0.8852 -0.0597
vn 0.2712 -0.8600 -0.4322
vn 0.7355 -0.6486 0.1958
vn -0.0000 -0.9977 -0.0673
vn 0.4546 -0.5905 -0.6669
vn 0.4389 -0.8947 0.0826
vn 0.1426 -0.8556 -0.4975
vn 0.6257 -0.6631 0.4109
vn 0.2390 -0.5831 -0.7765
vn -0.0000 -0.8541 -0.5201
vn 0.3733 -0.9034 0.2110
vn -0.0000 -0.5805 -0.8142
vn 0.4546 -0.6746 0.5816
vn -0.1426 -0.8556 -0.4975
vn 0.2712 -0.9103 0.3128
vn -0.2390 -0.5831 -0.7765
vn 0.2390 -0.6820 0.6912
vn -0.2712 -0.8600 -0.4322
vn 0.1426 -0.9147 0.3782
vn -0.4546 -0.5905 -0.6669
vn -0.0000 -0.6846 0.7290
vn -0.3733 -0.8669 -0.3303
vn -0.0000 -0.9162 0.4008
vn -0.6257 -0.6020 -0.4962
vn -0.2390 -0.6820 0.6912
vn -0.4389 -0.8756 -0.2019
vn -0.1426 -0.9147 0.3782
vn -0.7355 -0.6165 -0.2811
vn -0.4546 -0.6746 0.5816
vn -0.4615 -0.8851 -0.0597
vn -0.2712 -0.9103 0.3128
vn -0.7734 -0.6325 -0.0426
vn -0.6257 -0.6631 0.4109
vn -0.4389 -0.8947 0.0826
vn -0.3733 -0.9034 0.2110
vn -0.7355 -0.6486 0.1958
vn -0.9505 0.0261 -0.3095
vn -1.0000 0.0001 -0.0017
vn -0.9515 0.0259 -0.3064
vn -0.8098 0.0494 -0.5847
vn -1.0000 -0.0001 0.0017
vn -0.8082 0.0495 -0.5869
vn -0.9515 -0.0259 0.3064
vn -0.5885 0.0680 -0.8056
vn -0.9505 -0.0261 0.3095
vn -0.5869 0.0681 -0.8068
vn -0.8098 -0.0494 0.5847
vn -0.3095 0.0800 -0.9475
vn -0.8082 -0.0495 0.5869
vn -0.3085 0.0800 -0.9479
vn -0.5885 -0.0680 0.8056
vn -0.1564 0.0831 -0.9842
vn -0.5869 -0.0681 0.8068
vn -0.3095 -0.0800 0.9475
vn -0.3085 -0.0800 0.9479
vn -0.1564 -0.0831 0.9842
vn 0.1564 0.0831 -0.9842
vn 0.3085 0.0800 -0.9479
vn 0.3095 0.0800 -0.9475
vn 0.5869 0.0681 -0.8068
vn 0.5885 0.0680 -0.8056
vn 0.8082 0.0495 -0.5869
vn 0.8098 0.0494 -0.5847
vn 0.9505 0.0261 -0.3095
vn 0.9515 0.0259 -0.3064
vn 1.0000 0.0001 -0.0017
vn 1.0000 -0.0001 0.0017
vn 0.9515 -0.0259 0.3064
vn 0.9505 -0.0261 0.3095
vn 0.8098 -0.0494 0.5847
vn 0.8082 -0.0495 0.5869
vn 0.5885 -0.0680 0.8056
vn 0.5869 -0.0681 0.8068
vn 0.3095 -0.0800 0.9475
vn 0.3085 -0.0800 0.9479
vn 0.1564 -0.0831 0.9842
vn -0.9192 -0.0060 0.3937
vn -0.9125 0.1403 0.3843
vn -0.9999 -0.0062 0.0121
vn -0.9116 -0.1324 0.3892
vn -0.9902 0.1396 0.0093
vn -0.9924 -0.1220 0.0138
vn -0.7366 -0.0361 0.6753
vn -0.9298 -0.0333 -0.3665
vn -0.9183 -0.1364 -0.3717
vn -0.8795 0.3112 0.3601
vn -0.7403 0.1257 0.6604
vn -0.9290 0.3661 -0.0543
vn -0.8779 0.3187 0.3574
vn -0.9243 0.1212 -0.3619
vn -0.7146 -0.1560 -0.6819
vn -0.8139 0.4731 0.3374
vn -0.9524 0.3045 0.0174
vn -0.7558 -0.0852 -0.6492
vn -0.8695 0.4913 -0.0512
vn -0.8154 0.5529 0.1714
vn -0.7228 0.4644 -0.5118
vn -0.6962 0.3362 0.6343
vn -0.8920 0.2890 -0.3476
vn -0.8112 0.3320 -0.4814
vn -0.7642 0.0898 -0.6387
vn -0.5858 -0.2938 -0.7553
vn -0.3971 0.3815 0.8348
vn -0.4519 -0.1491 -0.8795
vn -0.8543 -0.2305 -0.4658
vn -0.4369 0.1143 0.8922
vn -0.4182 -0.2367 -0.8770
vn -0.5892 -0.7289 -0.3485
vn -0.4327 -0.0904 0.8970
vn -0.4543 0.0619 -0.8887
vn -0.3693 -0.7319 -0.5727
vn -0.0108 -0.1937 -0.9810
vn -0.2930 -0.4086 -0.8644
vn -0.3963 -0.2236 0.8905
vn -0.0260 -0.2750 -0.9611
vn -0.1940 -0.7430 -0.6405
vn 0.0096 -0.1304 0.9914
vn -0.0143 0.0311 -0.9994
vn -0.0074 -0.7391 -0.6735
vn 0.0109 -0.2298 0.9732
vn -0.4125 0.3741 -0.8306
vn -0.0133 -0.4384 -0.8987
vn 0.3821 -0.2606 0.8866
vn -0.7153 0.3281 -0.6170
vn 0.3915 -0.1623 0.9058
vn 0.0083 0.0877 0.9961
vn 0.3992 0.0595 0.9149
vn -0.5764 0.6120 -0.5416
vn -0.7695 0.5778 -0.2720
vn -0.0076 0.3701 0.9289
vn 0.0064 0.6938 0.7201
vn -0.8157 0.5768 0.0435
vn 0.3696 0.3816 0.8472
vn 0.1538 0.6891 0.7082
vn 0.1763 0.5510 0.8157
vn -0.4864 0.8677 0.1025
vn 0.7170 0.0312 0.6964
vn -0.3000 0.6676 0.6814
vn 0.0946 0.8743 0.4760
vn -0.4870 0.8734 0.0076
vn 0.6652 0.3733 0.6467
vn -0.4487 0.8794 -0.1589
vn 0.5118 0.6971 0.5021
vn 0.6999 -0.1948 0.6872
vn -0.1936 0.9811 0.0012
vn 0.4025 0.6949 0.5959
vn -0.1847 0.9819 0.0416
vn 0.6852 -0.2752 0.6744
vn 0.3018 0.9024 0.3075
vn -0.2064 0.9724 -0.1089
vn 0.8879 -0.2876 0.3591
vn 0.3806 0.9113 0.1568
vn -0.3517 0.8777 -0.3255
vn 0.9040 -0.2222 0.3652
vn 0.6667 0.6955 0.2678
vn -0.2077 0.9444 -0.2550
vn 0.8643 0.3665 0.3445
vn -0.2882 0.8530 -0.4350
vn 0.4042 0.9146 -0.0047
vn 0.9290 0.0075 0.3701
vn 0.7188 0.6952 -0.0079
vn 0.9707 -0.2401 -0.0095
vn -0.4614 0.6279 -0.6268
vn 0.9322 0.3619 -0.0115
vn 0.9999 -0.0081 -0.0124
vn 0.9151 0.3542 -0.1926
vn 0.9495 -0.2419 -0.1998
vn 0.9785 -0.0133 -0.2059
vn 0.9551 -0.2960 -0.0092
vn 0.7100 0.6882 -0.1494
vn 0.9354 -0.2937 -0.1968
vn -0.0118 0.3730 -0.9277
vn 0.8959 -0.4441 -0.0095
vn 0.8798 -0.4377 -0.1851
vn 0.3992 0.9130 -0.0840
vn 0.3780 0.0077 -0.9258
vn 0.1926 0.9811 -0.0192
vn 0.3671 -0.2215 -0.9034
vn 0.6661 -0.7326 -0.1401
vn 0.3520 0.3665 -0.8613
vn 0.1968 0.9800 0.0280
vn 0.6787 -0.2398 -0.6942
vn 0.7002 -0.0081 -0.7139
vn 0.3557 -0.2894 -0.8887
vn 0.6527 0.3619 -0.6656
vn 0.1986 0.9710 0.1334
vn 0.8008 -0.2419 -0.5479
vn 0.8252 -0.0133 -0.5647
vn 0.3334 -0.4428 -0.8323
vn 0.1939 0.9458 0.2607
vn 0.6262 -0.4441 -0.6408
vn 0.7889 -0.2937 -0.5398
vn 0.2470 0.8821 0.4011
vn 0.6671 -0.2963 -0.6835
vn 0.2509 -0.7391 -0.6251
vn 0.7420 -0.4377 -0.5077
vn 0.4710 -0.7391 -0.4815
vn 0.5617 -0.7326 -0.3844
vn 0.1815 -0.8733 -0.4521
vn 0.4080 -0.8692 -0.2792
vn 0.3407 -0.8733 -0.3483
vn -0.0054 -0.8733 -0.4872
vn -0.1361 -0.8717 -0.4707
vn -0.2548 -0.8679 -0.4264
vn -0.4162 -0.8692 -0.2670
vn -0.4862 -0.8738 -0.0103
vn -0.6760 -0.7369 -0.0109
vn -0.6187 -0.7398 0.2643
vn -0.9743 -0.2251 -0.0082
vn -0.4480 -0.8733 0.1914
vn -0.8954 -0.2300 0.3812
vn -0.3287 -0.8738 0.3584
vn -0.4594 -0.7369 0.4960
vn -0.6683 -0.2311 0.7071
vn -0.1555 -0.7289 0.6667
vn -0.5666 0.4682 0.6780
vn -0.2530 -0.2419 0.9367
vn -0.0948 -0.8692 0.4853
vn 0.1406 -0.3310 0.9331
vn 0.1585 -0.7319 0.6627
vn -0.6075 0.3326 0.7213
vn -0.1341 0.4436 0.8861
vn 0.1319 -0.8679 0.4789
vn 0.4244 -0.4244 0.7998
vn -0.2366 0.2683 0.9338
vn -0.7080 -0.1620 0.6874
vn 0.3287 -0.7430 0.5830
vn 0.2460 -0.8717 0.4237
vn 0.4815 -0.7391 0.4710
vn 0.6411 -0.4405 0.6284
vn 0.6251 -0.7391 0.2509
vn 0.3483 -0.8733 0.3407
vn 0.8319 -0.4427 0.3347
vn 0.4521 -0.8733 0.1815
vn 0.6735 -0.7391 -0.0074
vn 0.4872 -0.8733 -0.0054
vn 0.4838 -0.8692 -0.1018
vn 0.7718 0.3542 -0.5281
vn 0.5024 0.6954 -0.5138
vn 0.2703 0.6963 -0.6650
vn 0.5988 0.6882 -0.4097
vn 0.2800 0.9147 -0.2915
vn 0.3372 0.9120 -0.2335
vn -0.0079 0.6932 -0.7207
vn 0.1507 0.9109 -0.3841
vn 0.1479 0.9807 -0.1277
vn -0.0004 0.8964 -0.4433
vn 0.1185 0.9790 -0.1657
vn -0.1542 0.6902 -0.7070
vn 0.0512 0.9688 -0.2426
vn -0.0944 0.8693 -0.4852
vn -0.0355 0.9423 -0.3330
vn -0.5774 0.6172 0.5345
vn -0.6825 0.6068 0.4073
vn -0.1758 0.8999 0.3991
vn -0.3290 0.8916 0.3111
vn -0.0133 0.8968 0.4423
vn -0.3875 0.8830 0.2650
vn -0.1300 0.9804 0.1482
vn -0.1558 0.9816 0.1107
vn -0.0578 0.9701 0.2357
vn 0.0352 0.9428 0.3315
vn -0.9906 0.0661 -0.1200
vn -0.9499 0.2129 -0.2288
vn -0.8887 0.0863 -0.4503
vn -0.9613 -0.0082 -0.2755
vn -0.8422 0.2168 -0.4936
vn -0.9946 -0.0436 0.0946
vn -0.6637 0.0263 -0.7476
vn -0.8867 0.3534 -0.2981
vn -0.9800 0.1720 0.0996
vn -0.7898 -0.0189 -0.6131
vn -0.7855 0.3617 -0.5022
vn -0.9752 0.0163 0.2208
vn -0.4442 -0.0985 -0.8905
vn -0.7534 0.5227 -0.3988
vn -0.9013 0.1326 0.4124
vn -0.6322 0.1588 -0.7583
vn -0.9381 0.3454 0.0268
vn -0.8390 -0.0623 0.5406
vn -0.8295 0.5584 -0.0014
vn -0.3439 -0.0472 -0.9378
vn -0.8767 0.3618 0.3169
vn -0.8268 0.5320 -0.1829
vn -0.1205 -0.1829 -0.9757
vn -0.6533 0.0750 0.7534
vn -0.7402 0.6145 0.2729
vn 0.0327 -0.1327 -0.9906
vn -0.5458 -0.1382 0.8264
vn -0.6785 0.3757 0.6313
vn -0.3146 0.0846 -0.9454
vn -0.2601 0.0479 0.9644
vn -0.5553 0.6646 0.5001
vn 0.0837 0.0012 -0.9965
vn -0.3228 0.3932 0.8609
vn -0.4082 0.6743 0.6153
vn 0.4497 -0.2025 -0.8699
vn -0.1464 -0.1861 0.9716
vn 0.2835 -0.2406 -0.9283
vn 0.1749 0.0287 0.9842
vn 0.0827 0.3912 0.9166
vn -0.2604 0.8650 0.4289
vn 0.0540 0.6981 0.7140
vn -0.3388 0.8782 0.3377
vn 0.0603 -0.4217 -0.9047
vn 0.4372 0.3829 0.8138
vn 0.4008 -0.4452 -0.8007
vn 0.5434 0.0051 0.8395
vn 0.3277 0.6946 0.6404
vn 0.6298 -0.2748 -0.7265
vn 0.2634 -0.2190 0.9395
vn 0.7173 0.3751 0.5872
vn 0.0448 0.8959 0.4419
vn 0.6014 -0.2435 0.7609
vn -0.0980 0.6982 0.7092
vn 0.7647 -0.2323 -0.6011
vn 0.8211 -0.0123 0.5706
vn -0.0636 0.8731 0.4833
vn 0.8427 -0.2540 0.4746
vn 0.8389 0.3450 0.4210
vn -0.0090 0.9438 0.3303
vn 0.5199 -0.0740 -0.8510
vn 0.9251 -0.0569 0.3755
vn 0.0875 0.9698 0.2275
vn 0.9258 -0.2694 0.2652
vn 0.2055 0.9062 0.3696
vn 0.6389 0.6856 0.3489
vn 0.9031 -0.3145 0.2924
vn 0.1592 0.9780 0.1345
vn 0.5479 0.6940 0.4671
vn 0.9460 -0.3145 0.0787
vn 0.3236 0.9114 0.2543
vn 0.8834 -0.4638 0.0673
vn 0.3632 0.9130 0.1860
vn 0.8723 -0.4776 -0.1046
vn 0.7891 -0.4662 0.3999
vn 0.1827 0.9782 0.0987
vn 0.6754 -0.7330 -0.0810
vn 0.7252 -0.3165 0.6115
vn 0.6712 -0.7394 0.0518
vn 0.5753 -0.4682 0.6707
vn 0.4909 -0.8692 -0.0589
vn 0.4397 -0.3116 0.8424
vn 0.6006 -0.7391 0.3048
vn 0.4858 -0.8733 0.0375
vn 0.3505 -0.4580 0.8169
vn 0.0810 -0.2690 0.9597
vn 0.4382 -0.7391 0.5115
vn 0.4344 -0.8733 0.2205
vn 0.2762 -0.7430 0.6096
vn 0.0993 -0.7313 0.6748
vn 0.3170 -0.8733 0.3700
vn 0.0367 -0.3658 0.9300
vn 0.0893 -0.8679 0.4886
vn 0.2078 -0.8717 0.4437
vn -0.3623 -0.2319 0.9028
vn -0.2178 -0.7216 0.6572
vn -0.3404 -0.2011 0.9185
vn -0.1381 -0.8681 0.4768
vn -0.6758 -0.2070 0.7075
vn -0.2052 0.4862 0.8494
vn -0.5071 -0.7294 0.4592
vn -0.3607 -0.8725 0.3297
vn -0.3837 0.2571 0.8869
vn -0.8922 -0.1223 0.4347
vn -0.7348 -0.1860 0.6523
vn -0.6848 0.3495 0.6394
vn -0.9336 -0.1872 0.3054
vn -0.8129 0.5191 0.2643
vn -0.6465 -0.7330 0.2117
vn -0.8862 0.3728 0.2751
vn -0.6025 0.5220 0.6037
vn -0.8887 0.4338 -0.1484
vn -0.6777 -0.7321 -0.0691
vn -0.8457 0.5168 -0.1329
vn -0.9769 -0.1940 -0.0900
vn -0.4850 -0.8729 -0.0526
vn -0.6750 0.4688 -0.5697
vn -0.8145 -0.2227 -0.5357
vn -0.4652 -0.8720 0.1521
vn -0.7649 0.3737 -0.5247
vn -0.5571 -0.7285 -0.3986
vn -0.5176 -0.2843 -0.8070
vn -0.3912 -0.8692 -0.3025
vn -0.3175 -0.7319 -0.6029
vn -0.2164 -0.8679 -0.4471
vn -0.2102 -0.3868 -0.8979
vn -0.1370 -0.7430 -0.6552
vn -0.0942 -0.8717 -0.4808
vn 0.0375 -0.8733 -0.4858
vn 0.0512 -0.7394 -0.6713
vn 0.3041 -0.7400 -0.5999
vn 0.2205 -0.8733 -0.4344
vn 0.3700 -0.8733 -0.3170
vn 0.5115 -0.7392 -0.4381
vn 0.6773 -0.4536 -0.5792
vn 0.4310 -0.8692 -0.2423
vn 0.5930 -0.7329 -0.3335
vn 0.8576 -0.2972 -0.4198
vn 0.8040 -0.4311 -0.4096
vn 0.9304 -0.2882 -0.2264
vn 0.9401 -0.2411 -0.2411
vn 0.8514 -0.0474 -0.5223
vn 0.9748 -0.2183 -0.0467
vn 0.9880 -0.0231 -0.1525
vn 0.5749 0.2547 -0.7776
vn 0.9990 0.0248 0.0364
vn 0.1201 0.2754 -0.9538
vn 0.8651 0.2779 -0.4175
vn 0.9388 0.3400 -0.0545
vn 0.2722 0.6910 -0.6697
vn 0.9190 0.3846 0.0870
vn 0.4547 0.6842 -0.5702
vn -0.2766 0.3116 -0.9090
vn 0.6890 0.6778 -0.2566
vn -0.1651 0.6255 -0.7626
vn 0.7061 0.7076 0.0261
vn -0.5717 0.3581 -0.7382
vn -0.2481 0.6611 -0.7080
vn 0.2566 0.9258 -0.2776
vn -0.0263 0.8928 -0.4497
vn 0.1883 0.9093 -0.3711
vn -0.4595 0.6276 -0.6284
vn 0.3581 0.9250 -0.1268
vn -0.1010 0.8965 -0.4314
vn 0.2023 0.9720 -0.1197
vn -0.2543 0.8773 -0.4071
vn -0.0330 0.9537 -0.2989
vn 0.1587 0.9567 -0.2442
vn -0.6627 0.5635 -0.4933
vn -0.0999 0.9692 -0.2253
vn 0.2114 0.9771 -0.0241
vn -0.4201 0.8450 -0.3309
vn -0.1562 0.9766 -0.1477
vn 0.4078 0.9128 -0.0238
vn -0.4750 0.8415 -0.2576
vn -0.1803 0.9776 -0.1090
vn 0.2086 0.9779 0.0156
vn 0.4182 0.9074 0.0416
vn 0.7176 0.6919 0.0795
vn 0.0000 -1.0000 0.0000
vn -0.5378 0.8424 0.0327
vn -0.4535 0.8654 0.2130
vn -0.5823 0.8099 -0.0712
vn -0.2120 0.9773 -0.0038
vn -0.2156 0.9754 0.0469
vn -0.2143 0.9654 0.1487
vn -0.2000 0.9403 0.2753
vn -0.6996 0.6718 -0.2433
vn -0.7811 0.6176 0.0923
vn -0.5425 0.7914 -0.2817
vn -0.8679 0.4844 0.1100
vn -0.6021 0.7938 0.0860
vn -0.8030 0.5606 -0.2023
vn -0.4265 0.8646 -0.2656
vn -0.7329 0.5127 0.4472
vn -0.4030 0.6921 -0.5989
vn -0.9223 0.3726 0.1027
vn -0.4531 0.8851 0.1064
vn -0.1687 0.7934 -0.5848
vn -0.8807 0.4300 -0.1987
vn -0.5529 0.6918 0.4644
vn -0.9563 0.2866 0.0582
vn -0.4204 0.7776 0.4675
vn -0.1313 0.6316 -0.7641
vn -0.8799 0.3072 0.3624
vn -0.3257 0.5483 0.7702
vn 0.0867 0.7999 -0.5938
vn -0.9192 0.3260 -0.2210
vn -0.4344 0.4543 0.7777
vn -0.2821 0.5845 -0.7608
vn -0.7499 0.4623 -0.4733
vn -0.5649 0.3265 0.7578
vn -0.5380 0.6340 -0.5555
vn -0.6558 0.5660 -0.4996
vn -0.8255 0.4013 0.3969
vn -0.1256 0.6092 -0.7830
vn -0.7999 0.3729 -0.4702
vn 0.0253 0.6525 -0.7574
vn -0.9394 0.2432 -0.2414
vn -0.6644 0.2735 0.6956
vn -0.8372 0.2929 -0.4619
vn -0.4108 0.1915 0.8914
vn 0.1060 0.6387 -0.7621
vn -0.9443 0.1969 -0.2637
vn -0.3177 0.2693 0.9092
vn -0.8503 0.2521 -0.4620
vn -0.3296 0.2630 0.9067
vn -0.9443 0.1995 -0.2617
vn -0.2502 0.3362 0.9079
vn -0.8568 0.2535 -0.4491
vn -0.2413 0.3352 0.9107
vn -0.4065 0.1927 0.8931
vn -0.7371 0.2903 -0.6102
vn -0.9849 0.1655 -0.0512
vn -0.6848 0.3383 -0.6455
vn -0.9854 0.1585 -0.0620
vn -0.6617 0.3190 -0.6785
vn -0.9251 0.0786 0.3715
vn -0.7416 0.2951 -0.6024
vn -0.6205 0.4016 -0.6735
vn -0.9775 0.2108 0.0043
vn -0.6140 0.3525 -0.7062
vn -0.9249 0.1368 0.3548
vn -0.5880 0.3778 -0.7152
vn -0.6226 -0.0455 0.7812
vn -0.6165 -0.0568 0.7853
vn -0.5594 0.4624 -0.6879
vn -0.9107 0.2221 0.3482
vn -0.6826 0.0155 0.7306
vn -0.4553 -0.1029 0.8844
vn -0.5579 0.4088 -0.7222
vn -0.7235 0.1019 0.6828
vn -0.4335 -0.1132 0.8940
vn -0.4731 0.5255 -0.7071
vn -0.5060 -0.0614 0.8603
vn -0.4305 -0.1186 0.8948
vn -0.4872 0.4632 -0.7403
vn -0.7220 0.1929 0.6644
vn -0.3844 0.5600 -0.7340
vn -0.4532 -0.1077 0.8849
vn -0.5396 0.0847 0.8376
vn -0.3479 0.5378 -0.7679
vn -0.5059 -0.0662 0.8601
vn -0.4879 0.1602 0.8580
vn -0.5410 0.0027 0.8410
vn -0.5414 0.0014 0.8407
vn -0.5431 0.0809 0.8358
vn -0.4860 0.1641 0.8584
vn -0.9326 0.0728 0.3534
vn 0.0295 -0.1801 0.9832
vn 0.0295 -0.1800 0.9832
vn 0.0296 -0.1800 0.9832
vn 0.3574 0.9046 -0.2324
vn 0.1653 0.9473 -0.2744
vn 0.4475 0.8881 0.1049
vn 0.5818 0.8037 0.1249
vn 0.2112 0.9729 0.0944
vn 0.4971 0.8469 -0.1889
vn 0.4408 0.7712 0.4593
vn 0.0291 0.9649 -0.2609
vn 0.6783 0.7251 0.1192
vn 0.2020 0.8581 0.4722
vn 0.6223 0.7610 -0.1832
vn 0.2328 0.8037 -0.5476
vn 0.1881 0.5914 0.7841
vn 0.7461 0.6615 0.0758
vn 0.0501 0.6311 0.7741
vn 0.7014 0.6829 -0.2043
vn 0.3672 0.7912 -0.4890
vn 0.0457 0.8803 0.4723
vn 0.7983 0.6018 0.0225
vn 0.0373 0.9931 0.1114
vn 0.7549 0.6164 -0.2240
vn 0.4955 0.7365 -0.4605
vn 0.8251 0.5641 -0.0326
vn 0.7793 0.5764 -0.2459
vn 0.5784 0.6764 -0.4561
vn 0.7262 0.5825 0.3650
vn 0.7781 0.5788 -0.2440
vn 0.6622 0.6468 0.3782
vn 0.6457 0.6194 -0.4466
vn 0.8287 0.5580 -0.0433
vn 0.6746 0.5879 -0.4463
vn 0.3277 0.6576 -0.6784
vn 0.6002 0.3934 0.6964
vn 0.6797 0.5919 -0.4332
vn 0.4044 0.6264 -0.6664
vn 0.5985 0.2976 0.7438
vn 0.4863 0.5954 -0.6395
vn 0.4193 0.5870 -0.6925
vn 0.5611 0.4754 0.6776
vn 0.5487 0.5738 -0.6081
vn 0.4742 0.5243 0.7073
vn 0.4733 0.5633 -0.6772
vn 0.4319 0.5742 -0.6956
vn 0.5727 0.7092 0.4113
vn 0.5507 0.5801 -0.6001
vn 0.3605 0.5303 0.7673
vn 0.3600 0.3466 0.8662
vn 0.3690 0.6075 -0.7035
vn 0.2740 0.3436 0.8982
vn 0.2229 0.6793 -0.6992
vn 0.1573 0.3739 0.9140
vn 0.2656 0.6298 -0.7300
vn 0.0603 0.4017 0.9138
vn 0.1708 0.3733 0.9118
vn 0.1282 0.6733 -0.7281
vn 0.0680 0.4063 0.9112
vn 0.2673 0.3413 0.9011
vn 0.3569 0.3462 0.8676
vn 0.4376 0.2999 0.8477
vn 0.4424 0.2979 0.8459
vn 0.4732 0.2261 0.8514
vn 0.4742 0.2250 0.8512
vn 0.4680 0.1531 0.8704
vn 0.4699 0.1487 0.8701
vn 0.4390 0.0887 0.8941
vn 0.4390 0.0940 0.8936
vn 0.5687 0.2169 0.7934
vn 0.4228 0.0693 0.9036
vn 0.7747 0.5111 0.3723
vn 0.4233 0.0755 0.9028
vn 0.5678 0.2040 0.7975
vn 0.7990 0.4583 0.3892
vn 0.8087 0.4563 0.3713
vn 0.0000 0.4355 -0.9002
vn -0.0551 0.4271 -0.9025
vn 0.0000 0.4908 -0.8713
vn -0.0713 0.3072 -0.9490
vn -0.0763 0.4743 -0.8770
vn 0.0000 0.3142 -0.9493
vn 0.0551 0.4271 -0.9025
vn -0.1117 0.4113 -0.9046
vn -0.0840 0.1792 -0.9802
vn 0.0713 0.3072 -0.9490
vn -0.1724 0.4440 -0.8793
vn -0.2434 0.1822 -0.9526
vn 0.1117 0.4113 -0.9046
vn -0.1979 0.3127 -0.9290
vn -0.2470 0.1234 -0.9611
vn 0.1979 0.3127 -0.9290
vn -0.0950 0.1170 -0.9886
vn 0.1724 0.4440 -0.8793
vn -0.2525 0.3991 -0.8815
vn 0.0000 0.1755 -0.9845
vn 0.0763 0.4743 -0.8770
vn -0.3427 0.1959 -0.9188
vn -0.0000 0.1261 -0.9920
vn -0.3510 0.1444 -0.9252
vn 0.0950 0.1170 -0.9886
vn -0.3064 0.2968 -0.9044
vn 0.0840 0.1792 -0.9802
vn 0.2470 0.1234 -0.9611
vn 0.2434 0.1822 -0.9526
vn 0.3510 0.1444 -0.9252
vn 0.3427 0.1959 -0.9188
vn 0.3064 0.2968 -0.9044
vn 0.2525 0.3991 -0.8815
vn -0.2793 -0.0597 -0.9583
vn -0.4838 -0.0966 -0.8698
vn -0.2782 0.0146 -0.9604
vn -0.1113 0.0343 -0.9932
vn -0.5088 0.0409 -0.8599
vn -0.1050 -0.0581 -0.9928
vn -0.6449 -0.1174 -0.7552
vn -0.4996 -0.2376 -0.8330
vn -0.0507 0.0327 -0.9982
vn -0.6552 0.0694 -0.7523
vn -0.2743 -0.1409 -0.9513
vn -0.6230 -0.3209 -0.7134
vn -0.5208 0.2021 -0.8294
vn -0.6023 -0.4436 -0.6637
vn -0.0951 -0.1513 -0.9839
vn -0.6343 0.2254 -0.7395
vn -0.5022 -0.3346 -0.7974
vn -0.7149 -0.4729 -0.5151
vn -0.0351 -0.1563 -0.9871
vn -0.4617 0.3311 -0.8229
vn -0.5995 -0.5073 -0.6191
vn -0.7656 -0.3146 -0.5611
vn -0.5838 0.3582 -0.7286
vn -0.4956 -0.3974 -0.7723
vn -0.7955 -0.5240 -0.3043
vn -0.4629 0.5004 -0.7317
vn -0.2513 -0.4075 -0.8780
vn -0.7290 -0.6225 -0.2848
vn -0.6125 0.5531 -0.5647
vn -0.2719 -0.3254 -0.9056
vn -0.6478 -0.5889 -0.4833
vn -0.3170 0.6087 -0.7273
vn -0.0909 -0.4179 -0.9039
vn -0.4108 0.6974 -0.5872
vn -0.5693 -0.6925 -0.4431
vn -0.3630 0.4626 -0.8088
vn -0.0908 -0.3178 -0.9438
vn -0.6183 -0.7320 -0.2860
vn -0.2564 0.5543 -0.7918
vn -0.0411 -0.4102 -0.9111
vn -0.3928 -0.8793 -0.2692
vn -0.1529 0.6971 -0.7005
vn -0.0999 -0.5686 -0.8165
vn -0.4069 -0.9007 -0.1519
vn -0.1207 0.6135 -0.7804
vn -0.0719 -0.5789 -0.8122
vn -0.0312 -0.3022 -0.9527
vn -0.3952 -0.8264 -0.4012
vn -0.0000 0.7128 -0.7014
vn -0.1790 -0.5279 -0.8302
vn -0.1383 -0.9670 -0.2141
vn 0.0000 0.6197 -0.7848
vn -0.1110 -0.9841 -0.1389
vn 0.1207 0.6135 -0.7804
vn -0.4236 -0.5279 -0.7361
vn -0.0171 -0.9917 -0.1276
vn 0.1529 0.6971 -0.7005
vn -0.1254 -0.9893 -0.0750
vn 0.2564 0.5543 -0.7918
vn -0.0000 0.8223 -0.5691
vn -0.5491 -0.6192 -0.5613
vn -0.0108 -0.9971 -0.0753
vn -0.3392 -0.7529 -0.5640
vn -0.0125 -0.9999 -0.0117
vn -0.1776 0.7992 -0.5742
vn -0.2252 -0.6456 -0.7297
vn -0.0000 0.8790 -0.4768
vn -0.1516 -0.8063 -0.5717
vn 0.1776 0.7992 -0.5742
vn -0.1647 -0.9165 -0.3646
vn -0.1042 -0.6867 -0.7194
vn -0.0870 -0.6947 -0.7140
vn 0.3170 0.6087 -0.7273
vn -0.0534 -0.9812 -0.1852
vn -0.0811 -0.9369 -0.3400
vn 0.3630 0.4626 -0.8088
vn -0.1046 -0.8246 -0.5560
vn 0.4629 0.5004 -0.7317
vn 0.6125 0.5531 -0.5647
vn 0.4617 0.3311 -0.8229
vn 0.4108 0.6974 -0.5872
vn 0.5838 0.3582 -0.7286
vn 0.6762 0.5955 -0.4337
vn 0.6343 0.2254 -0.7395
vn 0.2082 0.8682 -0.4504
vn 0.4764 0.7670 -0.4298
vn 0.7201 0.3967 -0.5693
vn 0.5208 0.2021 -0.8294
vn 0.7706 0.2607 -0.5815
vn 0.5128 0.8154 -0.2687
vn 0.6552 0.0694 -0.7523
vn 0.8475 0.2855 -0.4474
vn 0.2830 0.9173 -0.2801
vn 0.5088 0.0409 -0.8599
vn 0.8895 0.1223 -0.4402
vn 0.0878 0.9047 -0.4168
vn 0.7160 0.6344 -0.2915
vn 0.9568 0.1086 -0.2698
vn 0.1078 0.9413 -0.3198
vn 0.7814 0.4392 -0.4433
vn 0.9083 0.3050 -0.2863
vn 0.0000 0.9879 -0.1550
vn 0.8430 0.4531 -0.2900
vn 0.0000 0.9243 -0.3817
vn 0.9532 0.2853 -0.1002
vn -0.0358 0.9931 -0.1120
vn -0.0878 0.9047 -0.4168
vn 0.8797 0.4629 -0.1088
vn -0.2308 0.9715 0.0534
vn 0.7485 0.6546 -0.1060
vn -0.1078 0.9413 -0.3198
vn -0.2082 0.8682 -0.4504
vn 0.5315 0.8421 -0.0913
vn 0.9592 0.2793 0.0437
vn 0.8841 0.4652 0.0439
vn 0.3080 0.9454 -0.1068
vn 0.7523 0.6579 0.0342
vn 0.5304 0.8470 0.0347
vn 0.7452 0.6599 0.0956
vn -0.4764 0.7670 -0.4298
vn 0.3249 0.9456 0.0170
vn 0.5228 0.8474 0.0930
vn -0.2830 0.9173 -0.2801
vn -0.0354 0.9993 0.0089
vn 0.8882 0.4498 0.0943
vn -0.5128 0.8154 -0.2687
vn 0.3411 0.9365 0.0818
vn -0.6762 0.5955 -0.4337
vn 0.0662 0.9958 0.0629
vn 0.7358 0.6673 0.1154
vn -0.2781 0.9181 -0.2825
vn 0.5279 0.8435 0.0986
vn 0.0000 0.9898 -0.1424
vn 0.7317 0.6717 0.1159
vn -0.7201 0.3967 -0.5693
vn 0.3243 0.9387 0.1173
vn 0.5301 0.8422 0.0979
vn -0.7814 0.4392 -0.4433
vn 0.0938 0.9798 0.1766
vn 0.3046 0.9461 0.1101
vn -0.8475 0.2855 -0.4474
vn 0.0919 0.9820 0.1648
vn 0.0000 0.9925 0.1220
vn -0.7706 0.2607 -0.5815
vn -0.0938 0.9798 0.1766
vn 0.0870 0.9843 0.1533
vn -0.9083 0.3050 -0.2863
vn -0.0662 0.9958 0.0629
vn -0.0000 0.9927 0.1208
vn -0.8430 0.4531 -0.2900
vn -0.0919 0.9820 0.1648
vn 0.2781 0.9181 -0.2825
vn -0.9568 0.1086 -0.2698
vn 0.0000 0.6716 -0.7409
vn 0.0354 0.9993 0.0089
vn -0.0870 0.9843 0.1533
vn -0.9532 0.2853 -0.1002
vn 0.5815 0.8135 0.0066
vn -0.3046 0.9461 0.1101
vn -0.8797 0.4629 -0.1088
vn -0.3411 0.9365 0.0818
vn -0.3243 0.9387 0.1173
vn -0.7485 0.6546 -0.1060
vn -0.3249 0.9456 0.0170
vn -0.5279 0.8435 0.0986
vn -0.7160 0.6344 -0.2915
vn 0.0358 0.9931 -0.1120
vn -0.5301 0.8422 0.0979
vn -0.5228 0.8474 0.0930
vn -0.7317 0.6717 0.1159
vn -0.5304 0.8470 0.0347
vn -0.7110 0.6418 0.2873
vn -0.3080 0.9454 -0.1068
vn -0.8418 0.4237 0.3344
vn -0.5315 0.8421 -0.0913
vn -0.7358 0.6673 0.1154
vn -0.8901 0.4448 0.0999
vn -0.7523 0.6579 0.0342
vn -0.8925 0.2348 0.3852
vn -0.8841 0.4652 0.0439
vn -0.4396 0.1161 0.8906
vn 0.2308 0.9715 0.0534
vn -0.4439 0.2228 0.8680
vn 0.5788 0.8103 -0.0915
vn -0.9592 0.2793 0.0437
vn -0.9524 0.2825 0.1143
vn -0.4123 0.3689 0.8330
vn 0.4538 0.7883 0.4155
vn -0.9964 0.0709 0.0465
vn -0.4020 0.5609 0.7237
vn 0.8233 0.5639 -0.0650
vn -0.9937 0.0712 -0.0865
vn -0.2156 -0.3649 0.9057
vn 0.8235 0.5673 0.0041
vn -0.4673 -0.5400 0.7000
vn -0.9827 -0.1684 -0.0776
vn -0.5019 -0.3661 0.7836
vn 0.4606 0.6314 -0.6238
vn -0.9613 -0.1376 -0.2387
vn -0.7859 -0.5947 0.1697
vn -0.8895 0.1223 -0.4402
vn -0.9035 -0.4060 0.1370
vn -0.8111 -0.5823 0.0551
vn -0.0000 0.3097 -0.9508
vn -0.9086 -0.0952 -0.4068
vn -0.6673 -0.7399 0.0849
vn -0.4606 0.6314 -0.6238
vn -0.8046 0.1200 -0.5815
vn -0.6288 -0.7725 0.0889
vn -0.8042 -0.0894 -0.5876
vn -0.4060 -0.7973 0.4467
vn -0.4583 -0.8778 0.1395
vn -0.5815 0.8135 0.0066
vn -0.1665 -0.8763 0.4521
vn -0.0835 -0.3794 0.9215
vn -0.0309 -0.7376 0.6745
vn -0.5788 0.8103 -0.0915
vn -0.8643 -0.3599 -0.3513
vn -0.0436 -0.9061 0.4208
vn -0.8235 0.5673 0.0041
vn -0.1749 -0.9758 0.1313
vn -0.0673 -0.9869 0.1464
vn -0.8233 0.5639 -0.0650
vn -0.4538 0.7883 0.4155
vn -0.1734 -0.9800 0.0976
vn -0.4499 -0.8889 0.0860
vn 0.0000 0.8813 0.4726
vn -0.6885 -0.7243 0.0375
vn -0.0677 -0.9924 0.1029
vn -0.1511 -0.9885 0.0037
vn -0.6905 -0.7231 -0.0163
vn -0.8190 -0.5731 0.0271
vn -0.8151 -0.5793 -0.0041
vn -0.4425 -0.8936 -0.0750
vn -0.8448 -0.5345 0.0257
vn -0.7965 -0.6013 -0.0633
vn -0.8238 -0.5669 -0.0050
vn -0.8428 -0.5360 0.0479
vn -0.6548 -0.7414 -0.1469
vn -0.8145 -0.5784 -0.0457
vn -0.6691 -0.7392 -0.0764
vn -0.8846 -0.4662 0.0111
vn -0.4568 -0.8896 -0.0002
vn -0.9004 -0.4266 0.0854
vn -0.8760 -0.4787 -0.0588
vn -0.9444 -0.1121 0.3092
vn -0.8905 -0.4150 -0.1865
vn -0.5531 -0.0973 0.8275
vn -0.8200 -0.5510 -0.1548
vn -0.6131 -0.2744 0.7408
vn -0.9862 -0.1616 0.0355
vn -0.7601 -0.6299 -0.1595
vn -0.9863 -0.1316 0.0991
vn -0.9052 -0.4211 0.0567
vn -0.9889 0.0895 0.1186
vn -0.9847 0.0910 0.1488
vn -0.9006 -0.4261 0.0855
vn -0.9815 -0.1317 0.1390
vn -0.9850 0.0872 0.1487
vn -0.9526 0.2746 0.1307
vn -0.9814 -0.1321 0.1390
vn -0.8882 0.4498 0.0943
vn -0.9566 0.2606 0.1303
vn -0.8904 0.4439 0.1003
vn -0.9203 0.0785 0.3833
vn -0.4597 0.0398 0.8872
vn -0.7452 0.6599 0.0956
vn 0.0000 0.9933 0.1155
vn -0.0000 0.9087 0.4174
vn -0.2387 0.9107 0.3371
vn 0.2387 0.9107 0.3371
vn -0.0000 0.4279 0.9038
vn -0.2133 0.5403 0.8140
vn 0.2133 0.5403 0.8140
vn -0.5020 0.8481 0.1696
vn 0.5020 0.8481 0.1696
vn 0.0116 -0.2767 0.9609
vn 0.4020 0.5609 0.7237
vn 0.7110 0.6418 0.2874
vn 0.0835 -0.3794 0.9215
vn 0.1665 -0.8763 0.4521
vn 0.4123 0.3689 0.8330
vn 0.8418 0.4237 0.3344
vn 0.4060 -0.7973 0.4467
vn 0.0436 -0.9061 0.4208
vn 0.2156 -0.3649 0.9057
vn 0.4439 0.2228 0.8680
vn 0.1749 -0.9758 0.1313
vn 0.4673 -0.5400 0.7000
vn 0.6288 -0.7725 0.0889
vn 0.4583 -0.8778 0.1395
vn 0.0673 -0.9869 0.1464
vn 0.4396 0.1161 0.8906
vn 0.6673 -0.7399 0.0849
vn 0.1734 -0.9800 0.0976
vn 0.8925 0.2348 0.3852
vn 0.4499 -0.8889 0.0860
vn 0.7859 -0.5947 0.1697
vn 0.4597 0.0398 0.8872
vn 0.4568 -0.8896 -0.0002
vn 0.8111 -0.5823 0.0551
vn 0.9203 0.0785 0.3833
vn 0.1511 -0.9885 0.0037
vn 0.9035 -0.4060 0.1370
vn 0.9444 -0.1121 0.3092
vn 0.0677 -0.9924 0.1029
vn 0.8428 -0.5360 0.0479
vn 0.5530 -0.0973 0.8275
vn 0.9004 -0.4266 0.0854
vn 0.6131 -0.2744 0.7408
vn 0.8190 -0.5731 0.0271
vn 0.9006 -0.4261 0.0855
vn 0.9814 -0.1321 0.1390
vn 0.5019 -0.3661 0.7836
vn 0.9850 0.0872 0.1487
vn 0.9815 -0.1317 0.1390
vn 0.8448 -0.5345 0.0257
vn 0.9847 0.0910 0.1488
vn 0.9052 -0.4211 0.0567
vn 0.9566 0.2606 0.1303
vn 0.9526 0.2746 0.1307
vn 0.8238 -0.5669 -0.0050
vn 0.9863 -0.1316 0.0991
vn 0.8846 -0.4662 0.0111
vn 0.8151 -0.5793 -0.0041
vn 0.8904 0.4439 0.1003
vn 0.7965 -0.6013 -0.0633
vn 0.9524 0.2825 0.1143
vn 0.8145 -0.5784 -0.0457
vn 0.9862 -0.1616 0.0355
vn 0.9889 0.0895 0.1186
vn 0.8200 -0.5510 -0.1548
vn 0.9964 0.0709 0.0465
vn 0.7601 -0.6299 -0.1595
vn 0.9937 0.0712 -0.0865
vn 0.6691 -0.7392 -0.0764
vn 0.9827 -0.1684 -0.0776
vn 0.6905 -0.7231 -0.0163
vn 0.7955 -0.5240 -0.3043
vn 0.8643 -0.3599 -0.3513
vn 0.9613 -0.1376 -0.2387
vn 0.7656 -0.3146 -0.5611
vn 0.7308 -0.4685 -0.4964
vn 0.9086 -0.0952 -0.4068
vn 0.8760 -0.4787 -0.0588
vn 0.6230 -0.3209 -0.7134
vn 0.8046 0.1200 -0.5815
vn 0.6023 -0.4436 -0.6637
vn 0.8042 -0.0894 -0.5876
vn 0.8905 -0.4150 -0.1865
vn 0.7290 -0.6225 -0.2848
vn 0.6449 -0.1174 -0.7552
vn 0.6548 -0.7414 -0.1469
vn 0.6183 -0.7320 -0.2860
vn 0.6478 -0.5889 -0.4833
vn 0.4838 -0.0966 -0.8698
vn 0.4069 -0.9007 -0.1519
vn 0.2782 0.0146 -0.9604
vn 0.3928 -0.8793 -0.2692
vn 0.6207 -0.4916 -0.6108
vn 0.2793 -0.0597 -0.9583
vn 0.5693 -0.6925 -0.4431
vn 0.4425 -0.8936 -0.0750
vn 0.1113 0.0343 -0.9932
vn 0.1110 -0.9841 -0.1389
vn 0.5995 -0.5073 -0.6191
vn 0.1050 -0.0581 -0.9928
vn 0.3952 -0.8264 -0.4012
vn 0.5022 -0.3346 -0.7974
vn 0.2743 -0.1409 -0.9513
vn 0.5491 -0.6192 -0.5613
vn 0.4996 -0.2376 -0.8330
vn 0.3392 -0.7529 -0.5640
vn 0.2719 -0.3254 -0.9056
vn 0.0951 -0.1513 -0.9839
vn 0.4236 -0.5279 -0.7361
vn 0.0351 -0.1563 -0.9871
vn 0.4956 -0.3974 -0.7723
vn 0.0417 -0.0661 -0.9969
vn 0.2513 -0.4075 -0.8780
vn 0.0507 0.0327 -0.9982
vn 0.0909 -0.4179 -0.9039
vn 0.1790 -0.5279 -0.8302
vn 0.0908 -0.3178 -0.9438
vn 0.2252 -0.6456 -0.7297
vn 0.0999 -0.5686 -0.8165
vn 0.0411 -0.4102 -0.9111
vn 0.0312 -0.3022 -0.9527
vn 0.0719 -0.5789 -0.8122
vn 0.1516 -0.8063 -0.5717
vn 0.1042 -0.6867 -0.7194
vn 0.1647 -0.9165 -0.3646
vn 0.0870 -0.6947 -0.7140
vn 0.1046 -0.8246 -0.5560
vn 0.1383 -0.9670 -0.2141
vn 0.0811 -0.9369 -0.3400
vn 0.0534 -0.9812 -0.1852
vn 0.0171 -0.9917 -0.1276
vn 0.0108 -0.9971 -0.0753
vn 0.1254 -0.9893 -0.0750
vn 0.0125 -0.9999 -0.0117
vn 0.6885 -0.7243 0.0375
vn -0.0417 -0.0661 -0.9969
vn 0.0000 0.6166 0.7873
vn 0.8901 0.4448 0.0999
vn 0.5753 0.5818 0.5749
vn 0.7053 0.7088 -0.0134
vn -0.0000 0.7183 0.6957
vn -0.0000 0.0009 1.0000
vn 0.0000 0.9998 -0.0193
vn -0.0105 0.0011 0.9999
vn -0.7053 0.7088 -0.0134
vn -0.0000 0.9999 -0.0161
vn 1.0000 -0.0000 -0.0001
vn -0.5753 0.5818 0.5749
vn 0.7029 0.7112 -0.0116
vn 1.0000 0.0000 -0.0001
vn 0.0105 0.0011 0.9999
vn -0.7029 0.7112 -0.0116
vn -1.0000 -0.0000 -0.0001
vn -0.0000 0.6989 -0.7152
vn 1.0000 -0.0000 0.0000
vn -1.0000 0.0000 -0.0001
vn 0.5778 0.5714 -0.5828
vn 1.0000 -0.0000 0.0001
vn -0.5778 0.5714 -0.5828
vn -1.0000 -0.0000 0.0000
vn -0.0000 0.0000 -1.0000
vn -1.0000 -0.0000 0.0001
vn 0.0000 0.0000 -1.0000
vn 0.9192 -0.0060 0.3937
vn 0.9999 -0.0062 0.0121
vn 0.9125 0.1403 0.3843
vn 0.9126 -0.1121 0.3932
vn 0.9902 0.1396 0.0093
vn 0.7366 -0.0361 0.6753
vn 0.9961 -0.0872 0.0163
vn 0.9298 -0.0333 -0.3665
vn 0.7207 -0.1186 0.6831
vn 0.8779 0.3187 0.3574
vn 0.9195 -0.1140 -0.3762
vn 0.9243 0.1212 -0.3619
vn 0.9524 0.3045 0.0174
vn 0.8868 0.2790 0.3683
vn 0.7558 -0.0852 -0.6492
vn 0.9421 0.3333 -0.0375
vn 0.7117 -0.1512 -0.6860
vn 0.7642 0.0898 -0.6387
vn 0.8920 0.2890 -0.3476
vn 0.8374 0.4175 0.3527
vn 0.4182 -0.2367 -0.8770
vn 0.5958 0.4109 0.6901
vn 0.9066 0.4202 -0.0387
vn 0.7153 0.3281 -0.6170
vn 0.2930 -0.4086 -0.8644
vn 0.7741 0.3738 -0.5109
vn 0.7695 0.5778 -0.2720
vn 0.4519 -0.1491 -0.8795
vn 0.8396 0.2401 -0.4872
vn 0.8157 0.5768 0.0435
vn 0.0260 -0.2750 -0.9611
vn 0.5726 -0.3046 -0.7611
vn 0.8154 0.5529 0.1714
vn 0.0133 -0.4384 -0.8987
vn -0.3334 -0.4428 -0.8323
vn 0.8508 -0.2529 -0.4607
vn -0.3557 -0.2894 -0.8887
vn 0.5894 -0.7288 -0.3486
vn 0.0108 -0.1937 -0.9810
vn -0.6262 -0.4441 -0.6408
vn 0.3693 -0.7319 -0.5727
vn -0.6671 -0.2963 -0.6835
vn -0.4710 -0.7391 -0.4815
vn 0.6760 -0.7368 -0.0110
vn -0.7420 -0.4377 -0.5077
vn 0.9725 -0.2327 -0.0074
vn 0.1940 -0.7430 -0.6405
vn -0.3671 -0.2215 -0.9034
vn 0.8946 -0.2335 0.3811
vn 0.0074 -0.7391 -0.6735
vn -0.6787 -0.2398 -0.6942
vn -0.3780 0.0077 -0.9258
vn -0.7889 -0.2937 -0.5398
vn 0.6187 -0.7398 0.2643
vn -0.2509 -0.7391 -0.6251
vn -0.8008 -0.2419 -0.5479
vn 0.4862 -0.8738 -0.0103
vn -0.7002 -0.0081 -0.7139
vn 0.4480 -0.8733 0.1914
vn -0.3520 0.3665 -0.8613
vn -0.3407 -0.8733 -0.3483
vn 0.0118 0.3730 -0.9277
vn -0.8252 -0.0133 -0.5647
vn -0.4080 -0.8692 -0.2792
vn 0.0143 0.0311 -0.9994
vn -0.6527 0.3619 -0.6656
vn -0.5617 -0.7326 -0.3844
vn 0.0079 0.6932 -0.7207
vn 0.4125 0.3741 -0.8306
vn 0.4543 0.0619 -0.8887
vn 0.1542 0.6902 -0.7070
vn -0.2703 0.6963 -0.6650
vn 0.0004 0.8964 -0.4433
vn 0.0944 0.8693 -0.4852
vn -0.1507 0.9109 -0.3841
vn -0.5024 0.6954 -0.5138
vn 0.0355 0.9423 -0.3330
vn -0.7718 0.3542 -0.5281
vn -0.0512 0.9688 -0.2426
vn 0.4614 0.6279 -0.6268
vn -0.2800 0.9147 -0.2915
vn 0.5764 0.6120 -0.5416
vn -0.1185 0.9790 -0.1657
vn -0.5988 0.6882 -0.4097
vn 0.2882 0.8530 -0.4350
vn -0.3372 0.9120 -0.2335
vn -0.1479 0.9807 -0.1277
vn 0.3517 0.8777 -0.3255
vn 0.2077 0.9444 -0.2550
vn 0.4487 0.8794 -0.1589
vn 0.2064 0.9724 -0.1089
vn 0.1936 0.9811 0.0012
vn 0.4870 0.8734 0.0076
vn 0.4864 0.8677 0.1025
vn 0.1847 0.9819 0.0416
vn 0.4162 -0.8692 -0.2670
vn 0.2548 -0.8679 -0.4264
vn 0.1361 -0.8717 -0.4707
vn 0.0054 -0.8733 -0.4872
vn -0.1815 -0.8733 -0.4521
vn 0.7403 0.1257 0.6604
vn 0.4327 -0.0904 0.8970
vn 0.6962 0.3362 0.6343
vn 0.3958 -0.1808 0.9004
vn 0.4369 0.1143 0.8922
vn 0.5774 0.6172 0.5345
vn -0.0096 -0.1304 0.9914
vn 0.3971 0.3815 0.8348
vn 0.6098 0.3284 0.7214
vn -0.0208 -0.2194 0.9754
vn 0.2229 0.1936 0.9554
vn -0.0083 0.0877 0.9961
vn -0.3915 -0.1623 0.9058
vn -0.3821 -0.2606 0.8866
vn 0.1728 0.3334 0.9268
vn -0.3992 0.0595 0.9149
vn -0.1589 -0.3460 0.9247
vn -0.6852 -0.2752 0.6744
vn -0.0102 0.3889 0.9212
vn 0.2586 -0.2895 0.9216
vn -0.6411 -0.4405 0.6284
vn -0.3696 0.3816 0.8472
vn 0.1554 -0.7296 0.6660
vn -0.6999 -0.1948 0.6872
vn -0.0064 0.6938 0.7201
vn 0.4594 -0.7369 0.4959
vn -0.8879 -0.2876 0.3591
vn 0.3000 0.6676 0.6814
vn -0.1585 -0.7319 0.6627
vn -0.7170 0.0312 0.6964
vn -0.1538 0.6891 0.7082
vn 0.3287 -0.8738 0.3584
vn -0.9040 -0.2222 0.3652
vn 0.0948 -0.8692 0.4853
vn -0.9290 0.0075 0.3701
vn -0.0946 0.8743 0.4760
vn -0.4244 -0.4244 0.7998
vn -0.9707 -0.2401 -0.0095
vn 0.0133 0.8968 0.4423
vn -0.3287 -0.7430 0.5830
vn -0.9551 -0.2960 -0.0092
vn -0.4815 -0.7391 0.4710
vn -0.9999 -0.0081 -0.0124
vn 0.1758 0.8999 0.3991
vn -0.9495 -0.2419 -0.1998
vn -0.9354 -0.2937 -0.1968
vn -0.9785 -0.0133 -0.2059
vn 0.3290 0.8916 0.3111
vn 0.6825 0.6068 0.4073
vn 0.1300 0.9804 0.1482
vn -0.9322 0.3619 -0.0115
vn 0.1558 0.9816 0.1107
vn -0.8643 0.3665 0.3445
vn 0.3875 0.8830 0.2650
vn -0.9151 0.3542 -0.1926
vn 0.0578 0.9701 0.2357
vn -0.7188 0.6952 -0.0079
vn -0.6652 0.3733 0.6467
vn -0.6667 0.6955 0.2678
vn -0.0352 0.9428 0.3315
vn -0.5118 0.6971 0.5021
vn -0.7100 0.6882 -0.1494
vn -0.3806 0.9113 0.1568
vn -0.4042 0.9146 -0.0047
vn -0.4025 0.6949 0.5959
vn -0.3992 0.9130 -0.0840
vn -0.3018 0.9024 0.3075
vn -0.1926 0.9811 -0.0192
vn -0.1968 0.9800 0.0280
vn -0.2470 0.8821 0.4011
vn -0.1986 0.9710 0.1334
vn -0.1939 0.9458 0.2607
vn -0.8959 -0.4441 -0.0095
vn -0.8798 -0.4377 -0.1851
vn -0.8319 -0.4427 0.3347
vn -0.6735 -0.7391 -0.0074
vn -0.6661 -0.7326 -0.1401
vn -0.4838 -0.8692 -0.1018
vn -0.6251 -0.7391 0.2509
vn -0.4872 -0.8733 -0.0054
vn -0.4521 -0.8733 0.1815
vn -0.3483 -0.8733 0.3407
vn -0.2460 -0.8717 0.4237
vn -0.1319 -0.8679 0.4789
vn 0.6690 -0.2426 0.7026
vn -0.3544 0.9077 -0.2246
vn -0.4431 0.8893 0.1130
vn -0.1624 0.9499 -0.2671
vn -0.5777 0.8053 0.1331
vn -0.2065 0.9731 0.1020
vn -0.4942 0.8503 -0.1808
vn -0.0260 0.9668 -0.2541
vn -0.4354 0.7699 0.4665
vn -0.0858 0.8044 -0.5879
vn -0.6746 0.7272 0.1272
vn -0.0325 0.9924 0.1185
vn 0.1696 0.7967 -0.5801
vn -0.6198 0.7650 -0.1753
vn -0.1962 0.8556 0.4790
vn -0.7429 0.6642 0.0836
vn -0.0398 0.8771 0.4786
vn 0.1306 0.6363 -0.7603
vn -0.6577 0.6470 0.3856
vn -0.0440 0.6259 0.7786
vn 0.4034 0.6944 -0.5959
vn -0.6993 0.6873 -0.1965
vn -0.1821 0.5867 0.7890
vn -0.0258 0.6575 -0.7530
vn -0.4943 0.7418 -0.4532
vn -0.3549 0.5265 0.7725
vn -0.2317 0.8085 -0.5410
vn -0.3658 0.7962 -0.4819
vn -0.5678 0.7088 0.4187
vn 0.1258 0.6138 -0.7794
vn -0.5774 0.6820 -0.4488
vn 0.2814 0.5888 -0.7577
vn -0.7532 0.6212 -0.2164
vn -0.4689 0.5214 0.7129
vn -0.6449 0.6253 -0.4395
vn -0.2693 0.3375 0.9020
vn 0.3485 0.5422 -0.7646
vn -0.7778 0.5815 -0.2385
vn -0.1516 0.3682 0.9173
vn -0.6740 0.5939 -0.4393
vn -0.1652 0.3676 0.9152
vn -0.7767 0.5838 -0.2366
vn -0.0623 0.4002 0.9143
vn -0.6790 0.5978 -0.4262
vn -0.0546 0.3956 0.9168
vn -0.2650 0.3367 0.9036
vn -0.5589 0.5822 -0.5904
vn -0.8227 0.5679 -0.0251
vn -0.4920 0.6039 -0.6270
vn -0.8265 0.5618 -0.0358
vn -0.4802 0.5770 -0.6607
vn -0.7953 0.4590 0.3959
vn -0.5608 0.5884 -0.5825
vn -0.4077 0.6343 -0.6568
vn -0.7956 0.6051 0.0302
vn -0.4234 0.5875 -0.6896
vn -0.7709 0.5118 0.3792
vn -0.3894 0.5995 -0.6993
vn -0.5643 0.2138 0.7974
vn -0.5634 0.2009 0.8014
vn -0.3269 0.6637 -0.6728
vn -0.7221 0.5832 0.3722
vn -0.5940 0.2950 0.7484
vn -0.4347 0.0898 0.8961
vn -0.3491 0.6149 -0.7071
vn -0.5955 0.3911 0.7017
vn -0.4190 0.0710 0.9052
vn -0.2225 0.6845 -0.6942
vn -0.4635 0.1491 0.8734
vn -0.4186 0.0649 0.9059
vn -0.2625 0.6344 -0.7271
vn -0.5560 0.4731 0.6834
vn -0.1282 0.6784 -0.7235
vn -0.4348 0.0845 0.8966
vn -0.4326 0.2959 0.8517
vn -0.1054 0.6432 -0.7584
vn -0.4654 0.1447 0.8732
vn -0.3533 0.3422 0.8707
vn -0.4685 0.2222 0.8551
vn -0.4695 0.2211 0.8548
vn -0.4374 0.2940 0.8499
vn -0.3499 0.3448 0.8710
vn -0.8050 0.4572 0.3780
vn -0.0260 -0.1867 0.9821
vn -0.0261 -0.1867 0.9821
vn 0.7015 0.6704 -0.2417
vn 0.5447 0.7910 -0.2786
vn 0.7841 0.6135 0.0931
vn 0.8705 0.4799 0.1096
vn 0.6059 0.7906 0.0888
vn 0.8046 0.5585 -0.2019
vn 0.7371 0.5064 0.4475
vn 0.4291 0.8646 -0.2614
vn 0.9243 0.3679 0.1012
vn 0.5580 0.6862 0.4667
vn 0.8817 0.4276 -0.1996
vn 0.5384 0.6355 -0.5534
vn 0.4398 0.4470 0.7789
vn 0.9578 0.2820 0.0560
vn 0.3315 0.5416 0.7725
vn 0.9196 0.3236 -0.2228
vn 0.6561 0.5665 -0.4985
vn 0.4258 0.7725 0.4711
vn 0.9785 0.2065 0.0014
vn 0.4575 0.8823 0.1105
vn 0.9394 0.2408 -0.2438
vn 0.7498 0.4623 -0.4734
vn 0.9854 0.1616 -0.0544
vn 0.9440 0.1946 -0.2664
vn 0.7995 0.3726 -0.4712
vn 0.9132 0.2157 0.3457
vn 0.9440 0.1972 -0.2645
vn 0.8828 0.3009 0.3606
vn 0.8365 0.2924 -0.4635
vn 0.9858 0.1546 -0.0652
vn 0.8494 0.2516 -0.4640
vn 0.5592 0.4644 -0.6868
vn 0.7269 0.0940 0.6803
vn 0.8559 0.2529 -0.4511
vn 0.6157 0.4035 -0.6769
vn 0.6859 0.0075 0.7277
vn 0.6774 0.3404 -0.6521
vn 0.6119 0.3618 -0.7033
vn 0.7258 0.1851 0.6626
vn 0.7254 0.2940 -0.6224
vn 0.6686 0.2658 0.6945
vn 0.6511 0.3173 -0.6895
vn 0.6177 0.3449 -0.7067
vn 0.8290 0.3949 0.3960
vn 0.7302 0.2988 -0.6145
vn 0.5696 0.3188 0.7576
vn 0.4936 0.1516 0.8564
vn 0.5747 0.4018 -0.7129
vn 0.4153 0.1849 0.8907
vn 0.4730 0.5286 -0.7048
vn 0.3228 0.2616 0.9096
vn 0.4899 0.4661 -0.7367
vn 0.2468 0.3279 0.9119
vn 0.3347 0.2554 0.9071
vn 0.3841 0.5637 -0.7312
vn 0.2556 0.3288 0.9091
vn 0.4083 0.1856 0.8938
vn 0.4907 0.1525 0.8579
vn 0.5436 0.0766 0.8358
vn 0.5471 0.0728 0.8339
vn 0.5447 -0.0054 0.8386
vn 0.5451 -0.0068 0.8383
vn 0.5095 -0.0696 0.8577
vn 0.5093 -0.0743 0.8574
vn 0.4566 -0.1158 0.8821
vn 0.4587 -0.1110 0.8816
vn 0.6258 -0.0536 0.7781
vn 0.4339 -0.1266 0.8920
vn 0.9270 0.1303 0.3517
vn 0.4369 -0.1213 0.8913
vn 0.6197 -0.0649 0.7822
vn 0.9270 0.0720 0.3680
vn 0.9345 0.0663 0.3498
vn -0.3586 0.9110 0.2036
vn -0.2282 0.9694 0.0906
vn -0.0000 0.9655 -0.2602
vn -0.4995 0.8323 0.2405
vn 0.0000 0.9996 -0.0282
vn -0.5313 0.7511 0.3919
vn 0.2282 0.9694 0.0906
vn -0.0000 0.9780 0.2088
vn -0.7366 0.6638 0.1295
vn 0.3586 0.9110 0.2036
vn -0.2658 0.9407 0.2109
vn -0.5189 0.8389 0.1640
vn -0.7472 0.6587 0.0888
vn 0.4995 0.8323 0.2405
vn -0.7986 0.4129 -0.4378
vn 0.5189 0.8389 0.1640
vn -0.5078 0.8458 0.1634
vn 0.5313 0.7511 0.3919
vn -0.8775 0.4588 -0.1396
vn -0.7078 0.6845 0.1746
vn -0.2580 0.9427 0.2117
vn 0.7366 0.6638 0.1295
vn -0.8387 0.2234 -0.4967
vn -0.4943 0.8502 0.1809
vn 0.7130 0.6790 0.1750
vn -0.9535 0.2421 -0.1794
vn -0.2535 0.9430 0.2155
vn 0.7078 0.6845 0.1746
vn -0.8708 0.4587 0.1772
vn 0.0000 0.9773 0.2119
vn 0.5078 0.8458 0.1634
vn -0.9732 0.0856 -0.2132
vn 0.0000 0.9779 0.2090
vn 0.6993 0.6897 0.1879
vn 0.2658 0.9407 0.2109
vn -0.9954 0.0789 -0.0547
vn -0.2289 0.9456 0.2310
vn -0.9588 0.2437 0.1458
vn -0.4685 0.8568 0.2153
vn -0.9869 -0.1247 -0.1026
vn 0.0000 0.9740 0.2266
vn -0.9921 -0.1229 0.0234
vn -0.2165 0.9440 0.2489
vn 0.2580 0.9427 0.2117
vn -0.9918 0.0797 0.1003
vn -0.0000 0.9689 0.2476
vn 0.2535 0.9430 0.2155
vn -0.2100 0.9392 0.2716
vn 0.4943 0.8502 0.1809
vn -0.9790 -0.1345 0.1535
vn -0.4374 0.8586 0.2674
vn 0.4685 0.8568 0.2153
vn -0.9921 0.0752 0.1004
vn -0.0000 0.9614 0.2753
vn 0.2289 0.9456 0.2310
vn -0.9569 0.2512 0.1457
vn 0.0000 0.9545 0.2983
vn -0.9529 0.2553 0.1638
vn 0.2100 0.9392 0.2716
vn -0.8635 0.4681 0.1880
vn -0.2078 0.9321 0.2966
vn 0.2165 0.9440 0.2489
vn -0.9886 0.0664 0.1353
vn -0.2097 0.9235 0.3211
vn 0.4463 0.8628 0.2375
vn -0.9772 -0.1488 0.1517
vn -0.4350 0.8401 0.3241
vn 0.4374 0.8586 0.2674
vn -0.9663 -0.1674 0.1955
vn -0.4336 0.8495 0.3006
vn 0.4336 0.8495 0.3006
vn -0.9705 -0.1094 0.2147
vn -0.6595 0.6811 0.3181
vn 0.2078 0.9321 0.2966
vn -0.8988 -0.4008 0.1774
vn -0.6594 0.6893 0.3001
vn 0.4350 0.8401 0.3241
vn -0.8968 -0.4021 0.1844
vn -0.8255 0.4755 0.3041
vn 0.2097 0.9235 0.3211
vn -0.7667 -0.6157 0.1820
vn -0.8280 0.4646 0.3138
vn -0.9293 -0.2845 0.2355
vn -0.9217 0.2515 0.2954
vn 0.0000 0.9472 0.3208
vn -0.8664 -0.4414 0.2336
vn -0.9210 0.2680 0.2828
vn -0.7574 -0.6284 0.1775
vn -0.9586 0.0501 0.2803
vn -0.2128 0.9154 0.3417
vn -0.9201 0.2260 0.3200
vn -0.4383 0.8302 0.3445
vn -0.7274 -0.6591 0.1909
vn -0.8284 0.4466 0.3381
vn 0.0000 0.9404 0.3400
vn -0.6616 0.6712 0.3342
vn -0.9118 0.1908 0.3635
vn 0.2128 0.9154 0.3417
vn -0.8253 0.4153 0.3825
vn -0.2194 0.9066 0.3605
vn -0.6634 0.6571 0.3579
vn 0.4383 0.8302 0.3445
vn -0.4446 0.8169 0.3673
vn -0.8898 0.1539 0.4296
vn 0.4446 0.8169 0.3673
vn -0.9125 -0.0567 0.4052
vn -0.8053 0.3742 0.4599
vn -0.4599 0.7923 0.4009
vn -0.6646 0.6308 0.4005
vn 0.6616 0.6712 0.3342
vn -0.6715 0.5748 0.4676
vn 0.6634 0.6571 0.3579
vn 0.6595 0.6811 0.3181
vn -0.7347 0.2921 0.6124
vn 0.6646 0.6308 0.4005
vn -0.8045 0.1013 0.5852
vn 0.4599 0.7923 0.4009
vn 0.8280 0.4646 0.3138
vn 0.2194 0.9066 0.3605
vn 0.8284 0.4466 0.3381
vn -0.6324 -0.0169 0.7744
vn 0.2275 0.8890 0.3974
vn 0.8253 0.4153 0.3825
vn -0.5776 0.1464 0.8031
vn 0.2293 0.8528 0.4691
vn 0.8053 0.3742 0.4599
vn -0.6305 0.4201 0.6526
vn -0.0000 0.8763 0.4818
vn 0.6715 0.5748 0.4676
vn -0.4851 0.2414 0.8405
vn -0.0000 0.9163 0.4006
vn 0.4831 0.7443 0.4611
vn -0.5155 -0.0843 0.8527
vn -0.2275 0.8890 0.3974
vn 0.2341 0.7269 0.6456
vn -0.5188 -0.2170 0.8269
vn 0.0000 0.7522 0.6590
vn -0.6465 -0.1789 0.7416
vn -0.2293 0.8528 0.4691
vn -0.4973 -0.2910 0.8173
vn 0.0000 0.9334 0.3587
vn -0.6201 -0.2828 0.7317
vn -0.4831 0.7443 0.4611
vn -0.8310 -0.1020 0.5468
vn -0.2341 0.7269 0.6456
vn -0.8073 -0.2514 0.5339
vn -0.1979 0.4623 0.8644
vn -0.4874 0.5561 0.6732
vn -0.8973 -0.2204 0.3825
vn -0.9392 -0.0158 0.3429
vn -0.7823 -0.3875 0.4877
vn -0.3893 0.3148 0.8657
vn -0.9279 -0.1999 0.3147
vn -0.6003 -0.3893 0.6987
vn -0.8592 -0.4010 0.3177
vn -0.5094 -0.5764 0.6390
vn -0.1658 0.2915 0.9421
vn -0.6753 -0.6171 0.4038
vn -0.3910 -0.5248 0.7561
vn -0.0000 0.4741 0.8805
vn -0.7230 -0.6519 0.2287
vn -0.4510 -0.8514 0.2679
vn -0.4801 -0.3732 0.7939
vn -0.8785 -0.3952 0.2684
vn -0.3426 -0.7572 0.5561
vn -0.4544 -0.8815 0.1283
vn -0.2325 -0.6561 0.7180
vn -0.1728 -0.9850 -0.0013
vn -0.7451 -0.6338 0.2077
vn -0.1423 -0.8301 0.5391
vn -0.1954 -0.9643 0.1787
vn -0.1005 -0.7220 0.6846
vn -0.4917 -0.8584 0.1464
vn -0.0635 -0.9950 -0.0773
vn -0.8964 -0.3680 0.2470
vn -0.0572 -0.8421 0.5362
vn -0.0980 -0.9857 0.1373
vn -0.9451 -0.1705 0.2789
vn -0.0927 -0.9862 0.1374
vn -0.0369 -0.7291 0.6834
vn -0.7780 -0.5894 0.2177
vn -0.2725 -0.9368 0.2193
vn -0.9534 0.0191 0.3010
vn -0.6122 -0.7701 0.1793
vn -0.2033 -0.9405 0.2724
vn -0.9107 -0.3310 0.2471
vn -0.1062 -0.9687 0.2243
vn -0.9533 -0.1366 0.2693
vn -0.1159 -0.9912 0.0639
vn -0.0258 -0.9986 -0.0460
vn -0.9587 0.0799 0.2730
vn -0.3401 -0.9388 0.0554
vn -0.9558 -0.0982 0.2770
vn -0.4074 -0.8915 0.1982
vn -0.9207 -0.2882 0.2631
vn -0.3002 -0.9316 -0.2048
vn -0.8574 -0.4551 0.2405
vn -0.9596 0.1052 0.2610
vn -0.4606 -0.8834 -0.0856
vn -0.9639 -0.0538 0.2606
vn -0.2508 -0.8615 -0.4416
vn -0.7714 -0.6040 0.2001
vn -0.9229 0.2748 0.2698
vn -0.8718 -0.4123 0.2645
vn -0.4192 -0.8516 -0.3148
vn -0.9644 0.1052 0.2425
vn -0.8115 -0.5577 0.1744
vn -0.6590 -0.7426 0.1194
vn -0.9442 -0.2086 0.2548
vn -0.6776 -0.7353 -0.0175
vn -0.9712 -0.0721 0.2272
vn -0.6646 -0.7419 0.0883
vn -0.3036 -0.9367 -0.1744
vn -0.9105 -0.3112 0.2725
vn -0.8541 -0.4611 0.2405
vn -0.1368 -0.8441 -0.5184
vn -0.2892 -0.6593 0.6940
vn -0.9679 0.0991 0.2308
vn -0.9666 -0.0897 0.2401
vn -0.2408 -0.9347 0.2613
vn -0.9444 -0.2484 0.2155
vn -0.6114 -0.5503 0.5687
vn -0.8715 -0.4053 0.2761
vn -0.1727 0.3239 0.9302
vn -0.1016 0.5395 0.8358
vn -0.5577 -0.0118 0.8300
vn -0.9768 0.0846 0.1966
vn -0.9217 -0.2886 0.2590
vn -0.8484 -0.3161 0.4246
vn -0.9413 0.2705 0.2019
vn -0.5743 0.1945 0.7952
vn -0.9344 0.2743 0.2272
vn -0.8003 -0.2816 0.5294
vn -0.8472 -0.4164 0.3300
vn -0.1879 0.6728 0.7155
vn -0.9280 0.2741 0.2523
vn -0.7400 -0.6122 0.2785
vn -0.8432 0.4859 0.2300
vn -0.1654 0.7522 0.6378
vn -0.8531 0.4788 0.2072
vn -0.8352 0.4816 0.2654
vn -0.7278 0.3338 0.5990
vn -0.6693 0.7045 0.2362
vn -0.8451 -0.1747 0.5053
vn -0.7468 -0.6206 0.2390
vn -0.5916 0.5402 0.5985
vn -0.6831 0.6986 0.2128
vn -0.6173 -0.7518 0.2317
vn -0.7631 -0.4450 0.4686
vn -0.6166 -0.7404 0.2675
vn -0.7256 0.0072 0.6881
vn -0.7792 -0.4997 0.3784
vn -0.6251 0.2563 0.7372
vn -0.6993 0.6897 0.1879
vn -0.6642 -0.6812 0.3079
vn -0.5863 -0.3324 0.7388
vn -0.5607 -0.6595 0.5007
vn -0.4298 -0.8605 0.2734
vn -0.4714 -0.8253 0.3108
vn -0.4399 -0.8642 0.2444
vn -0.1864 -0.9330 0.3077
vn -0.1853 -0.9439 0.2733
vn -0.8678 0.4642 0.1772
vn -0.1841 -0.9209 0.3437
vn -0.7130 0.6790 0.1750
vn -0.0786 -0.9514 0.2977
vn -0.0980 -0.9405 0.3255
vn -0.0684 -0.9603 0.2703
vn -0.2505 -0.7733 0.5824
vn -0.1599 -0.7695 0.6183
vn -0.3161 -0.3665 0.8751
vn -0.2018 -0.3421 0.9177
vn -0.5043 -0.2158 0.8361
vn -0.3083 -0.1352 0.9416
vn -0.2031 -0.1231 0.9714
vn -0.4290 -0.9032 -0.0110
vn -0.6251 -0.7768 0.0769
vn -0.4628 -0.8779 -0.1229
vn -0.2342 -0.9722 0.0035
vn -0.6488 -0.7608 -0.0177
vn -0.1776 -0.9821 0.0631
vn -0.7911 -0.6081 -0.0660
vn -0.6156 -0.7688 0.1731
vn -0.0651 -0.9490 -0.3084
vn -0.7599 -0.5654 -0.3207
vn -0.4320 -0.8931 0.1257
vn -0.7718 -0.6090 0.1827
vn -0.0687 -0.9948 -0.0756
vn -0.6126 -0.7713 0.1727
vn -0.1933 -0.9683 0.1583
vn -0.0669 -0.9835 0.1680
vn -0.8983 -0.3982 0.1859
vn -0.9066 -0.4137 -0.0838
vn -0.0650 -0.9837 0.1678
vn -0.1860 -0.9696 0.1590
vn -0.6073 -0.7744 0.1775
vn -0.0616 -0.9797 0.1905
vn -0.4276 -0.8951 0.1259
vn -0.1796 -0.9662 0.1850
vn -0.4220 -0.8939 0.1516
vn -0.0598 -0.9744 0.2169
vn -0.5899 -0.7848 0.1898
vn -0.1745 -0.9617 0.2114
vn -0.8757 -0.3496 -0.3330
vn -0.4008 -0.8973 0.1847
vn -0.3357 0.2175 0.9165
vn -0.4174 0.1528 0.8958
vn -0.4756 0.0583 0.8777
vn 0.0000 0.2958 0.9553
vn 0.1658 0.2915 0.9421
vn 0.1979 0.4623 0.8644
vn 0.3893 0.3148 0.8657
vn 0.4874 0.5561 0.6732
vn 0.3357 0.2175 0.9165
vn 0.4851 0.2414 0.8405
vn 0.6305 0.4201 0.6526
vn 0.4174 0.1528 0.8958
vn 0.5776 0.1464 0.8031
vn 0.4756 0.0583 0.8777
vn 0.7347 0.2921 0.6124
vn 0.5155 -0.0843 0.8527
vn 0.6324 -0.0169 0.7744
vn 0.8045 0.1013 0.5852
vn 0.5181 -0.2047 0.8305
vn 0.8898 0.1539 0.4296
vn 0.6492 -0.1737 0.7405
vn 0.5543 -0.2993 0.7766
vn 0.8310 -0.1020 0.5468
vn 0.9118 0.1908 0.3635
vn 0.6441 -0.2864 0.7093
vn 0.9125 -0.0567 0.4052
vn 0.4881 -0.3770 0.7872
vn 0.9201 0.2260 0.3200
vn 0.8073 -0.2514 0.5339
vn 0.6003 -0.3893 0.6987
vn 0.8973 -0.2204 0.3825
vn 0.3910 -0.5248 0.7561
vn 0.9217 0.2515 0.2954
vn 0.9392 -0.0158 0.3429
vn 0.5094 -0.5764 0.6390
vn 0.8255 0.4755 0.3041
vn 0.7823 -0.3875 0.4877
vn 0.9534 0.0191 0.3010
vn 0.6753 -0.6171 0.4038
vn 0.9279 -0.1999 0.3147
vn 0.9210 0.2680 0.2828
vn 0.4510 -0.8514 0.2679
vn 0.8592 -0.4010 0.3177
vn 0.9586 0.0501 0.2803
vn 0.7230 -0.6519 0.2287
vn 0.9451 -0.1705 0.2789
vn 0.9587 0.0799 0.2730
vn 0.8785 -0.3952 0.2684
vn 0.4544 -0.8815 0.1283
vn 0.9533 -0.1366 0.2693
vn 0.7451 -0.6338 0.2077
vn 0.1728 -0.9850 -0.0013
vn 0.8964 -0.3680 0.2470
vn 0.9558 -0.0982 0.2770
vn 0.1954 -0.9643 0.1787
vn 0.4917 -0.8584 0.1464
vn 0.9596 0.1052 0.2610
vn 0.0635 -0.9950 -0.0773
vn 0.6122 -0.7701 0.1793
vn 0.9229 0.2748 0.2698
vn 0.0980 -0.9857 0.1373
vn 0.7780 -0.5894 0.2177
vn 0.2725 -0.9368 0.2193
vn 0.9107 -0.3310 0.2471
vn 0.8275 0.4804 0.2907
vn 0.8352 0.4816 0.2654
vn 0.2033 -0.9405 0.2724
vn 0.8574 -0.4551 0.2405
vn 0.6594 0.6893 0.3001
vn 0.4074 -0.8915 0.1982
vn 0.9207 -0.2882 0.2631
vn 0.6629 0.6985 0.2695
vn 0.4920 -0.8442 0.2129
vn 0.8718 -0.4123 0.2645
vn 0.6693 0.7045 0.2362
vn 0.4606 -0.8834 -0.0856
vn 0.9442 -0.2086 0.2548
vn 0.3002 -0.9316 -0.2048
vn 0.3401 -0.9388 0.0554
vn 0.2508 -0.8615 -0.4416
vn 0.9639 -0.0538 0.2606
vn 0.1159 -0.9912 0.0639
vn 0.1062 -0.9687 0.2243
vn 0.9712 -0.0721 0.2272
vn 0.0258 -0.9986 -0.0460
vn 0.9644 0.1052 0.2425
vn 0.9105 -0.3112 0.2725
vn 0.9280 0.2741 0.2523
vn 0.9679 0.0991 0.2308
vn 0.9344 0.2743 0.2272
vn 0.8541 -0.4611 0.2405
vn 0.9666 -0.0897 0.2401
vn 0.8432 0.4859 0.2300
vn 0.8115 -0.5577 0.1744
vn 0.9768 0.0846 0.1966
vn 0.6646 -0.7419 0.0883
vn 0.9413 0.2705 0.2019
vn 0.6831 0.6986 0.2128
vn 0.9529 0.2553 0.1638
vn 0.8531 0.4788 0.2072
vn 0.9886 0.0664 0.1353
vn 0.9705 -0.1094 0.2147
vn 0.9921 0.0752 0.1004
vn 0.9444 -0.2484 0.2155
vn 0.9772 -0.1488 0.1517
vn 0.9569 0.2512 0.1457
vn 0.8715 -0.4053 0.2761
vn 0.8635 0.4681 0.1880
vn 0.8678 0.4642 0.1772
vn 0.9217 -0.2886 0.2590
vn 0.8484 -0.3161 0.4246
vn 0.6114 -0.5503 0.5687
vn 0.8472 -0.4164 0.3300
vn 0.2892 -0.6593 0.6940
vn 0.8003 -0.2816 0.5294
vn 0.3036 -0.9367 -0.1744
vn 0.5577 -0.0118 0.8300
vn 0.8708 0.4587 0.1772
vn 0.6776 -0.7353 -0.0175
vn 0.9588 0.2437 0.1458
vn 0.4192 -0.8516 -0.3148
vn 0.5743 0.1945 0.7952
vn 0.1368 -0.8441 -0.5184
vn 0.7792 -0.4997 0.3784
vn 0.1727 0.3239 0.9302
vn 0.8775 0.4588 -0.1396
vn 0.1879 0.6728 0.7155
vn 0.7986 0.4129 -0.4378
vn 0.2408 -0.9347 0.2613
vn 0.8451 -0.1747 0.5053
vn 0.7472 0.6587 0.0888
vn 0.6642 -0.6812 0.3079
vn 0.7278 0.3338 0.5990
vn 0.6166 -0.7404 0.2675
vn 0.1016 0.5395 0.8358
vn 0.7631 -0.4450 0.4686
vn 0.7400 -0.6122 0.2785
vn 0.7256 0.0072 0.6881
vn 0.1654 0.7522 0.6378
vn 0.5607 -0.6595 0.5007
vn 0.4298 -0.8605 0.2734
vn 0.5863 -0.3324 0.7388
vn 0.4714 -0.8253 0.3108
vn 0.5916 0.5402 0.5985
vn 0.2505 -0.7733 0.5824
vn 0.1864 -0.9330 0.3077
vn 0.6251 0.2563 0.7372
vn 0.1841 -0.9209 0.3437
vn 0.3161 -0.3665 0.8751
vn 0.4399 -0.8642 0.2444
vn 0.1599 -0.7695 0.6183
vn 0.1853 -0.9439 0.2733
vn 0.0786 -0.9514 0.2977
vn 0.0980 -0.9405 0.3255
vn 0.6173 -0.7518 0.2317
vn 0.0684 -0.9603 0.2703
vn 0.2018 -0.3421 0.9177
vn 0.7468 -0.6206 0.2390
vn 0.3083 -0.1352 0.9416
vn 0.5043 -0.2158 0.8361
vn 0.2031 -0.1231 0.9714
vn 0.8664 -0.4414 0.2336
vn 0.9293 -0.2845 0.2355
vn 0.8988 -0.4008 0.1774
vn 0.9663 -0.1674 0.1955
vn 0.7574 -0.6284 0.1775
vn 0.7274 -0.6591 0.1909
vn 0.8968 -0.4021 0.1844
vn 0.7667 -0.6157 0.1820
vn 0.6073 -0.7744 0.1775
vn 0.5899 -0.7848 0.1898
vn 0.9790 -0.1345 0.1535
vn 0.6126 -0.7713 0.1727
vn 0.4220 -0.8939 0.1516
vn 0.8983 -0.3982 0.1859
vn 0.7718 -0.6090 0.1827
vn 0.4276 -0.8951 0.1259
vn 0.9066 -0.4137 -0.0838
vn 0.6156 -0.7688 0.1731
vn 0.1860 -0.9696 0.1590
vn 0.9921 -0.1229 0.0234
vn 0.4320 -0.8931 0.1257
vn 0.6251 -0.7768 0.0769
vn 0.8757 -0.3496 -0.3330
vn 0.1933 -0.9683 0.1583
vn 0.9869 -0.1247 -0.1026
vn 0.7599 -0.5654 -0.3207
vn 0.4290 -0.9032 -0.0110
vn 0.9954 0.0789 -0.0547
vn 0.7911 -0.6081 -0.0660
vn 0.4628 -0.8779 -0.1229
vn 0.9732 0.0856 -0.2132
vn 0.6488 -0.7608 -0.0177
vn 0.9535 0.2421 -0.1794
vn 0.2342 -0.9722 0.0035
vn 0.9918 0.0797 0.1003
vn 0.1776 -0.9821 0.0631
vn 0.8387 0.2234 -0.4967
vn 0.0651 -0.9490 -0.3084
vn 0.0687 -0.9948 -0.0756
vn 0.0669 -0.9835 0.1680
vn 0.0650 -0.9837 0.1678
vn 0.0616 -0.9797 0.1905
vn 0.1796 -0.9662 0.1850
vn 0.0598 -0.9744 0.2169
vn 0.1745 -0.9617 0.2114
vn 0.4008 -0.8973 0.1847
vn 0.0000 -0.1889 0.9820
vn -0.0426 -0.1590 0.9864
vn 0.0000 -0.1827 0.9832
vn 0.0426 -0.1590 0.9864
vn -0.0215 -0.1584 0.9871
vn 0.0215 -0.1584 0.9871
vn -0.1124 -0.1386 0.9839
vn 0.1124 -0.1386 0.9839
vn -0.0000 -0.1920 0.9814
vn -0.0750 -0.1401 0.9873
vn 0.0750 -0.1401 0.9873
vn -0.0376 -0.2009 0.9789
vn -0.1246 -0.2164 0.9683
vn 0.0376 -0.2009 0.9789
vn 0.1246 -0.2164 0.9683
vn -0.1069 -0.2077 0.9723
vn 0.1069 -0.2077 0.9723
vn -0.1146 -0.2272 0.9671
vn 0.1146 -0.2272 0.9671
vn -0.1142 -0.2024 0.9726
vn 0.1142 -0.2024 0.9726
vn 0.0521 -0.2295 0.9719
vn 0.0770 -0.2207 0.9723
vn -0.0521 -0.2295 0.9719
vn 0.1028 -0.2842 0.9532
vn 0.1157 -0.2238 0.9677
vn -0.1038 -0.2753 0.9557
vn 0.0615 -0.2893 0.9553
vn -0.1157 -0.2238 0.9677
vn 0.1024 -0.3202 0.9418
vn 0.1278 -0.2789 0.9518
vn -0.0000 -0.2293 0.9734
vn 0.1089 -0.3113 0.9441
vn 0.0656 -0.3306 0.9415
vn -0.0584 -0.2866 0.9563
vn -0.0000 -0.3352 0.9421
vn 0.0478 -0.3932 0.9182
vn -0.1069 -0.3195 0.9415
vn -0.0000 -0.2761 0.9611
vn -0.1514 -0.3212 0.9348
vn 0.0999 -0.3736 0.9222
vn -0.1274 -0.2741 0.9532
vn 0.0000 -0.4109 0.9117
vn -0.0547 -0.3308 0.9421
vn -0.1633 -0.2774 0.9468
vn 0.0670 -0.4351 0.8979
vn -0.1405 -0.2426 0.9599
vn 0.0964 -0.3791 0.9203
vn -0.0448 -0.3958 0.9172
vn -0.1556 -0.3128 0.9370
vn 0.1111 -0.3274 0.9383
vn -0.1324 -0.3302 0.9346
vn 0.0718 -0.3335 0.9400
vn -0.1026 -0.3793 0.9196
vn -0.0778 -0.3143 0.9461
vn 0.0916 -0.2978 0.9502
vn -0.0670 -0.4351 0.8979
vn -0.0964 -0.3791 0.9203
vn -0.0356 -0.4486 0.8930
vn -0.0666 -0.4374 0.8968
vn 0.1512 -0.2757 0.9493
vn -0.0000 -0.4579 0.8890
vn -0.0287 -0.4572 0.8889
vn 0.0356 -0.4486 0.8930
vn 0.1405 -0.2426 0.9599
vn 0.0000 -0.4723 0.8814
vn 0.0287 -0.4572 0.8889
vn 0.0666 -0.4374 0.8968
vn -0.4920 -0.8442 0.2129
vn -0.8275 0.4804 0.2907
vn -0.6629 0.6985 0.2695
vn -0.4463 0.8628 0.2375
vn -0.0032 -0.8045 -0.5939
vn -0.0000 -0.8121 -0.5836
vn -0.0074 -0.8858 -0.4639
vn -0.0000 -0.9934 -0.1143
vn 0.0000 -0.9051 -0.4252
vn 0.0013 -0.8234 -0.5675
vn -0.0025 -0.9375 -0.3479
vn 0.0074 -0.8858 -0.4639
vn -0.0000 -0.8825 0.4702
vn 0.0000 -0.9510 -0.3092
vn 0.0032 -0.8045 -0.5939
vn 0.0056 0.0385 0.9992
vn 0.0025 -0.9375 -0.3479
vn -0.0000 -0.1531 0.9882
vn -0.0013 -0.8234 -0.5675
vn -0.0000 -0.9701 -0.2427
vn 0.0017 0.5211 0.8535
vn 0.0000 -0.9701 -0.2427
vn 0.0033 0.7794 0.6265
vn -0.0056 0.0385 0.9992
vn 0.0000 -0.9804 -0.1969
vn 0.0000 0.7862 0.6180
vn 0.0000 -0.9902 -0.1400
vn -0.0017 0.5211 0.8535
vn 0.0000 0.8611 0.5085
vn -0.0033 0.7794 0.6265
vn 0.0092 0.8604 0.5095
vn -0.0092 0.8604 0.5095
vn 0.0103 0.8787 0.4773
vn -0.0103 0.8787 0.4773
vn -0.0000 0.8922 0.4517
vn 0.0130 0.9310 0.3648
vn -0.0130 0.9310 0.3648
vn 0.0000 0.9503 0.3114
vn 0.0282 0.9853 0.1685
vn -0.0282 0.9853 0.1685
vn -0.0000 0.9929 -0.1191
vn -0.0000 0.8991 -0.4377
vn -0.0770 -0.2207 0.9723
vn -0.0001 0.0000 -1.0000
vn 0.0001 0.0000 -1.0000
vn -0.0001 -0.0000 -1.0000
vn -0.0008 -0.0000 -1.0000
vn -0.0019 -0.0001 -1.0000
vn -0.0185 -0.0006 -0.9998
vn -0.0245 -0.0014 -0.9997
vn 0.0001 -0.0000 -1.0000
vn 0.0008 -0.0000 -1.0000
vn 0.0019 -0.0001 -1.0000
vn 0.0185 -0.0006 -0.9998
vn 0.0245 -0.0014 -0.9997
vn 0.0927 -0.9862 0.1374
vn 0.1423 -0.8301 0.5391
vn 0.3426 -0.7572 0.5561
vn 0.0572 -0.8421 0.5362
vn 0.1005 -0.7220 0.6846
vn 0.2325 -0.6561 0.7180
vn 0.0369 -0.7291 0.6834
vn 0.6590 -0.7426 0.1194
vn 0.7714 -0.6040 0.2001
vn -0.4036 0.9020 -0.1532
vn -0.4871 0.8316 0.2667
vn -0.3761 0.9170 0.1327
vn -0.1042 0.9940 0.0326
vn -0.1402 0.9129 0.3834
vn -0.2093 0.9554 -0.2082
vn 0.0472 0.9373 0.3453
vn -0.2713 0.8909 0.3642
vn -0.0132 0.9991 -0.0403
vn 0.0833 0.8385 0.5384
vn -0.2430 0.8053 0.5408
vn 0.1008 0.9494 0.2974
vn -0.0941 0.9587 -0.2684
vn -0.0833 0.8225 0.5626
vn 0.1510 0.8244 0.5455
vn 0.0750 0.9907 -0.1132
vn 0.0011 0.7275 0.6861
vn 0.2567 0.7830 0.5666
vn 0.0145 0.9437 -0.3304
vn 0.1277 0.7327 0.6684
vn 0.1640 0.9583 0.2339
vn 0.1428 0.9730 -0.1811
vn 0.2296 0.6668 0.7090
vn 0.1179 0.9124 -0.3920
vn 0.2069 0.9583 0.1969
vn 0.3052 0.7481 0.5893
vn 0.3573 0.5822 0.7303
vn 0.1609 0.8823 -0.4423
vn 0.3707 0.5153 0.7727
vn 0.1854 0.9528 -0.2402
vn 0.3199 0.7127 0.6243
vn 0.2256 0.8404 -0.4928
vn 0.2450 0.9514 0.1864
vn 0.3558 0.4510 0.8185
vn 0.2449 0.9275 -0.2824
vn 0.3072 0.6909 0.6545
vn 0.2838 0.7935 -0.5383
vn 0.2824 0.9435 0.1736
vn 0.3064 0.4099 0.8591
vn 0.3047 0.9008 -0.3093
vn 0.2736 0.6717 0.6884
vn 0.3442 0.7486 -0.5667
vn 0.3153 0.9334 0.1712
vn 0.2271 0.3740 0.8992
vn 0.3636 0.8763 -0.3161
vn 0.2486 0.6741 0.6956
vn 0.4344 0.6902 -0.5787
vn 0.3501 0.9218 0.1666
vn 0.1434 0.3513 0.9252
vn 0.4337 0.8439 -0.3158
vn 0.3644 0.9153 0.1717
vn 0.5251 0.5854 -0.6177
vn 0.0642 0.3359 0.9397
vn 0.2176 0.6789 0.7012
vn 0.5225 0.7918 -0.3163
vn 0.0331 0.3424 0.9390
vn 0.6147 0.4709 -0.6328
vn 0.3952 0.8860 0.2425
vn 0.2023 0.6392 0.7420
vn 0.6190 0.7069 -0.3422
vn 0.0011 0.3597 0.9330
vn 0.4324 0.8533 0.2916
vn 0.6110 0.2669 -0.7453
vn 0.1625 0.6016 0.7821
vn 0.6684 0.6044 -0.4335
vn -0.0107 0.3817 0.9242
vn 0.4581 0.8351 0.3046
vn 0.7065 0.4304 -0.5618
vn 0.1499 0.5974 0.7878
vn 0.4657 0.8364 0.2892
vn 0.7857 0.6152 -0.0644
vn 0.1114 0.5267 0.8428
vn 0.8279 0.4063 0.3866
vn 0.4558 0.6285 0.6303
vn 0.3597 0.9148 0.1839
vn -0.9525 0.0164 -0.3042
vn -0.9041 0.3619 -0.2271
vn -0.8472 0.0343 -0.5301
vn -0.9530 0.3026 0.0171
vn -0.7864 0.3990 -0.4717
vn -0.9962 -0.0319 -0.0810
vn -0.6656 0.0161 -0.7461
vn -0.4416 0.8758 -0.1948
vn -0.9844 -0.1092 0.1380
vn -0.5841 0.4048 -0.7035
vn -0.5475 0.8367 -0.0109
vn -0.9393 0.2236 0.2602
vn -0.3966 -0.0435 -0.9170
vn -0.2690 0.8931 -0.3605
vn -0.9109 -0.2161 0.3515
vn -0.5913 0.7860 0.1804
vn -0.8566 0.1228 0.5011
vn -0.0917 0.9948 0.0452
vn -0.2892 0.3653 -0.8848
vn -0.7591 -0.3513 0.5481
vn -0.1598 0.9763 0.1462
vn -0.0312 0.8741 -0.4847
vn -0.6874 -0.0011 0.7263
vn -0.1881 0.9483 0.2556
vn 0.0133 0.9991 -0.0397
vn -0.3481 0.5823 0.7347
vn 0.0910 0.9830 0.1597
vn 0.1481 0.9840 -0.0987
vn -0.1284 0.4920 0.8611
vn 0.0525 0.9752 0.2151
vn 0.2984 0.9466 -0.1217
vn -0.4179 -0.1407 0.8975
vn 0.0365 0.9607 0.2753
vn 0.2223 0.9714 0.0833
vn -0.5131 -0.5015 0.6966
vn 0.0438 0.9409 0.3358
vn 0.1492 0.9822 0.1142
vn -0.1879 -0.6340 0.7502
vn 0.1651 0.9356 0.3119
vn -0.0693 -0.2724 0.9597
vn -0.1757 0.9139 0.3661
vn 0.2892 -0.3653 0.8849
vn 0.2204 0.9557 0.1953
vn 0.1522 -0.7129 0.6846
vn -0.5752 0.7275 0.3739
vn 0.1899 0.9570 0.2193
vn 0.5841 -0.4048 0.7035
vn 0.4348 -0.7304 0.5267
vn 0.1697 0.9536 0.2485
vn 0.7863 -0.3990 0.4716
vn -0.4963 0.6606 0.5632
vn 0.6303 -0.7056 0.3238
vn 0.1613 0.9463 0.2803
vn 0.9041 -0.3619 0.2271
vn 0.7451 -0.6584 0.1071
vn 0.8045 0.2475 0.5399
vn -0.0299 0.8296 0.5576
vn 0.2385 0.9253 0.2949
vn 0.9530 -0.3026 -0.0171
vn 0.0964 0.7808 0.6173
vn 0.2454 0.9193 0.3076
vn 0.7921 -0.5998 -0.1130
vn 0.1811 0.9225 0.3410
vn 0.7770 -0.5328 -0.3353
vn 0.2436 0.7312 0.6371
vn 0.9393 -0.2235 -0.2602
vn 0.1428 0.3985 0.9060
vn 0.0742 0.9171 0.3916
vn 0.6941 -0.4551 -0.5577
vn 0.8566 -0.1228 -0.5011
vn -0.1224 0.8742 0.4699
vn 0.5283 -0.3631 -0.7675
vn 0.6874 0.0011 -0.7263
vn 0.4167 0.3189 0.8513
vn 0.2688 -0.2548 -0.9289
vn 0.4179 0.1408 -0.8975
vn 0.6439 0.2673 0.7169
vn 0.1258 0.8905 0.4372
vn -0.0622 -0.1401 -0.9882
vn 0.3918 0.6870 0.6120
vn 0.1946 0.8624 0.4673
vn 0.0693 0.2725 -0.9596
vn 0.5210 0.6546 0.5477
vn 0.2738 0.8351 0.4771
vn 0.2469 0.8076 -0.5356
vn 0.3538 0.8118 0.4645
vn 0.6194 0.6386 0.4566
vn 0.4252 0.7954 0.4319
vn 0.2856 0.8777 0.3849
vn 0.9014 0.2586 0.3474
vn 0.5139 0.7010 -0.4945
vn 0.4435 0.8902 -0.1040
vn 0.2442 0.8922 0.3799
vn 0.9419 0.2991 0.1529
vn 0.2914 0.8990 0.3271
vn 0.7230 0.5782 -0.3781
vn 0.6824 0.6414 0.3507
vn 0.3277 0.8657 0.3784
vn 0.9291 0.3679 -0.0374
vn 0.3100 0.8937 0.3242
vn 0.8593 0.4627 -0.2182
vn 0.6983 0.7038 0.1309
vn 0.3654 0.8577 0.3617
vn 0.7088 0.6635 0.2395
vn 0.6501 0.7592 0.0319
vn 0.4812 0.7879 0.3843
vn 0.5641 0.8242 -0.0496
vn 0.5266 0.8246 0.2065
vn 0.5179 0.7904 0.3273
vn 0.4979 0.8537 0.1524
vn 0.5333 0.8029 0.2664
vn 0.3815 0.9209 0.0805
vn 0.4150 0.8563 0.3075
vn 0.3031 0.9503 0.0714
vn 0.4196 0.8743 0.2440
vn 0.3953 0.8544 0.3371
vn 0.4041 0.8890 0.2155
vn 0.4233 0.8631 0.2756
vn 0.3777 0.9057 0.1925
vn 0.3486 0.8903 0.2929
vn 0.3009 0.9379 0.1729
vn 0.4485 0.8871 0.1088
vn 0.3506 0.8982 0.2653
vn 0.2587 0.9492 0.1791
vn 0.3438 0.9044 0.2527
vn 0.3322 0.9115 0.2424
vn 0.3422 0.9227 0.1776
vn 0.2951 0.9133 0.2806
vn 0.2981 0.9256 0.2334
vn 0.3522 0.8934 0.2790
vn 0.3165 0.9189 0.2356
vn 0.2794 0.9307 0.2363
vn 0.2625 0.9337 0.2436
vn 0.3400 0.8893 0.3059
vn 0.2492 0.9345 0.2543
vn 0.2405 0.9331 0.2672
vn 0.3268 0.8904 0.3168
vn 0.2369 0.9300 0.2811
vn 0.2730 0.9055 0.3249
vn 0.2571 0.9126 0.3180
vn 0.2082 0.9076 0.3645
vn 0.4036 0.9020 -0.1532
vn 0.3761 0.9170 0.1327
vn 0.4871 0.8316 0.2667
vn 0.1042 0.9940 0.0326
vn 0.1402 0.9129 0.3834
vn 0.2093 0.9554 -0.2082
vn -0.0472 0.9373 0.3453
vn 0.2713 0.8909 0.3642
vn 0.0132 0.9991 -0.0403
vn -0.0833 0.8385 0.5384
vn 0.2430 0.8053 0.5408
vn 0.0941 0.9587 -0.2684
vn -0.1008 0.9494 0.2974
vn -0.1510 0.8244 0.5455
vn 0.0833 0.8225 0.5626
vn -0.0750 0.9907 -0.1132
vn -0.0145 0.9437 -0.3304
vn -0.2567 0.7830 0.5666
vn -0.1640 0.9583 0.2339
vn -0.0011 0.7275 0.6861
vn -0.1428 0.9730 -0.1811
vn -0.1277 0.7327 0.6684
vn -0.1179 0.9124 -0.3920
vn -0.3052 0.7481 0.5893
vn -0.2069 0.9583 0.1969
vn -0.2296 0.6668 0.7090
vn -0.1609 0.8823 -0.4423
vn -0.3707 0.5153 0.7727
vn -0.3573 0.5822 0.7303
vn -0.3199 0.7127 0.6243
vn -0.1854 0.9528 -0.2402
vn -0.3558 0.4510 0.8185
vn -0.2450 0.9514 0.1864
vn -0.2256 0.8404 -0.4928
vn -0.3064 0.4099 0.8591
vn -0.2449 0.9275 -0.2824
vn -0.3072 0.6909 0.6545
vn -0.2824 0.9435 0.1736
vn -0.2838 0.7935 -0.5383
vn -0.2271 0.3740 0.8992
vn -0.2736 0.6717 0.6884
vn -0.3047 0.9008 -0.3093
vn -0.3153 0.9334 0.1712
vn -0.1434 0.3513 0.9252
vn -0.3442 0.7486 -0.5667
vn -0.2486 0.6741 0.6956
vn -0.3636 0.8763 -0.3161
vn -0.3501 0.9218 0.1666
vn -0.0642 0.3359 0.9397
vn -0.4344 0.6902 -0.5787
vn -0.3644 0.9153 0.1717
vn -0.2176 0.6789 0.7012
vn -0.4337 0.8439 -0.3158
vn -0.0331 0.3424 0.9390
vn -0.5251 0.5854 -0.6177
vn -0.3952 0.8860 0.2425
vn -0.2023 0.6392 0.7420
vn -0.5225 0.7918 -0.3163
vn -0.0011 0.3597 0.9330
vn -0.6147 0.4709 -0.6328
vn -0.4324 0.8533 0.2916
vn -0.1625 0.6016 0.7821
vn -0.6190 0.7069 -0.3422
vn 0.0107 0.3817 0.9242
vn -0.6110 0.2669 -0.7453
vn -0.4581 0.8351 0.3046
vn -0.1499 0.5974 0.7878
vn -0.6684 0.6044 -0.4335
vn -0.1114 0.5267 0.8428
vn -0.7065 0.4304 -0.5618
vn -0.4657 0.8364 0.2892
vn -0.4558 0.6285 0.6303
vn -0.7857 0.6152 -0.0644
vn -0.8279 0.4063 0.3866
vn -0.3597 0.9148 0.1839
vn 0.9525 0.0164 -0.3042
vn 0.8472 0.0343 -0.5301
vn 0.9041 0.3619 -0.2271
vn 0.9530 0.3026 0.0171
vn 0.7864 0.3990 -0.4717
vn 0.9962 -0.0319 -0.0810
vn 0.4416 0.8758 -0.1948
vn 0.6656 0.0161 -0.7461
vn 0.9844 -0.1092 0.1380
vn 0.5475 0.8367 -0.0109
vn 0.5841 0.4048 -0.7035
vn 0.9393 0.2236 0.2602
vn 0.2690 0.8931 -0.3605
vn 0.5913 0.7860 0.1804
vn 0.9109 -0.2161 0.3515
vn 0.5752 0.7275 0.3739
vn 0.3966 -0.0435 -0.9170
vn 0.0312 0.8741 -0.4847
vn 0.8566 0.1228 0.5011
vn 0.1757 0.9139 0.3661
vn 0.2892 0.3653 -0.8848
vn 0.4963 0.6606 0.5632
vn 0.1224 0.8742 0.4699
vn 0.0622 -0.1401 -0.9882
vn 0.7591 -0.3513 0.5481
vn 0.1881 0.9483 0.2556
vn -0.0693 0.2725 -0.9596
vn 0.3481 0.5823 0.7347
vn -0.0742 0.9171 0.3916
vn -0.2469 0.8076 -0.5356
vn 0.6874 -0.0011 0.7263
vn -0.0438 0.9409 0.3358
vn 0.5131 -0.5015 0.6966
vn -0.1258 0.8905 0.4372
vn -0.0365 0.9607 0.2753
vn -0.2984 0.9466 -0.1217
vn 0.0299 0.8296 0.5576
vn -0.1811 0.9225 0.3410
vn -0.5139 0.7010 -0.4945
vn -0.2082 0.9076 0.3645
vn -0.4179 0.1408 -0.8975
vn -0.2442 0.8922 0.3799
vn -0.0964 0.7808 0.6173
vn -0.1946 0.8624 0.4673
vn 0.1284 0.4920 0.8611
vn -0.2688 -0.2548 -0.9289
vn -0.2738 0.8351 0.4771
vn -0.6874 0.0011 -0.7263
vn 0.4179 -0.1407 0.8975
vn -0.2436 0.7312 0.6371
vn -0.5283 -0.3631 -0.7675
vn -0.8566 -0.1228 -0.5011
vn 0.1879 -0.6340 0.7502
vn -0.1428 0.3985 0.9060
vn -0.6941 -0.4551 -0.5577
vn -0.9393 -0.2235 -0.2602
vn -0.4167 0.3189 0.8513
vn -0.7230 0.5782 -0.3781
vn -0.7770 -0.5328 -0.3353
vn -0.3918 0.6870 0.6120
vn -0.9530 -0.3026 -0.0171
vn -0.4435 0.8902 -0.1040
vn -0.2892 -0.3653 0.8849
vn -0.7921 -0.5998 -0.1130
vn -0.5841 -0.4048 0.7035
vn -0.7451 -0.6584 0.1071
vn -0.3031 0.9503 0.0714
vn -0.1522 -0.7129 0.6846
vn -0.6439 0.2673 0.7169
vn -0.9041 -0.3619 0.2271
vn -0.1481 0.9840 -0.0987
vn -0.4348 -0.7304 0.5267
vn -0.9014 0.2586 0.3474
vn -0.7863 -0.3990 0.4716
vn -0.9419 0.2991 0.1529
vn -0.6303 -0.7056 0.3238
vn -0.9291 0.3679 -0.0374
vn -0.0133 0.9991 -0.0397
vn -0.8045 0.2475 0.5399
vn -0.8593 0.4627 -0.2182
vn 0.0917 0.9948 0.0452
vn -0.1492 0.9822 0.1142
vn -0.6194 0.6386 0.4566
vn -0.2223 0.9714 0.0833
vn -0.5210 0.6546 0.5477
vn -0.5641 0.8242 -0.0496
vn -0.3815 0.9209 0.0805
vn -0.4252 0.7954 0.4319
vn -0.3538 0.8118 0.4645
vn -0.3009 0.9379 0.1729
vn -0.4812 0.7879 0.3843
vn -0.2587 0.9492 0.1791
vn -0.4485 0.8871 0.1088
vn -0.6824 0.6414 0.3507
vn -0.3422 0.9227 0.1776
vn -0.5179 0.7904 0.3273
vn -0.2204 0.9557 0.1953
vn -0.2981 0.9256 0.2334
vn -0.0910 0.9830 0.1597
vn -0.2794 0.9307 0.2363
vn -0.1899 0.9570 0.2193
vn -0.2625 0.9337 0.2436
vn -0.7088 0.6635 0.2395
vn 0.1598 0.9763 0.1462
vn -0.6983 0.7038 0.1309
vn -0.0525 0.9752 0.2151
vn -0.5266 0.8246 0.2065
vn -0.6501 0.7592 0.0319
vn -0.5333 0.8029 0.2664
vn -0.4979 0.8537 0.1524
vn -0.4041 0.8890 0.2155
vn -0.3777 0.9057 0.1925
vn -0.4196 0.8743 0.2440
vn -0.4150 0.8563 0.3075
vn -0.3322 0.9115 0.2424
vn -0.4233 0.8631 0.2756
vn -0.3165 0.9189 0.2356
vn -0.3438 0.9044 0.2527
vn -0.3953 0.8544 0.3371
vn -0.3506 0.8982 0.2653
vn -0.3486 0.8903 0.2929
vn -0.2951 0.9133 0.2806
vn -0.3400 0.8893 0.3059
vn -0.3522 0.8934 0.2790
vn -0.3654 0.8577 0.3617
vn -0.3268 0.8904 0.3168
vn -0.3277 0.8657 0.3784
vn -0.3100 0.8937 0.3242
vn -0.2492 0.9345 0.2543
vn -0.2914 0.8990 0.3271
vn -0.2856 0.8777 0.3849
vn -0.2405 0.9331 0.2672
vn -0.1697 0.9536 0.2485
vn -0.2730 0.9055 0.3249
vn -0.2571 0.9126 0.3180
vn -0.1613 0.9463 0.2803
vn -0.1651 0.9356 0.3119
vn -0.2454 0.9193 0.3076
vn -0.2369 0.9300 0.2811
vn -0.2385 0.9253 0.2949
vn 0.0693 -0.2724 0.9597
# 2685 vertex normals

vt 0.2773 0.8168 0.0000
vt 0.3081 0.8164 0.0000
vt 0.2773 0.8491 0.0000
vt 0.3098 0.8478 0.0000
vt 0.3389 0.8160 0.0000
vt 0.3416 0.8469 0.0000
vt 0.3694 0.8156 0.0000
vt 0.3730 0.8468 0.0000
vt 0.4006 0.8143 0.0000
vt 0.3069 0.7756 0.0000
vt 0.2773 0.8842 0.0000
vt 0.3674 0.7744 0.0000
vt 0.3362 0.7755 0.0000
vt 0.2448 0.8478 0.0000
vt 0.3948 0.7732 0.0000
vt 0.2428 0.8788 0.0000
vt 0.4058 0.8468 0.0000
vt 0.3118 0.8788 0.0000
vt 0.4238 0.7699 0.0000
vt 0.3906 0.7241 0.0000
vt 0.4319 0.8113 0.0000
vt 0.3635 0.7261 0.0000
vt 0.4385 0.8430 0.0000
vt 0.3428 0.8768 0.0000
vt 0.4639 0.8066 0.0000
vt 0.3433 0.9108 0.0000
vt 0.3740 0.8777 0.0000
vt 0.4531 0.7643 0.0000
vt 0.3181 0.9137 0.0000
vt 0.4707 0.8389 0.0000
vt 0.4829 0.7557 0.0000
vt 0.4399 0.7168 0.0000
vt 0.3687 0.9133 0.0000
vt 0.4971 0.7999 0.0000
vt 0.4158 0.7217 0.0000
vt 0.3953 0.9220 0.0000
vt 0.5044 0.8348 0.0000
vt 0.4631 0.7083 0.0000
vt 0.4089 0.8815 0.0000
vt 0.5327 0.7903 0.0000
vt 0.5132 0.7432 0.0000
vt 0.4858 0.6953 0.0000
vt 0.3716 0.9573 0.0000
vt 0.4612 0.7039 0.0000
vt 0.3579 0.9501 0.0000
vt 0.5425 0.8303 0.0000
vt 0.4827 0.6912 0.0000
vt 0.3665 0.9631 0.0000
vt 0.5063 0.8674 0.0000
vt 0.4775 0.6853 0.0000
vt 0.4749 0.8690 0.0000
vt 0.5425 0.8695 0.0000
vt 0.4583 0.6973 0.0000
vt 0.3433 0.9476 0.0000
vt 0.4778 0.9034 0.0000
vt 0.5034 0.9041 0.0000
vt 0.4385 0.7122 0.0000
vt 0.4368 0.7051 0.0000
vt 0.3286 0.9497 0.0000
vt 0.5313 0.9112 0.0000
vt 0.2922 0.9228 0.0000
vt 0.4805 0.9407 0.0000
vt 0.4954 0.9420 0.0000
vt 0.4150 0.7170 0.0000
vt 0.4658 0.9441 0.0000
vt 0.4141 0.7097 0.0000
vt 0.4524 0.9083 0.0000
vt 0.5098 0.9485 0.0000
vt 0.4834 0.9805 0.0000
vt 0.4436 0.8737 0.0000
vt 0.3906 0.7188 0.0000
vt 0.4751 0.9735 0.0000
vt 0.3643 0.7209 0.0000
vt 0.3657 0.7134 0.0000
vt 0.4653 0.9648 0.0000
vt 0.3296 0.7185 0.0000
vt 0.4268 0.9195 0.0000
vt 0.3286 0.7229 0.0000
vt 0.4526 0.9521 0.0000
vt 0.3311 0.7117 0.0000
vt 0.3301 0.7312 0.0000
vt 0.4578 0.9575 0.0000
vt 0.3049 0.7102 0.0000
vt 0.3354 0.7424 0.0000
vt 0.3044 0.7173 0.0000
vt 0.3071 0.7480 0.0000
vt 0.3042 0.7217 0.0000
vt 0.2773 0.7166 0.0000
vt 0.3052 0.7329 0.0000
vt 0.2773 0.7092 0.0000
vt 0.2773 0.7507 0.0000
vt 0.2773 0.7212 0.0000
vt 0.2498 0.7102 0.0000
vt 0.2773 0.7755 0.0000
vt 0.2773 0.7344 0.0000
vt 0.2500 0.7173 0.0000
vt 0.2252 0.7185 0.0000
vt 0.2465 0.8164 0.0000
vt 0.2495 0.7329 0.0000
vt 0.2261 0.7229 0.0000
vt 0.2477 0.7480 0.0000
vt 0.1910 0.7261 0.0000
vt 0.2502 0.7217 0.0000
vt 0.2478 0.7756 0.0000
vt 0.2245 0.7312 0.0000
vt 0.2131 0.8469 0.0000
vt 0.2159 0.8160 0.0000
vt 0.2192 0.7424 0.0000
vt 0.2185 0.7755 0.0000
vt 0.1874 0.7744 0.0000
vt 0.1816 0.8468 0.0000
vt 0.1599 0.7731 0.0000
vt 0.1852 0.8154 0.0000
vt 0.2118 0.8767 0.0000
vt 0.1489 0.8468 0.0000
vt 0.1542 0.8143 0.0000
vt 0.1807 0.8777 0.0000
vt 0.1228 0.8113 0.0000
vt 0.1162 0.8430 0.0000
vt 0.1307 0.7699 0.0000
vt 0.2114 0.9107 0.0000
vt 0.1456 0.8815 0.0000
vt 0.1641 0.7241 0.0000
vt 0.2366 0.9136 0.0000
vt 0.1859 0.9132 0.0000
vt 0.0909 0.8065 0.0000
vt 0.0839 0.8387 0.0000
vt 0.2622 0.9228 0.0000
vt 0.2113 0.9475 0.0000
vt 0.1593 0.9219 0.0000
vt 0.0503 0.8347 0.0000
vt 0.2260 0.9497 0.0000
vt 0.0577 0.7999 0.0000
vt 0.2394 0.9567 0.0000
vt 0.1968 0.9501 0.0000
vt 0.0122 0.8302 0.0000
vt 0.2122 0.9870 0.0000
vt 0.2045 0.9798 0.0000
vt 0.1831 0.9573 0.0000
vt 0.0218 0.7903 0.0000
vt 0.1881 0.9630 0.0000
vt 0.1952 0.9706 0.0000
vt 0.0719 0.7556 0.0000
vt 0.0121 0.8694 0.0000
vt 0.1016 0.7643 0.0000
vt 0.0481 0.8673 0.0000
vt 0.0415 0.7432 0.0000
vt 0.0916 0.7083 0.0000
vt 0.0236 0.9110 0.0000
vt 0.0690 0.6953 0.0000
vt 0.0800 0.8689 0.0000
vt 0.1390 0.7217 0.0000
vt 0.0722 0.6912 0.0000
vt 0.1149 0.7168 0.0000
vt 0.0936 0.7039 0.0000
vt 0.1111 0.8735 0.0000
vt 0.0772 0.6853 0.0000
vt 0.0770 0.9033 0.0000
vt 0.1161 0.7122 0.0000
vt 0.1024 0.9082 0.0000
vt 0.1396 0.7170 0.0000
vt 0.0966 0.6973 0.0000
vt 0.1180 0.7051 0.0000
vt 0.1278 0.9194 0.0000
vt 0.1642 0.7188 0.0000
vt 0.1405 0.7097 0.0000
vt 0.0888 0.9440 0.0000
vt 0.1904 0.7209 0.0000
vt 0.1019 0.9519 0.0000
vt 0.1639 0.7112 0.0000
vt 0.0968 0.9574 0.0000
vt 0.1890 0.7134 0.0000
vt 0.0743 0.9405 0.0000
vt 0.0894 0.9646 0.0000
vt 0.2235 0.7117 0.0000
vt 0.0511 0.9039 0.0000
vt 0.0795 0.9734 0.0000
vt 0.0593 0.9419 0.0000
vt 0.0451 0.9484 0.0000
vt 0.0713 0.9803 0.0000
vt 0.3152 0.9567 0.0000
vt 0.3423 0.9870 0.0000
vt 0.3501 0.9798 0.0000
vt 0.3594 0.9707 0.0000
vt 0.0703 0.6506 0.0000
vt 0.0682 0.6414 0.0000
vt 0.0706 0.6411 0.0000
vt 0.0634 0.6440 0.0000
vt 0.0684 0.6321 0.0000
vt 0.0664 0.6653 0.0000
vt 0.0637 0.6230 0.0000
vt 0.0551 0.6448 0.0000
vt 0.0571 0.6733 0.0000
vt 0.0555 0.6165 0.0000
vt 0.0445 0.6448 0.0000
vt 0.0441 0.6760 0.0000
vt 0.0450 0.6143 0.0000
vt 0.0311 0.6731 0.0000
vt 0.0344 0.6162 0.0000
vt 0.0339 0.6445 0.0000
vt 0.0220 0.6648 0.0000
vt 0.0259 0.6226 0.0000
vt 0.0257 0.6436 0.0000
vt 0.0186 0.6499 0.0000
vt 0.0210 0.6313 0.0000
vt 0.0210 0.6409 0.0000
vt 0.0186 0.6404 0.0000
vt 0.3909 0.7112 0.0000
vt 0.3979 0.1460 0.0000
vt 0.4155 0.1333 0.0000
vt 0.4001 0.1504 0.0000
vt 0.3782 0.1577 0.0000
vt 0.4192 0.1367 0.0000
vt 0.3772 0.1528 0.0000
vt 0.4285 0.1157 0.0000
vt 0.3547 0.1577 0.0000
vt 0.3665 0.0840 0.0000
vt 0.4329 0.1177 0.0000
vt 0.3555 0.1528 0.0000
vt 0.4351 0.0947 0.0000
vt 0.3325 0.1504 0.0000
vt 0.4402 0.0957 0.0000
vt 0.4351 0.0732 0.0000
vt 0.3350 0.1460 0.0000
vt 0.4402 0.0723 0.0000
vt 0.3137 0.1367 0.0000
vt 0.4282 0.0522 0.0000
vt 0.3171 0.1333 0.0000
vt 0.4329 0.0503 0.0000
vt 0.2998 0.1177 0.0000
vt 0.4155 0.0347 0.0000
vt 0.3044 0.1157 0.0000
vt 0.4192 0.0313 0.0000
vt 0.2927 0.0957 0.0000
vt 0.3979 0.0220 0.0000
vt 0.2976 0.0947 0.0000
vt 0.4001 0.0176 0.0000
vt 0.2927 0.0723 0.0000
vt 0.3772 0.0151 0.0000
vt 0.2976 0.0732 0.0000
vt 0.3782 0.0103 0.0000
vt 0.2998 0.0503 0.0000
vt 0.3555 0.0151 0.0000
vt 0.3044 0.0522 0.0000
vt 0.3547 0.0103 0.0000
vt 0.3137 0.0313 0.0000
vt 0.3347 0.0220 0.0000
vt 0.3171 0.0347 0.0000
vt 0.3325 0.0176 0.0000
vt 0.1239 0.0464 0.0000
vt 0.1466 0.0464 0.0000
vt 0.1239 0.0669 0.0000
vt 0.1011 0.0669 0.0000
vt 0.1466 0.0669 0.0000
vt 0.1011 0.0464 0.0000
vt 0.1694 0.0464 0.0000
vt 0.0783 0.0669 0.0000
vt 0.1694 0.0669 0.0000
vt 0.0783 0.0464 0.0000
vt 0.1923 0.0464 0.0000
vt 0.0555 0.0669 0.0000
vt 0.1923 0.0669 0.0000
vt 0.0555 0.0464 0.0000
vt 0.2150 0.0464 0.0000
vt 0.0328 0.0669 0.0000
vt 0.0328 0.0464 0.0000
vt 0.2150 0.0669 0.0000
vt 0.2378 0.0464 0.0000
vt 0.2378 0.0669 0.0000
vt 0.2605 0.0464 0.0000
vt 0.2605 0.0669 0.0000
vt 0.2598 0.0171 0.0000
vt 0.2598 0.0371 0.0000
vt 0.2371 0.0171 0.0000
vt 0.2371 0.0371 0.0000
vt 0.2142 0.0171 0.0000
vt 0.2142 0.0371 0.0000
vt 0.1915 0.0171 0.0000
vt 0.1915 0.0371 0.0000
vt 0.1687 0.0171 0.0000
vt 0.1687 0.0371 0.0000
vt 0.1459 0.0171 0.0000
vt 0.1459 0.0371 0.0000
vt 0.1232 0.0171 0.0000
vt 0.1232 0.0371 0.0000
vt 0.1004 0.0171 0.0000
vt 0.1004 0.0371 0.0000
vt 0.0776 0.0171 0.0000
vt 0.0776 0.0371 0.0000
vt 0.0548 0.0171 0.0000
vt 0.0548 0.0371 0.0000
vt 0.0320 0.0171 0.0000
vt 0.0320 0.0371 0.0000
vt 0.2158 0.8160 0.0000
vt 0.2476 0.7480 0.0000
vt 0.1873 0.7744 0.0000
vt 0.1852 0.8156 0.0000
vt 0.2625 0.9228 0.0000
vt 0.2118 0.8768 0.0000
vt 0.3428 0.8767 0.0000
vt 0.1599 0.7732 0.0000
vt 0.1903 0.7209 0.0000
vt 0.1227 0.8113 0.0000
vt 0.1641 0.7188 0.0000
vt 0.3694 0.8154 0.0000
vt 0.1395 0.7170 0.0000
vt 0.1389 0.7217 0.0000
vt 0.3948 0.7731 0.0000
vt 0.4004 0.8143 0.0000
vt 0.1860 0.9133 0.0000
vt 0.2114 0.9108 0.0000
vt 0.3687 0.9132 0.0000
vt 0.2367 0.9137 0.0000
vt 0.3953 0.9219 0.0000
vt 0.2395 0.9567 0.0000
vt 0.3433 0.9107 0.0000
vt 0.2261 0.9497 0.0000
vt 0.4436 0.8735 0.0000
vt 0.2114 0.9476 0.0000
vt 0.4524 0.9082 0.0000
vt 0.4268 0.9194 0.0000
vt 0.2123 0.9870 0.0000
vt 0.4658 0.9440 0.0000
vt 0.1952 0.9707 0.0000
vt 0.4805 0.9405 0.0000
vt 0.4636 0.8065 0.0000
vt 0.4775 0.9033 0.0000
vt 0.1881 0.9631 0.0000
vt 0.4746 0.8689 0.0000
vt 0.4954 0.9419 0.0000
vt 0.4707 0.8387 0.0000
vt 0.5034 0.9039 0.0000
vt 0.1594 0.9220 0.0000
vt 0.5063 0.8673 0.0000
vt 0.5044 0.8347 0.0000
vt 0.5425 0.8694 0.0000
vt 0.5425 0.8302 0.0000
vt 0.4827 0.7556 0.0000
vt 0.5308 0.9110 0.0000
vt 0.1111 0.8737 0.0000
vt 0.4856 0.6953 0.0000
vt 0.5093 0.9484 0.0000
vt 0.0839 0.8389 0.0000
vt 0.4834 0.9803 0.0000
vt 0.0909 0.8066 0.0000
vt 0.4824 0.6912 0.0000
vt 0.0800 0.8690 0.0000
vt 0.4751 0.9734 0.0000
vt 0.0576 0.7999 0.0000
vt 0.0502 0.8348 0.0000
vt 0.0480 0.8674 0.0000
vt 0.4653 0.9646 0.0000
vt 0.0217 0.7903 0.0000
vt 0.0121 0.8303 0.0000
vt 0.1148 0.7168 0.0000
vt 0.4580 0.9574 0.0000
vt 0.0915 0.7083 0.0000
vt 0.0414 0.7432 0.0000
vt 0.4526 0.9519 0.0000
vt 0.0718 0.7557 0.0000
vt 0.0688 0.6953 0.0000
vt 0.0935 0.7039 0.0000
vt 0.0721 0.6912 0.0000
vt 0.1179 0.7051 0.0000
vt 0.0771 0.6853 0.0000
vt 0.0965 0.6973 0.0000
vt 0.1638 0.7112 0.0000
vt 0.1888 0.7134 0.0000
vt 0.3293 0.7185 0.0000
vt 0.3069 0.7480 0.0000
vt 0.3906 0.7112 0.0000
vt 0.4397 0.7168 0.0000
vt 0.4580 0.6973 0.0000
vt 0.0120 0.8695 0.0000
vt 0.0510 0.9041 0.0000
vt 0.0770 0.9034 0.0000
vt 0.0235 0.9112 0.0000
vt 0.0593 0.9420 0.0000
vt 0.0450 0.9485 0.0000
vt 0.1024 0.9083 0.0000
vt 0.0743 0.9407 0.0000
vt 0.0713 0.9805 0.0000
vt 0.0888 0.9441 0.0000
vt 0.0795 0.9735 0.0000
vt 0.1278 0.9195 0.0000
vt 0.0894 0.9648 0.0000
vt 0.1020 0.9521 0.0000
vt 0.0968 0.9575 0.0000
vt 0.3181 0.9136 0.0000
vt 0.3433 0.9475 0.0000
vt 0.3425 0.9870 0.0000
vt 0.3596 0.9706 0.0000
vt 0.3667 0.9630 0.0000
vt 0.2466 0.8164 0.0000
vt 0.2479 0.7756 0.0000
vt 0.2449 0.8478 0.0000
vt 0.3101 0.8478 0.0000
vt 0.2186 0.7755 0.0000
vt 0.2429 0.8788 0.0000
vt 0.3083 0.8164 0.0000
vt 0.2133 0.8469 0.0000
vt 0.3120 0.8788 0.0000
vt 0.1853 0.8156 0.0000
vt 0.3430 0.8767 0.0000
vt 0.2925 0.9228 0.0000
vt 0.1600 0.7732 0.0000
vt 0.4092 0.8815 0.0000
vt 0.1309 0.7699 0.0000
vt 0.4749 0.8689 0.0000
vt 0.4778 0.9033 0.0000
vt 0.4639 0.8065 0.0000
vt 0.4270 0.9194 0.0000
vt 0.4529 0.9519 0.0000
vt 0.1163 0.8430 0.0000
vt 0.5313 0.9110 0.0000
vt 0.4829 0.7556 0.0000
vt 0.4753 0.9734 0.0000
vt 0.4956 0.9419 0.0000
vt 0.5098 0.9484 0.0000
vt 0.4387 0.7122 0.0000
vt 0.3313 0.7117 0.0000
vt 0.3303 0.7312 0.0000
vt 0.3047 0.7173 0.0000
vt 0.3044 0.7217 0.0000
vt 0.2502 0.7173 0.0000
vt 0.2496 0.7329 0.0000
vt 0.2246 0.7312 0.0000
vt 0.1912 0.7261 0.0000
vt 0.1406 0.7097 0.0000
vt 0.0719 0.7557 0.0000
vt 0.0689 0.6953 0.0000
vt 0.0840 0.8389 0.0000
vt 0.0503 0.8348 0.0000
vt 0.1112 0.8737 0.0000
vt 0.1458 0.8815 0.0000
vt 0.0481 0.8674 0.0000
vt 0.0121 0.8695 0.0000
vt 0.1808 0.8777 0.0000
vt 0.0771 0.9034 0.0000
vt 0.0511 0.9041 0.0000
vt 0.2119 0.8768 0.0000
vt 0.0889 0.9441 0.0000
vt 0.1832 0.9573 0.0000
vt 0.1021 0.9521 0.0000
vt 0.2115 0.9108 0.0000
vt 0.1969 0.9501 0.0000
vt 0.2115 0.9476 0.0000
vt 0.1882 0.9631 0.0000
vt 0.0969 0.9575 0.0000
vt 0.1953 0.9707 0.0000
vt 0.0796 0.9735 0.0000
vt 0.2046 0.9798 0.0000
vt 0.2124 0.9870 0.0000
vt 0.0714 0.9805 0.0000
vt 0.0451 0.9485 0.0000
vt 0.0236 0.9112 0.0000
vt 0.3289 0.9497 0.0000
vt 0.3503 0.9798 0.0000
vt 0.8472 0.4355 0.0000
vt 0.8657 0.4238 0.0000
vt 0.8584 0.4521 0.0000
vt 0.8525 0.4067 0.0000
vt 0.8779 0.4424 0.0000
vt 0.8350 0.4214 0.0000
vt 0.8672 0.4717 0.0000
vt 0.8677 0.4219 0.0000
vt 0.8560 0.4531 0.0000
vt 0.8398 0.3926 0.0000
vt 0.8916 0.4595 0.0000
vt 0.8643 0.4722 0.0000
vt 0.8223 0.4087 0.0000
vt 0.8804 0.4404 0.0000
vt 0.8242 0.3784 0.0000
vt 0.8940 0.4575 0.0000
vt 0.8613 0.4722 0.0000
vt 0.8418 0.3906 0.0000
vt 0.8960 0.4556 0.0000
vt 0.8555 0.4917 0.0000
vt 0.8071 0.3970 0.0000
vt 0.8823 0.4385 0.0000
vt 0.8535 0.4541 0.0000
vt 0.8203 0.4106 0.0000
vt 0.8701 0.4204 0.0000
vt 0.8452 0.4370 0.0000
vt 0.8330 0.4229 0.0000
vt 0.8550 0.4048 0.0000
vt 0.7192 0.4717 0.0000
vt 0.8047 0.3994 0.0000
vt 0.8530 0.4907 0.0000
vt 0.7876 0.3853 0.0000
vt 0.8569 0.4033 0.0000
vt 0.7861 0.3877 0.0000
vt 0.8784 0.4131 0.0000
vt 0.7207 0.4907 0.0000
vt 0.7676 0.3735 0.0000
vt 0.8901 0.4302 0.0000
vt 0.7661 0.3765 0.0000
vt 0.8916 0.4282 0.0000
vt 0.7471 0.3667 0.0000
vt 0.9048 0.4429 0.0000
vt 0.7456 0.3701 0.0000
vt 0.9033 0.4453 0.0000
vt 0.8804 0.4111 0.0000
vt 0.7651 0.3789 0.0000
vt 0.7817 0.3472 0.0000
vt 0.7842 0.3901 0.0000
vt 0.7622 0.3340 0.0000
vt 0.7402 0.3853 0.0000
vt 0.7837 0.3438 0.0000
vt 0.7446 0.3730 0.0000
vt 0.8032 0.4014 0.0000
vt 0.8042 0.3628 0.0000
vt 0.7373 0.3960 0.0000
vt 0.8062 0.3599 0.0000
vt 0.7339 0.4072 0.0000
vt 0.7866 0.3418 0.0000
vt 0.7671 0.3286 0.0000
vt 0.8184 0.4121 0.0000
vt 0.8262 0.3755 0.0000
vt 0.8086 0.3579 0.0000
vt 0.7949 0.3359 0.0000
vt 0.7295 0.4204 0.0000
vt 0.8281 0.3735 0.0000
vt 0.7769 0.3213 0.0000
vt 0.8311 0.4243 0.0000
vt 0.8145 0.3511 0.0000
vt 0.7793 0.3193 0.0000
vt 0.7251 0.4360 0.0000
vt 0.8438 0.3887 0.0000
vt 0.8428 0.4385 0.0000
vt 0.7979 0.3340 0.0000
vt 0.8501 0.3813 0.0000
vt 0.7212 0.4531 0.0000
vt 0.8164 0.3486 0.0000
vt 0.8647 0.3970 0.0000
vt 0.8345 0.3672 0.0000
vt 0.8364 0.3647 0.0000
vt 0.8521 0.3794 0.0000
vt 0.8667 0.3950 0.0000
vt 0.7642 0.3306 0.0000
vt 0.8579 0.6033 0.0000
vt 0.8623 0.5876 0.0000
vt 0.9805 0.6033 0.0000
vt 0.8628 0.6189 0.0000
vt 0.9810 0.5876 0.0000
vt 0.9810 0.6189 0.0000
vt 0.8726 0.5735 0.0000
vt 0.8730 0.6331 0.0000
vt 0.9805 0.5735 0.0000
vt 0.9805 0.6331 0.0000
vt 0.8833 0.5605 0.0000
vt 0.8838 0.6458 0.0000
vt 0.9805 0.5605 0.0000
vt 0.9805 0.6458 0.0000
vt 0.8965 0.5496 0.0000
vt 0.8970 0.6570 0.0000
vt 0.9805 0.5496 0.0000
vt 0.9805 0.6567 0.0000
vt 0.9111 0.5405 0.0000
vt 0.9121 0.6660 0.0000
vt 0.9805 0.5400 0.0000
vt 0.9805 0.6663 0.0000
vt 0.9351 0.5293 0.0000
vt 0.9355 0.6768 0.0000
vt 0.9805 0.5288 0.0000
vt 0.9805 0.6772 0.0000
vt 0.9585 0.5212 0.0000
vt 0.9805 0.5139 0.0000
vt 0.9590 0.6848 0.0000
vt 0.9805 0.6917 0.0000
vt 0.8467 0.5088 0.0000
vt 0.8584 0.4927 0.0000
vt 0.8647 0.5215 0.0000
vt 0.8516 0.5383 0.0000
vt 0.8784 0.5027 0.0000
vt 0.8340 0.5234 0.0000
vt 0.8672 0.5234 0.0000
vt 0.8672 0.4727 0.0000
vt 0.8379 0.5522 0.0000
vt 0.8809 0.5044 0.0000
vt 0.8208 0.5356 0.0000
vt 0.8442 0.5073 0.0000
vt 0.8828 0.5066 0.0000
vt 0.8223 0.5659 0.0000
vt 0.8965 0.4893 0.0000
vt 0.8057 0.5469 0.0000
vt 0.8320 0.5217 0.0000
vt 0.8945 0.4873 0.0000
vt 0.8018 0.5806 0.0000
vt 0.8921 0.4849 0.0000
vt 0.7861 0.5581 0.0000
vt 0.8188 0.5339 0.0000
vt 0.7798 0.5957 0.0000
vt 0.7661 0.5693 0.0000
vt 0.8037 0.5447 0.0000
vt 0.8242 0.5686 0.0000
vt 0.7456 0.5757 0.0000
vt 0.8403 0.5544 0.0000
vt 0.7847 0.5557 0.0000
vt 0.7603 0.6082 0.0000
vt 0.7651 0.5667 0.0000
vt 0.8169 0.5322 0.0000
vt 0.8262 0.5706 0.0000
vt 0.7446 0.5723 0.0000
vt 0.8018 0.5427 0.0000
vt 0.8062 0.5859 0.0000
vt 0.7827 0.5532 0.0000
vt 0.7334 0.5364 0.0000
vt 0.8418 0.5564 0.0000
vt 0.7637 0.5642 0.0000
vt 0.8555 0.5420 0.0000
vt 0.7397 0.5579 0.0000
vt 0.7368 0.5476 0.0000
vt 0.8535 0.5403 0.0000
vt 0.7437 0.5696 0.0000
vt 0.8696 0.5254 0.0000
vt 0.8633 0.5486 0.0000
vt 0.7290 0.5232 0.0000
vt 0.8774 0.5327 0.0000
vt 0.8301 0.5203 0.0000
vt 0.8906 0.5154 0.0000
vt 0.7246 0.5078 0.0000
vt 0.9048 0.5000 0.0000
vt 0.8921 0.5176 0.0000
vt 0.8423 0.5061 0.0000
vt 0.9063 0.5024 0.0000
vt 0.8794 0.5347 0.0000
vt 0.8652 0.5505 0.0000
vt 0.8481 0.5637 0.0000
vt 0.8501 0.5659 0.0000
vt 0.8320 0.5774 0.0000
vt 0.8340 0.5796 0.0000
vt 0.8120 0.5925 0.0000
vt 0.8140 0.5952 0.0000
vt 0.7949 0.6094 0.0000
vt 0.7925 0.6072 0.0000
vt 0.7842 0.6008 0.0000
vt 0.7764 0.6228 0.0000
vt 0.8037 0.5835 0.0000
vt 0.7739 0.6208 0.0000
vt 0.7646 0.6138 0.0000
vt 0.7813 0.5989 0.0000
vt 0.7622 0.6118 0.0000
vt 0.7710 0.8922 0.0000
vt 0.8086 0.8896 0.0000
vt 0.7710 0.9859 0.0000
vt 0.8062 0.8444 0.0000
vt 0.8384 0.9807 0.0000
vt 0.7710 0.8422 0.0000
vt 0.7329 0.8896 0.0000
vt 0.8394 0.8779 0.0000
vt 0.8052 0.7651 0.0000
vt 0.7354 0.8444 0.0000
vt 0.8931 0.9533 0.0000
vt 0.8789 0.7740 0.0000
vt 0.7026 0.8779 0.0000
vt 0.8682 0.8568 0.0000
vt 0.8862 0.6973 0.0000
vt 0.6733 0.8568 0.0000
vt 0.8071 0.6873 0.0000
vt 0.6489 0.9533 0.0000
vt 0.9302 0.9125 0.0000
vt 0.7710 0.7645 0.0000
vt 0.7036 0.9807 0.0000
vt 0.9663 0.7992 0.0000
vt 0.7710 0.6863 0.0000
vt 0.9805 0.7109 0.0000
vt 0.7349 0.6873 0.0000
vt 0.9482 0.8777 0.0000
vt 0.7363 0.7651 0.0000
vt 0.6553 0.6973 0.0000
vt 0.6631 0.7740 0.0000
vt 0.5610 0.7109 0.0000
vt 0.5752 0.7992 0.0000
vt 0.5933 0.8777 0.0000
vt 0.6113 0.9125 0.0000
vt 0.5332 0.1250 0.0000
vt 0.5298 0.1558 0.0000
vt 0.5063 0.1255 0.0000
vt 0.5103 0.0986 0.0000
vt 0.5029 0.1572 0.0000
vt 0.5361 0.1011 0.0000
vt 0.5264 0.1890 0.0000
vt 0.5562 0.1548 0.0000
vt 0.5112 0.0864 0.0000
vt 0.5029 0.1924 0.0000
vt 0.5601 0.1240 0.0000
vt 0.5493 0.1846 0.0000
vt 0.4722 0.1606 0.0000
vt 0.5557 0.1826 0.0000
vt 0.5610 0.1040 0.0000
vt 0.4768 0.1948 0.0000
vt 0.5625 0.1548 0.0000
vt 0.5498 0.2085 0.0000
vt 0.5620 0.0898 0.0000
vt 0.4446 0.1680 0.0000
vt 0.5684 0.1787 0.0000
vt 0.5454 0.2100 0.0000
vt 0.4521 0.1982 0.0000
vt 0.5703 0.1548 0.0000
vt 0.5483 0.2275 0.0000
vt 0.4355 0.1992 0.0000
vt 0.5747 0.1304 0.0000
vt 0.5669 0.2217 0.0000
vt 0.4380 0.2231 0.0000
vt 0.5688 0.1274 0.0000
vt 0.5659 0.2017 0.0000
vt 0.4148 0.2017 0.0000
vt 0.5845 0.1143 0.0000
vt 0.4175 0.2251 0.0000
vt 0.5845 0.1943 0.0000
vt 0.4309 0.1704 0.0000
vt 0.5791 0.1104 0.0000
vt 0.5884 0.2139 0.0000
vt 0.4104 0.1729 0.0000
vt 0.5928 0.1021 0.0000
vt 0.6221 0.1997 0.0000
vt 0.3877 0.2031 0.0000
vt 0.5996 0.1279 0.0000
vt 0.6323 0.2319 0.0000
vt 0.3875 0.1729 0.0000
vt 0.6113 0.1162 0.0000
vt 0.5874 0.0981 0.0000
vt 0.6143 0.1821 0.0000
vt 0.3623 0.2021 0.0000
vt 0.5898 0.1343 0.0000
vt 0.6421 0.1895 0.0000
vt 0.3623 0.1704 0.0000
vt 0.6563 0.2222 0.0000
vt 0.3372 0.1729 0.0000
vt 0.5781 0.1538 0.0000
vt 0.6821 0.2104 0.0000
vt 0.3369 0.2031 0.0000
vt 0.6665 0.2676 0.0000
vt 0.3142 0.1729 0.0000
vt 0.3623 0.2236 0.0000
vt 0.5815 0.1738 0.0000
vt 0.6982 0.2588 0.0000
vt 0.6069 0.1626 0.0000
vt 0.7075 0.3086 0.0000
vt 0.3896 0.2246 0.0000
vt 0.5977 0.1470 0.0000
vt 0.3623 0.2407 0.0000
vt 0.6206 0.1538 0.0000
vt 0.3352 0.2246 0.0000
vt 0.6323 0.1714 0.0000
vt 0.6094 0.1392 0.0000
vt 0.6240 0.1270 0.0000
vt 0.3098 0.2017 0.0000
vt 0.6646 0.1763 0.0000
vt 0.6523 0.1572 0.0000
vt 0.2939 0.1704 0.0000
vt 0.6377 0.1401 0.0000
vt 0.2891 0.1992 0.0000
vt 0.2866 0.2231 0.0000
vt 0.2803 0.1680 0.0000
vt 0.3074 0.2246 0.0000
vt 0.2725 0.1982 0.0000
vt 0.2844 0.2402 0.0000
vt 0.2480 0.1948 0.0000
vt 0.3342 0.2407 0.0000
vt 0.3059 0.2412 0.0000
vt 0.2676 0.2222 0.0000
vt 0.2524 0.1606 0.0000
vt 0.2450 0.2192 0.0000
vt 0.3027 0.2681 0.0000
vt 0.2214 0.1924 0.0000
vt 0.2432 0.2378 0.0000
vt 0.3315 0.2681 0.0000
vt 0.2217 0.1572 0.0000
vt 0.2209 0.2358 0.0000
vt 0.3511 0.2549 0.0000
vt 0.2803 0.2676 0.0000
vt 0.2189 0.2637 0.0000
vt 0.3459 0.2651 0.0000
vt 0.2644 0.2393 0.0000
vt 0.2406 0.2656 0.0000
vt 0.3623 0.2642 0.0000
vt 0.2610 0.2671 0.0000
vt 0.3623 0.2549 0.0000
vt 0.2372 0.2998 0.0000
vt 0.3450 0.2979 0.0000
vt 0.3735 0.2549 0.0000
vt 0.2585 0.3008 0.0000
vt 0.3479 0.2671 0.0000
vt 0.2761 0.3013 0.0000
vt 0.3787 0.2651 0.0000
vt 0.3904 0.2407 0.0000
vt 0.3005 0.3003 0.0000
vt 0.2362 0.3345 0.0000
vt 0.2581 0.3350 0.0000
vt 0.3298 0.2988 0.0000
vt 0.2759 0.3350 0.0000
vt 0.3013 0.3335 0.0000
vt 0.2778 0.3716 0.0000
vt 0.4187 0.2412 0.0000
vt 0.3301 0.3301 0.0000
vt 0.3027 0.3696 0.0000
vt 0.3931 0.2681 0.0000
vt 0.3452 0.3271 0.0000
vt 0.2588 0.3721 0.0000
vt 0.4219 0.2681 0.0000
vt 0.3318 0.3638 0.0000
vt 0.4402 0.2402 0.0000
vt 0.3462 0.3594 0.0000
vt 0.2791 0.3848 0.0000
vt 0.3481 0.3564 0.0000
vt 0.3035 0.3838 0.0000
vt 0.3623 0.3594 0.0000
vt 0.2803 0.4004 0.0000
vt 0.4570 0.2222 0.0000
vt 0.3325 0.3799 0.0000
vt 0.3042 0.3999 0.0000
vt 0.4604 0.2397 0.0000
vt 0.3481 0.3677 0.0000
vt 0.3335 0.3984 0.0000
vt 0.4817 0.2378 0.0000
vt 0.3503 0.3774 0.0000
vt 0.3623 0.3672 0.0000
vt 0.4797 0.2192 0.0000
vt 0.3765 0.3677 0.0000
vt 0.3516 0.3838 0.0000
vt 0.4841 0.2656 0.0000
vt 0.3784 0.3594 0.0000
vt 0.3623 0.3770 0.0000
vt 0.4636 0.2671 0.0000
vt 0.3743 0.3774 0.0000
vt 0.3765 0.3564 0.0000
vt 0.5059 0.2637 0.0000
vt 0.3623 0.3560 0.0000
vt 0.3794 0.3271 0.0000
vt 0.3730 0.3838 0.0000
vt 0.4875 0.2998 0.0000
vt 0.3774 0.3271 0.0000
vt 0.3911 0.3984 0.0000
vt 0.4661 0.3008 0.0000
vt 0.3928 0.3638 0.0000
vt 0.3921 0.3799 0.0000
vt 0.4485 0.3013 0.0000
vt 0.3945 0.3301 0.0000
vt 0.4211 0.3838 0.0000
vt 0.4443 0.2676 0.0000
vt 0.3796 0.2979 0.0000
vt 0.4204 0.3999 0.0000
vt 0.4219 0.3696 0.0000
vt 0.4443 0.4004 0.0000
vt 0.4233 0.3335 0.0000
vt 0.4436 0.4102 0.0000
vt 0.3948 0.2988 0.0000
vt 0.4626 0.4102 0.0000
vt 0.4241 0.3008 0.0000
vt 0.4456 0.3848 0.0000
vt 0.4634 0.4004 0.0000
vt 0.4487 0.3350 0.0000
vt 0.4832 0.4102 0.0000
vt 0.4666 0.3350 0.0000
vt 0.4832 0.4180 0.0000
vt 0.3770 0.2671 0.0000
vt 0.4631 0.4180 0.0000
vt 0.3774 0.2974 0.0000
vt 0.4885 0.3345 0.0000
vt 0.4871 0.3721 0.0000
vt 0.4443 0.4180 0.0000
vt 0.3750 0.2686 0.0000
vt 0.5107 0.3335 0.0000
vt 0.4209 0.4180 0.0000
vt 0.3755 0.2969 0.0000
vt 0.5093 0.2983 0.0000
vt 0.6318 0.4180 0.0000
vt 0.3752 0.3267 0.0000
vt 0.6025 0.4180 0.0000
vt 0.5298 0.2959 0.0000
vt 0.5840 0.4180 0.0000
vt 0.3748 0.3525 0.0000
vt 0.5269 0.2612 0.0000
vt 0.5835 0.4102 0.0000
vt 0.5034 0.2358 0.0000
vt 0.5654 0.4102 0.0000
vt 0.5815 0.3877 0.0000
vt 0.3623 0.3530 0.0000
vt 0.5249 0.2329 0.0000
vt 0.6025 0.3867 0.0000
vt 0.3496 0.3525 0.0000
vt 0.5034 0.2173 0.0000
vt 0.6021 0.4102 0.0000
vt 0.5249 0.2144 0.0000
vt 0.6338 0.4102 0.0000
vt 0.6377 0.3848 0.0000
vt 0.3472 0.3271 0.0000
vt 0.6724 0.4102 0.0000
vt 0.6714 0.4180 0.0000
vt 0.7051 0.4180 0.0000
vt 0.3472 0.2974 0.0000
vt 0.5439 0.2290 0.0000
vt 0.7061 0.4102 0.0000
vt 0.3494 0.3267 0.0000
vt 0.6748 0.3833 0.0000
vt 0.7085 0.3823 0.0000
vt 0.3491 0.2969 0.0000
vt 0.3496 0.2686 0.0000
vt 0.6768 0.3608 0.0000
vt 0.6411 0.3633 0.0000
vt 0.3623 0.2666 0.0000
vt 0.6035 0.3667 0.0000
vt 0.7104 0.3589 0.0000
vt 0.6758 0.3135 0.0000
vt 0.6030 0.3242 0.0000
vt 0.5801 0.3682 0.0000
vt 0.5771 0.3276 0.0000
vt 0.6367 0.2754 0.0000
vt 0.5601 0.3696 0.0000
vt 0.5728 0.2891 0.0000
vt 0.5542 0.3301 0.0000
vt 0.5625 0.3882 0.0000
vt 0.5947 0.2441 0.0000
vt 0.5503 0.2930 0.0000
vt 0.5986 0.2837 0.0000
vt 0.5493 0.3306 0.0000
vt 0.6440 0.3179 0.0000
vt 0.5625 0.3999 0.0000
vt 0.5459 0.2935 0.0000
vt 0.5356 0.4102 0.0000
vt 0.5439 0.2578 0.0000
vt 0.5356 0.4180 0.0000
vt 0.5483 0.2563 0.0000
vt 0.5645 0.4180 0.0000
vt 0.5322 0.3320 0.0000
vt 0.5698 0.2510 0.0000
vt 0.5337 0.3706 0.0000
vt 0.5547 0.3696 0.0000
vt 0.5107 0.3716 0.0000
vt 0.5098 0.3848 0.0000
vt 0.5586 0.3838 0.0000
vt 0.5347 0.3843 0.0000
vt 0.5093 0.4004 0.0000
vt 0.4856 0.3853 0.0000
vt 0.5352 0.4004 0.0000
vt 0.4658 0.3721 0.0000
vt 0.4841 0.4004 0.0000
vt 0.4648 0.3853 0.0000
vt 0.5083 0.4102 0.0000
vt 0.5078 0.4180 0.0000
vt 0.4468 0.3716 0.0000
vt 0.3623 0.3833 0.0000
vt 0.3623 0.4102 0.0000
vt 0.3906 0.4102 0.0000
vt 0.3340 0.4102 0.0000
vt 0.3623 0.4180 0.0000
vt 0.3918 0.4180 0.0000
vt 0.3328 0.4180 0.0000
vt 0.4199 0.4102 0.0000
vt 0.3044 0.4102 0.0000
vt 0.0196 0.4180 0.0000
vt 0.3035 0.4180 0.0000
vt 0.2810 0.4102 0.0000
vt 0.0529 0.4180 0.0000
vt 0.0520 0.4102 0.0000
vt 0.2800 0.4180 0.0000
vt 0.2620 0.4102 0.0000
vt 0.0906 0.4102 0.0000
vt 0.0185 0.4102 0.0000
vt 0.0928 0.4180 0.0000
vt 0.2615 0.4180 0.0000
vt 0.0497 0.3833 0.0000
vt 0.1219 0.4180 0.0000
vt 0.1225 0.4102 0.0000
vt 0.0867 0.3848 0.0000
vt 0.0162 0.3823 0.0000
vt 0.2413 0.4180 0.0000
vt 0.1218 0.3867 0.0000
vt 0.0477 0.3604 0.0000
vt 0.2415 0.4102 0.0000
vt 0.0834 0.3633 0.0000
vt 0.1412 0.4102 0.0000
vt 0.2164 0.4180 0.0000
vt 0.0807 0.3179 0.0000
vt 0.1431 0.3877 0.0000
vt 0.2159 0.4102 0.0000
vt 0.0490 0.3130 0.0000
vt 0.1591 0.4102 0.0000
vt 0.1890 0.4102 0.0000
vt 0.0143 0.3589 0.0000
vt 0.1620 0.3882 0.0000
vt 0.1890 0.4180 0.0000
vt 0.1617 0.3999 0.0000
vt 0.1600 0.4180 0.0000
vt 0.1447 0.3682 0.0000
vt 0.1661 0.3838 0.0000
vt 0.1895 0.4004 0.0000
vt 0.1406 0.4180 0.0000
vt 0.2155 0.4004 0.0000
vt 0.1901 0.3843 0.0000
vt 0.1646 0.3696 0.0000
vt 0.2145 0.3848 0.0000
vt 0.1698 0.3696 0.0000
vt 0.2405 0.4004 0.0000
vt 0.2389 0.3853 0.0000
vt 0.1702 0.3301 0.0000
vt 0.1907 0.3706 0.0000
vt 0.1750 0.3306 0.0000
vt 0.1476 0.3276 0.0000
vt 0.2598 0.3853 0.0000
vt 0.1519 0.2891 0.0000
vt 0.2377 0.3721 0.0000
vt 0.1742 0.2925 0.0000
vt 0.1925 0.3320 0.0000
vt 0.2137 0.3716 0.0000
vt 0.1760 0.2563 0.0000
vt 0.2136 0.3335 0.0000
vt 0.1549 0.2510 0.0000
vt 0.2153 0.2979 0.0000
vt 0.1259 0.2837 0.0000
vt 0.1946 0.2959 0.0000
vt 0.1213 0.3242 0.0000
vt 0.1763 0.2275 0.0000
vt 0.1807 0.2290 0.0000
vt 0.1976 0.2607 0.0000
vt 0.1794 0.2095 0.0000
vt 0.1748 0.2080 0.0000
vt 0.1998 0.2329 0.0000
vt 0.1787 0.2935 0.0000
vt 0.1752 0.1846 0.0000
vt 0.2213 0.2173 0.0000
vt 0.1691 0.1821 0.0000
vt 0.1998 0.2144 0.0000
vt 0.1804 0.2573 0.0000
vt 0.1576 0.2212 0.0000
vt 0.1985 0.1890 0.0000
vt 0.1301 0.2437 0.0000
vt 0.1364 0.2139 0.0000
vt 0.1586 0.2017 0.0000
vt 0.1951 0.1553 0.0000
vt 0.0923 0.2314 0.0000
vt 0.2183 0.1255 0.0000
vt 0.1024 0.1997 0.0000
vt 0.1913 0.1245 0.0000
vt 0.1400 0.1938 0.0000
vt 0.0877 0.2754 0.0000
vt 0.2145 0.0986 0.0000
vt 0.0686 0.2222 0.0000
vt 0.1564 0.1782 0.0000
vt 0.1888 0.1011 0.0000
vt 0.1105 0.1816 0.0000
vt 0.1620 0.1548 0.0000
vt 0.1649 0.1240 0.0000
vt 0.1432 0.1738 0.0000
vt 0.1686 0.1548 0.0000
vt 0.1180 0.1626 0.0000
vt 0.1559 0.1274 0.0000
vt 0.1638 0.1040 0.0000
vt 0.1465 0.1538 0.0000
vt 0.1628 0.0898 0.0000
vt 0.1543 0.1548 0.0000
vt 0.1880 0.0879 0.0000
vt 0.1501 0.1304 0.0000
vt 0.2134 0.0864 0.0000
vt 0.1404 0.1138 0.0000
vt 0.1349 0.1343 0.0000
vt 0.1456 0.1099 0.0000
vt 0.1272 0.1465 0.0000
vt 0.1250 0.1274 0.0000
vt 0.1320 0.1021 0.0000
vt 0.1372 0.0981 0.0000
vt 0.1134 0.1162 0.0000
vt 0.1040 0.1533 0.0000
vt 0.1155 0.1387 0.0000
vt 0.0925 0.1714 0.0000
vt 0.1007 0.1270 0.0000
vt 0.0870 0.1396 0.0000
vt 0.0825 0.1890 0.0000
vt 0.0724 0.1572 0.0000
vt 0.0600 0.1758 0.0000
vt 0.0425 0.2104 0.0000
vt 0.0262 0.2583 0.0000
vt 0.0581 0.2676 0.0000
vt 0.0170 0.3081 0.0000
vt 0.1213 0.3667 0.0000
vt 0.5366 0.0879 0.0000
vt 0.3623 0.2686 0.0000
vt 0.2612 0.4004 0.0000
vt 0.9775 0.4507 0.0000
vt 0.9775 0.4443 0.0000
vt 0.9795 0.4507 0.0000
vt 0.9795 0.4556 0.0000
vt 0.9795 0.4443 0.0000
vt 0.9775 0.4556 0.0000
vt 0.9814 0.4443 0.0000
vt 0.9795 0.4380 0.0000
vt 0.9727 0.4507 0.0000
vt 0.9814 0.4507 0.0000
vt 0.9775 0.4380 0.0000
vt 0.9717 0.4443 0.0000
vt 0.9814 0.4556 0.0000
vt 0.9814 0.4380 0.0000
vt 0.9863 0.4507 0.0000
vt 0.9795 0.4316 0.0000
vt 0.9717 0.4380 0.0000
vt 0.9873 0.4443 0.0000
vt 0.9775 0.4316 0.0000
vt 0.9722 0.4316 0.0000
vt 0.9814 0.4316 0.0000
vt 0.9873 0.4380 0.0000
vt 0.9775 0.4263 0.0000
vt 0.9868 0.4316 0.0000
vt 0.9795 0.4263 0.0000
vt 0.9814 0.4263 0.0000
vt 0.3909 0.4336 0.0000
vt 0.3896 0.4395 0.0000
vt 0.3623 0.4336 0.0000
vt 0.4207 0.4395 0.0000
vt 0.3623 0.4395 0.0000
vt 0.4219 0.4336 0.0000
vt 0.3352 0.4395 0.0000
vt 0.3623 0.4448 0.0000
vt 0.4438 0.4395 0.0000
vt 0.3337 0.4336 0.0000
vt 0.3896 0.4443 0.0000
vt 0.4204 0.4434 0.0000
vt 0.4438 0.4336 0.0000
vt 0.3040 0.4395 0.0000
vt 0.4634 0.4336 0.0000
vt 0.3042 0.4434 0.0000
vt 0.4202 0.4487 0.0000
vt 0.3027 0.4336 0.0000
vt 0.4631 0.4395 0.0000
vt 0.4431 0.4468 0.0000
vt 0.3899 0.4517 0.0000
vt 0.2810 0.4395 0.0000
vt 0.4849 0.4336 0.0000
vt 0.4199 0.4526 0.0000
vt 0.2813 0.4424 0.0000
vt 0.4841 0.4395 0.0000
vt 0.3899 0.4561 0.0000
vt 0.2817 0.4463 0.0000
vt 0.4624 0.4419 0.0000
vt 0.3623 0.4575 0.0000
vt 0.3047 0.4487 0.0000
vt 0.5112 0.4336 0.0000
vt 0.3623 0.4526 0.0000
vt 0.2820 0.4492 0.0000
vt 0.3350 0.4443 0.0000
vt 0.5107 0.4395 0.0000
vt 0.3887 0.4800 0.0000
vt 0.4836 0.4419 0.0000
vt 0.4177 0.4741 0.0000
vt 0.5386 0.4336 0.0000
vt 0.3623 0.4819 0.0000
vt 0.5376 0.4395 0.0000
vt 0.3884 0.4912 0.0000
vt 0.3347 0.4517 0.0000
vt 0.5103 0.4419 0.0000
vt 0.3623 0.4932 0.0000
vt 0.3347 0.4561 0.0000
vt 0.3879 0.5020 0.0000
vt 0.3049 0.4526 0.0000
vt 0.5376 0.4429 0.0000
vt 0.4165 0.4946 0.0000
vt 0.3069 0.4741 0.0000
vt 0.5098 0.4453 0.0000
vt 0.3623 0.5037 0.0000
vt 0.3359 0.4800 0.0000
vt 0.4832 0.4458 0.0000
vt 0.3623 0.5125 0.0000
vt 0.4829 0.4482 0.0000
vt 0.3367 0.5020 0.0000
vt 0.4612 0.4482 0.0000
vt 0.3879 0.5105 0.0000
vt 0.3362 0.4912 0.0000
vt 0.5093 0.4478 0.0000
vt 0.3879 0.5190 0.0000
vt 0.3076 0.4849 0.0000
vt 0.5371 0.4478 0.0000
vt 0.4153 0.5132 0.0000
vt 0.3083 0.4946 0.0000
vt 0.5371 0.4512 0.0000
vt 0.4160 0.5039 0.0000
vt 0.3088 0.5037 0.0000
vt 0.5361 0.4653 0.0000
vt 0.4336 0.5081 0.0000
vt 0.3367 0.5105 0.0000
vt 0.5674 0.4565 0.0000
vt 0.4358 0.4976 0.0000
vt 0.3093 0.5129 0.0000
vt 0.5674 0.4517 0.0000
vt 0.4502 0.5034 0.0000
vt 0.3367 0.5190 0.0000
vt 0.5830 0.4551 0.0000
vt 0.4463 0.5278 0.0000
vt 0.5620 0.4746 0.0000
vt 0.4697 0.5249 0.0000
vt 0.3623 0.5210 0.0000
vt 0.5688 0.4697 0.0000
vt 0.4744 0.4976 0.0000
vt 0.5830 0.4609 0.0000
vt 0.4937 0.5256 0.0000
vt 0.3879 0.5400 0.0000
vt 0.4644 0.5496 0.0000
vt 0.4128 0.5347 0.0000
vt 0.5835 0.4766 0.0000
vt 0.4424 0.5513 0.0000
vt 0.3623 0.5422 0.0000
vt 0.4307 0.5308 0.0000
vt 0.4575 0.5764 0.0000
vt 0.3367 0.5400 0.0000
vt 0.4380 0.5762 0.0000
vt 0.3872 0.5596 0.0000
vt 0.4275 0.5535 0.0000
vt 0.3118 0.5347 0.0000
vt 0.4114 0.5559 0.0000
vt 0.4521 0.6006 0.0000
vt 0.3132 0.5557 0.0000
vt 0.4714 0.6028 0.0000
vt 0.4336 0.5999 0.0000
vt 0.4089 0.5774 0.0000
vt 0.4238 0.5767 0.0000
vt 0.2939 0.5308 0.0000
vt 0.4199 0.5996 0.0000
vt 0.2971 0.5535 0.0000
vt 0.2910 0.5081 0.0000
vt 0.4307 0.6179 0.0000
vt 0.3008 0.5764 0.0000
vt 0.4478 0.6201 0.0000
vt 0.3157 0.5774 0.0000
vt 0.2786 0.5278 0.0000
vt 0.3374 0.5593 0.0000
vt 0.2822 0.5513 0.0000
vt 0.4468 0.6257 0.0000
vt 0.3384 0.5789 0.0000
vt 0.2866 0.5759 0.0000
vt 0.4299 0.6235 0.0000
vt 0.3401 0.6001 0.0000
vt 0.2910 0.5996 0.0000
vt 0.4172 0.6169 0.0000
vt 0.3623 0.6016 0.0000
vt 0.3047 0.5994 0.0000
vt 0.4167 0.6226 0.0000
vt 0.3623 0.5803 0.0000
vt 0.3176 0.5996 0.0000
vt 0.4458 0.6326 0.0000
vt 0.3862 0.5789 0.0000
vt 0.3418 0.6145 0.0000
vt 0.4624 0.6353 0.0000
vt 0.3623 0.6147 0.0000
vt 0.4639 0.6284 0.0000
vt 0.3845 0.6001 0.0000
vt 0.4841 0.6401 0.0000
vt 0.3623 0.5613 0.0000
vt 0.4866 0.6335 0.0000
vt 0.4070 0.5996 0.0000
vt 0.4651 0.6230 0.0000
vt 0.3828 0.6145 0.0000
vt 0.4883 0.6284 0.0000
vt 0.3826 0.6201 0.0000
vt 0.4048 0.6155 0.0000
vt 0.4963 0.6077 0.0000
vt 0.4788 0.5779 0.0000
vt 0.5039 0.6318 0.0000
vt 0.4036 0.6216 0.0000
vt 0.5063 0.5818 0.0000
vt 0.5020 0.6367 0.0000
vt 0.5122 0.6116 0.0000
vt 0.5161 0.6401 0.0000
vt 0.3823 0.6270 0.0000
vt 0.5176 0.6355 0.0000
vt 0.5137 0.6462 0.0000
vt 0.3623 0.6201 0.0000
vt 0.5269 0.6160 0.0000
vt 0.5356 0.6443 0.0000
vt 0.4998 0.6431 0.0000
vt 0.5225 0.5859 0.0000
vt 0.5337 0.6487 0.0000
vt 0.5464 0.6243 0.0000
vt 0.5313 0.6538 0.0000
vt 0.5679 0.6389 0.0000
vt 0.5386 0.5906 0.0000
vt 0.5532 0.6631 0.0000
vt 0.5557 0.6594 0.0000
vt 0.5493 0.6680 0.0000
vt 0.5566 0.5981 0.0000
vt 0.5884 0.6577 0.0000
vt 0.5303 0.5630 0.0000
vt 0.5679 0.6782 0.0000
vt 0.5962 0.6494 0.0000
vt 0.5146 0.5564 0.0000
vt 0.5713 0.6750 0.0000
vt 0.5635 0.6819 0.0000
vt 0.5449 0.5698 0.0000
vt 0.5796 0.6128 0.0000
vt 0.4868 0.5505 0.0000
vt 0.5605 0.5789 0.0000
vt 0.5835 0.6133 0.0000
vt 0.5376 0.5359 0.0000
vt 0.6001 0.6460 0.0000
vt 0.5225 0.5303 0.0000
vt 0.5869 0.6130 0.0000
vt 0.6035 0.6428 0.0000
vt 0.5005 0.4980 0.0000
vt 0.5771 0.5828 0.0000
vt 0.5288 0.5059 0.0000
vt 0.5742 0.5840 0.0000
vt 0.5415 0.5117 0.0000
vt 0.5718 0.5503 0.0000
vt 0.5488 0.5415 0.0000
vt 0.5034 0.4858 0.0000
vt 0.5684 0.5491 0.0000
vt 0.5317 0.4937 0.0000
vt 0.5654 0.5176 0.0000
vt 0.5576 0.5452 0.0000
vt 0.4768 0.4863 0.0000
vt 0.5488 0.5149 0.0000
vt 0.5630 0.5178 0.0000
vt 0.5059 0.4731 0.0000
vt 0.5547 0.5168 0.0000
vt 0.5645 0.5479 0.0000
vt 0.5400 0.4980 0.0000
vt 0.5591 0.5178 0.0000
vt 0.5337 0.4819 0.0000
vt 0.5527 0.4956 0.0000
vt 0.5542 0.4966 0.0000
vt 0.5439 0.4917 0.0000
vt 0.5488 0.4932 0.0000
vt 0.5562 0.4976 0.0000
vt 0.5552 0.4946 0.0000
vt 0.5068 0.4663 0.0000
vt 0.5352 0.4741 0.0000
vt 0.5566 0.4976 0.0000
vt 0.5469 0.4819 0.0000
vt 0.5532 0.4917 0.0000
vt 0.5513 0.4883 0.0000
vt 0.5566 0.4941 0.0000
vt 0.5571 0.4971 0.0000
vt 0.5566 0.4917 0.0000
vt 0.5073 0.4590 0.0000
vt 0.5552 0.4795 0.0000
vt 0.5562 0.4873 0.0000
vt 0.4812 0.4604 0.0000
vt 0.5742 0.5049 0.0000
vt 0.4800 0.4678 0.0000
vt 0.5723 0.4961 0.0000
vt 0.5703 0.4854 0.0000
vt 0.5742 0.5083 0.0000
vt 0.4788 0.4751 0.0000
vt 0.5840 0.4927 0.0000
vt 0.4570 0.4722 0.0000
vt 0.5742 0.5122 0.0000
vt 0.4587 0.4629 0.0000
vt 0.4553 0.4805 0.0000
vt 0.5845 0.5205 0.0000
vt 0.4392 0.4785 0.0000
vt 0.5850 0.5176 0.0000
vt 0.5845 0.5237 0.0000
vt 0.4407 0.4688 0.0000
vt 0.5991 0.4829 0.0000
vt 0.5947 0.5291 0.0000
vt 0.5977 0.5002 0.0000
vt 0.5942 0.5317 0.0000
vt 0.5845 0.5073 0.0000
vt 0.5942 0.5349 0.0000
vt 0.4429 0.4492 0.0000
vt 0.5957 0.5186 0.0000
vt 0.6152 0.5559 0.0000
vt 0.6152 0.5527 0.0000
vt 0.6221 0.5156 0.0000
vt 0.6172 0.5415 0.0000
vt 0.6250 0.4946 0.0000
vt 0.6543 0.5342 0.0000
vt 0.6602 0.5088 0.0000
vt 0.4617 0.4458 0.0000
vt 0.6445 0.5632 0.0000
vt 0.4434 0.4424 0.0000
vt 0.6836 0.5508 0.0000
vt 0.6704 0.5791 0.0000
vt 0.6904 0.5229 0.0000
vt 0.6387 0.5767 0.0000
vt 0.6641 0.5928 0.0000
vt 0.6372 0.5784 0.0000
vt 0.6621 0.5962 0.0000
vt 0.6152 0.5591 0.0000
vt 0.6357 0.5803 0.0000
vt 0.6597 0.5994 0.0000
vt 0.6323 0.4395 0.0000
vt 0.6035 0.4395 0.0000
vt 0.6323 0.4336 0.0000
vt 0.6719 0.4336 0.0000
vt 0.6040 0.4336 0.0000
vt 0.6719 0.4395 0.0000
vt 0.5830 0.4395 0.0000
vt 0.6025 0.4473 0.0000
vt 0.7051 0.4336 0.0000
vt 0.5830 0.4336 0.0000
vt 0.6309 0.4497 0.0000
vt 0.5830 0.4458 0.0000
vt 0.7046 0.4395 0.0000
vt 0.6016 0.4580 0.0000
vt 0.6699 0.4531 0.0000
vt 0.7021 0.4565 0.0000
vt 0.5669 0.4448 0.0000
vt 0.5669 0.4395 0.0000
vt 0.6992 0.4795 0.0000
vt 0.6675 0.4712 0.0000
vt 0.6006 0.4653 0.0000
vt 0.6973 0.4951 0.0000
vt 0.6289 0.4639 0.0000
vt 0.6655 0.4834 0.0000
vt 0.6279 0.4731 0.0000
vt 0.5664 0.4336 0.0000
vt 0.4028 0.6284 0.0000
vt 0.4160 0.6296 0.0000
vt 0.4292 0.6304 0.0000
vt 0.3623 0.6262 0.0000
vt 0.3423 0.6270 0.0000
vt 0.3420 0.6201 0.0000
vt 0.3210 0.6216 0.0000
vt 0.3196 0.6155 0.0000
vt 0.3215 0.6284 0.0000
vt 0.3079 0.6226 0.0000
vt 0.3074 0.6169 0.0000
vt 0.3086 0.6296 0.0000
vt 0.2947 0.6233 0.0000
vt 0.2954 0.6304 0.0000
vt 0.2939 0.6177 0.0000
vt 0.2788 0.6326 0.0000
vt 0.2778 0.6255 0.0000
vt 0.2769 0.6201 0.0000
vt 0.2622 0.6350 0.0000
vt 0.2725 0.6003 0.0000
vt 0.2607 0.6284 0.0000
vt 0.2405 0.6399 0.0000
vt 0.2595 0.6230 0.0000
vt 0.2671 0.5762 0.0000
vt 0.2380 0.6335 0.0000
vt 0.2532 0.6028 0.0000
vt 0.2249 0.6428 0.0000
vt 0.2603 0.5496 0.0000
vt 0.2363 0.6282 0.0000
vt 0.2224 0.6367 0.0000
vt 0.2283 0.6074 0.0000
vt 0.2108 0.6460 0.0000
vt 0.2549 0.5249 0.0000
vt 0.2457 0.5779 0.0000
vt 0.2085 0.6401 0.0000
vt 0.2744 0.5032 0.0000
vt 0.2207 0.6318 0.0000
vt 0.2378 0.5505 0.0000
vt 0.2068 0.6353 0.0000
vt 0.2184 0.5815 0.0000
vt 0.2502 0.4976 0.0000
vt 0.1887 0.6443 0.0000
vt 0.2124 0.6113 0.0000
vt 0.2311 0.5256 0.0000
vt 0.1975 0.6157 0.0000
vt 0.2098 0.5562 0.0000
vt 0.2240 0.4980 0.0000
vt 0.2020 0.5859 0.0000
vt 0.1781 0.6240 0.0000
vt 0.2021 0.5303 0.0000
vt 0.1862 0.5906 0.0000
vt 0.1567 0.6387 0.0000
vt 0.1941 0.5627 0.0000
vt 0.1958 0.5056 0.0000
vt 0.1686 0.6594 0.0000
vt 0.1678 0.5981 0.0000
vt 0.2212 0.4854 0.0000
vt 0.1362 0.6575 0.0000
vt 0.1639 0.5786 0.0000
vt 0.2480 0.4863 0.0000
vt 0.1283 0.6492 0.0000
vt 0.1796 0.5696 0.0000
vt 0.1450 0.6125 0.0000
vt 0.1871 0.5356 0.0000
vt 0.2717 0.4917 0.0000
vt 0.2693 0.4800 0.0000
vt 0.1407 0.6130 0.0000
vt 0.1755 0.5413 0.0000
vt 0.2891 0.4976 0.0000
vt 0.1501 0.5837 0.0000
vt 0.1831 0.5115 0.0000
vt 0.2869 0.4873 0.0000
vt 0.1548 0.5837 0.0000
vt 0.1755 0.5149 0.0000
vt 0.2854 0.4780 0.0000
vt 0.1563 0.5488 0.0000
vt 0.1844 0.4980 0.0000
vt 0.1526 0.5503 0.0000
vt 0.1475 0.5825 0.0000
vt 0.1589 0.5173 0.0000
vt 0.1930 0.4937 0.0000
vt 0.1373 0.6128 0.0000
vt 0.1244 0.6460 0.0000
vt 0.1909 0.4819 0.0000
vt 0.1209 0.6426 0.0000
vt 0.2189 0.4727 0.0000
vt 0.1808 0.4912 0.0000
vt 0.2460 0.4751 0.0000
vt 0.2179 0.4663 0.0000
vt 0.2448 0.4678 0.0000
vt 0.1757 0.4932 0.0000
vt 0.1896 0.4736 0.0000
vt 0.2676 0.4717 0.0000
vt 0.1700 0.5166 0.0000
vt 0.2170 0.4590 0.0000
vt 0.1721 0.4951 0.0000
vt 0.2435 0.4600 0.0000
vt 0.2839 0.4688 0.0000
vt 0.2419 0.4482 0.0000
vt 0.2659 0.4629 0.0000
vt 0.2153 0.4478 0.0000
vt 0.1884 0.4648 0.0000
vt 0.2150 0.4453 0.0000
vt 0.1777 0.4819 0.0000
vt 0.1873 0.4478 0.0000
vt 0.2416 0.4458 0.0000
vt 0.1736 0.4878 0.0000
vt 0.2634 0.4482 0.0000
vt 0.2629 0.4458 0.0000
vt 0.1693 0.4790 0.0000
vt 0.1686 0.4868 0.0000
vt 0.1711 0.4917 0.0000
vt 0.1541 0.4849 0.0000
vt 0.1696 0.4941 0.0000
vt 0.1523 0.4961 0.0000
vt 0.1703 0.4961 0.0000
vt 0.1682 0.4912 0.0000
vt 0.2622 0.4419 0.0000
vt 0.1653 0.5176 0.0000
vt 0.2411 0.4419 0.0000
vt 0.1617 0.5176 0.0000
vt 0.1503 0.5046 0.0000
vt 0.1683 0.4976 0.0000
vt 0.1403 0.5071 0.0000
vt 0.1678 0.4941 0.0000
vt 0.2617 0.4395 0.0000
vt 0.1504 0.5081 0.0000
vt 0.2612 0.4336 0.0000
vt 0.1678 0.4971 0.0000
vt 0.1396 0.5176 0.0000
vt 0.2808 0.4336 0.0000
vt 0.1287 0.5183 0.0000
vt 0.1399 0.5203 0.0000
vt 0.1267 0.5000 0.0000
vt 0.1672 0.4971 0.0000
vt 0.1300 0.5288 0.0000
vt 0.1407 0.4922 0.0000
vt 0.1302 0.5317 0.0000
vt 0.1505 0.5122 0.0000
vt 0.1095 0.5527 0.0000
vt 0.1024 0.5154 0.0000
vt 0.1095 0.5557 0.0000
vt 0.1072 0.5413 0.0000
vt 0.1403 0.5237 0.0000
vt 0.0859 0.5764 0.0000
vt 0.0701 0.5339 0.0000
vt 0.1305 0.5347 0.0000
vt 0.0799 0.5630 0.0000
vt 0.0872 0.5781 0.0000
vt 0.0997 0.4941 0.0000
vt 0.0604 0.5925 0.0000
vt 0.0646 0.5085 0.0000
vt 0.0412 0.5505 0.0000
vt 0.0541 0.5789 0.0000
vt 0.1254 0.4824 0.0000
vt 0.0343 0.5227 0.0000
vt 0.0625 0.5959 0.0000
vt 0.1412 0.4766 0.0000
vt 0.0889 0.5801 0.0000
vt 0.1094 0.5588 0.0000
vt 0.0649 0.5991 0.0000
vt 0.1556 0.4697 0.0000
vt 0.1625 0.4741 0.0000
vt 0.1570 0.4565 0.0000
vt 0.1874 0.4507 0.0000
vt 0.1418 0.4604 0.0000
vt 0.1572 0.4517 0.0000
vt 0.1418 0.4546 0.0000
vt 0.1241 0.4648 0.0000
vt 0.1871 0.4429 0.0000
vt 0.1233 0.4575 0.0000
vt 0.0969 0.4731 0.0000
vt 0.1576 0.4443 0.0000
vt 0.1418 0.4458 0.0000
vt 0.0956 0.4634 0.0000
vt 0.1577 0.4395 0.0000
vt 0.1221 0.4473 0.0000
vt 0.0573 0.4707 0.0000
vt 0.1869 0.4395 0.0000
vt 0.0937 0.4497 0.0000
vt 0.1212 0.4390 0.0000
vt 0.1581 0.4336 0.0000
vt 0.0548 0.4526 0.0000
vt 0.1860 0.4336 0.0000
vt 0.1415 0.4336 0.0000
vt 0.0922 0.4390 0.0000
vt 0.2141 0.4395 0.0000
vt 0.1417 0.4395 0.0000
vt 0.0922 0.4336 0.0000
vt 0.2136 0.4336 0.0000
vt 0.1207 0.4336 0.0000
vt 0.2406 0.4395 0.0000
vt 0.0530 0.4336 0.0000
vt 0.2145 0.4419 0.0000
vt 0.0529 0.4390 0.0000
vt 0.2399 0.4336 0.0000
vt 0.0197 0.4336 0.0000
vt 0.0201 0.4390 0.0000
vt 0.0224 0.4565 0.0000
vt 0.0254 0.4795 0.0000
vt 0.0275 0.4951 0.0000
vt 0.0590 0.4834 0.0000
vt 0.8472 0.3081 0.0000
vt 0.8027 0.3047 0.0000
vt 0.8472 0.2749 0.0000
vt 0.8916 0.3047 0.0000
vt 0.8027 0.2739 0.0000
vt 0.8916 0.2739 0.0000
vt 0.7627 0.2847 0.0000
vt 0.9316 0.2842 0.0000
vt 0.8472 0.2417 0.0000
vt 0.7798 0.2686 0.0000
vt 0.9141 0.2686 0.0000
vt 0.8027 0.2427 0.0000
vt 0.7612 0.2500 0.0000
vt 0.8916 0.2427 0.0000
vt 0.9331 0.2500 0.0000
vt 0.7422 0.2646 0.0000
vt 0.9517 0.2646 0.0000
vt 0.7598 0.2075 0.0000
vt 0.9346 0.2075 0.0000
vt 0.7456 0.2305 0.0000
vt 0.9487 0.2305 0.0000
vt 0.8916 0.2046 0.0000
vt 0.9697 0.2437 0.0000
vt 0.8022 0.2046 0.0000
vt 0.9360 0.1699 0.0000
vt 0.9570 0.2090 0.0000
vt 0.7583 0.1704 0.0000
vt 0.8916 0.1650 0.0000
vt 0.7368 0.2095 0.0000
vt 0.9380 0.1250 0.0000
vt 0.9604 0.1729 0.0000
vt 0.8472 0.2007 0.0000
vt 0.9653 0.1304 0.0000
vt 0.8916 0.1201 0.0000
vt 0.8022 0.1650 0.0000
vt 0.8472 0.1206 0.0000
vt 0.8916 0.0796 0.0000
vt 0.7563 0.1250 0.0000
vt 0.8472 0.1636 0.0000
vt 0.7285 0.1309 0.0000
vt 0.9448 0.0771 0.0000
vt 0.7334 0.1729 0.0000
vt 0.8467 0.0767 0.0000
vt 0.8022 0.1201 0.0000
vt 0.7031 0.1763 0.0000
vt 0.9277 0.0596 0.0000
vt 0.7100 0.2114 0.0000
vt 0.9712 0.0659 0.0000
vt 0.8022 0.0796 0.0000
vt 0.7065 0.1284 0.0000
vt 0.9590 0.1011 0.0000
vt 0.7349 0.1011 0.0000
vt 0.9819 0.0947 0.0000
vt 0.7490 0.0771 0.0000
vt 0.7119 0.0952 0.0000
vt 0.9873 0.1284 0.0000
vt 0.7661 0.0596 0.0000
vt 0.7227 0.0659 0.0000
vt 0.8022 0.0449 0.0000
vt 0.7524 0.0347 0.0000
vt 0.9907 0.1763 0.0000
vt 0.8467 0.0400 0.0000
vt 0.8018 0.0161 0.0000
vt 0.8916 0.0449 0.0000
vt 0.9839 0.2109 0.0000
vt 0.8467 0.0112 0.0000
vt 0.8921 0.0161 0.0000
vt 0.9414 0.0347 0.0000
vt 0.5698 0.5837 0.0000
vt 0.4529 0.4917 0.0000
vt 0.4377 0.4873 0.0000
vt 0.4170 0.4849 0.0000
vt 0.5957 0.0640 0.0000
vt 0.6460 0.0649 0.0000
vt 0.6040 0.0781 0.0000
vt 0.6460 0.0562 0.0000
vt 0.6455 0.0786 0.0000
vt 0.5889 0.0562 0.0000
vt 0.6147 0.0918 0.0000
vt 0.6875 0.0781 0.0000
vt 0.6460 0.0557 0.0000
vt 0.6455 0.0918 0.0000
vt 0.6958 0.0645 0.0000
vt 0.5884 0.0552 0.0000
vt 0.6763 0.0918 0.0000
vt 0.6460 0.0547 0.0000
vt 0.7026 0.0562 0.0000
vt 0.6265 0.0991 0.0000
vt 0.5879 0.0547 0.0000
vt 0.6650 0.0991 0.0000
vt 0.5938 0.0469 0.0000
vt 0.7031 0.0557 0.0000
vt 0.6455 0.0991 0.0000
vt 0.6460 0.0454 0.0000
vt 0.6455 0.1045 0.0000
vt 0.7036 0.0547 0.0000
vt 0.6460 0.0386 0.0000
vt 0.6978 0.0469 0.0000
vt 0.5991 0.0396 0.0000
vt 0.6929 0.0396 0.0000
vt 0.6040 0.0322 0.0000
vt 0.6875 0.0327 0.0000
vt 0.6460 0.0313 0.0000
vt 0.6157 0.0195 0.0000
vt 0.6758 0.0195 0.0000
vt 0.6460 0.0186 0.0000
vt 0.6318 0.0117 0.0000
vt 0.6597 0.0122 0.0000
vt 0.6460 0.0103 0.0000
vt 0.6460 0.0083 0.0000
vt 0.7246 0.2437 0.0000
vt 0.1008 0.6238 0.0000
vt 0.0995 0.5903 0.0000
vt 0.1052 0.6240 0.0000
vt 0.0944 0.5930 0.0000
vt 0.1052 0.5898 0.0000
vt 0.0956 0.6218 0.0000
vt 0.1108 0.5903 0.0000
vt 0.0912 0.5957 0.0000
vt 0.1095 0.6238 0.0000
vt 0.0920 0.6196 0.0000
vt 0.1159 0.5930 0.0000
vt 0.0894 0.5986 0.0000
vt 0.1147 0.6218 0.0000
vt 0.0898 0.6172 0.0000
vt 0.1191 0.5957 0.0000
vt 0.0881 0.6021 0.0000
vt 0.1183 0.6196 0.0000
vt 0.0885 0.6150 0.0000
vt 0.1210 0.5986 0.0000
vt 0.0874 0.6062 0.0000
vt 0.0873 0.6108 0.0000
vt 0.1205 0.6172 0.0000
vt 0.1223 0.6021 0.0000
vt 0.1218 0.6150 0.0000
vt 0.1229 0.6062 0.0000
vt 0.1230 0.6108 0.0000
vt 0.1530 0.6750 0.0000
vt 0.1714 0.6631 0.0000
vt 0.1907 0.6484 0.0000
vt 0.1565 0.6780 0.0000
vt 0.1749 0.6677 0.0000
vt 0.1932 0.6538 0.0000
vt 0.1611 0.6819 0.0000
vt 0.1600 0.5476 0.0000
vt 0.1667 0.5452 0.0000
vt 0.9644 0.2944 0.0000
vt 0.9634 0.2954 0.0000
vt 0.9639 0.2954 0.0000
vt 0.9653 0.2949 0.0000
vt 0.9639 0.2959 0.0000
vt 0.9658 0.2935 0.0000
vt 0.9648 0.2959 0.0000
vt 0.9629 0.2954 0.0000
vt 0.9668 0.2949 0.0000
vt 0.9644 0.2969 0.0000
vt 0.9629 0.2964 0.0000
vt 0.9663 0.2964 0.0000
vt 0.9678 0.2935 0.0000
vt 0.9634 0.2964 0.0000
vt 0.9658 0.2979 0.0000
vt 0.9688 0.2954 0.0000
vt 0.9634 0.2969 0.0000
vt 0.9673 0.2983 0.0000
vt 0.9697 0.2935 0.0000
vt 0.9634 0.2979 0.0000
vt 0.9683 0.2969 0.0000
vt 0.9712 0.2964 0.0000
vt 0.9653 0.2988 0.0000
vt 0.9717 0.2944 0.0000
vt 0.9702 0.2979 0.0000
vt 0.9697 0.2988 0.0000
vt 0.9668 0.2998 0.0000
vt 0.9741 0.2954 0.0000
vt 0.9688 0.3003 0.0000
vt 0.9731 0.2969 0.0000
vt 0.9717 0.2998 0.0000
vt 0.9761 0.2969 0.0000
vt 0.9722 0.2983 0.0000
vt 0.9712 0.3008 0.0000
vt 0.9751 0.2983 0.0000
vt 0.9736 0.3008 0.0000
vt 0.9780 0.2983 0.0000
vt 0.9746 0.2993 0.0000
vt 0.9727 0.3018 0.0000
vt 0.9771 0.2998 0.0000
vt 0.9756 0.3018 0.0000
vt 0.9800 0.3003 0.0000
vt 0.9766 0.3008 0.0000
vt 0.9746 0.3027 0.0000
vt 0.9790 0.3018 0.0000
vt 0.9775 0.3032 0.0000
vt 0.9824 0.3027 0.0000
vt 0.9785 0.3022 0.0000
vt 0.9771 0.3042 0.0000
vt 0.9814 0.3037 0.0000
vt 0.9805 0.3042 0.0000
vt 0.9839 0.3057 0.0000
vt 0.9790 0.3057 0.0000
vt 0.9800 0.3052 0.0000
vt 0.9829 0.3062 0.0000
vt 0.9814 0.3081 0.0000
vt 0.9854 0.3086 0.0000
vt 0.9824 0.3071 0.0000
vt 0.9819 0.3076 0.0000
vt 0.9849 0.3091 0.0000
vt 0.9834 0.3105 0.0000
vt 0.9844 0.3096 0.0000
vt 0.9868 0.3110 0.0000
vt 0.9839 0.3101 0.0000
vt 0.9863 0.3115 0.0000
vt 0.9858 0.3120 0.0000
vt 0.9868 0.3120 0.0000
vt 0.9873 0.3125 0.0000
vt 0.9863 0.3125 0.0000
vt 0.9868 0.3130 0.0000
vt 0.9883 0.3135 0.0000
vt 0.9902 0.3867 0.0000
vt 0.9883 0.3862 0.0000
vt 0.9824 0.4053 0.0000
vt 0.9912 0.3662 0.0000
vt 0.9810 0.4043 0.0000
vt 0.9927 0.3662 0.0000
vt 0.9707 0.4199 0.0000
vt 0.9795 0.4033 0.0000
vt 0.9902 0.3457 0.0000
vt 0.9692 0.4185 0.0000
vt 0.9868 0.3857 0.0000
vt 0.9883 0.3462 0.0000
vt 0.9551 0.4292 0.0000
vt 0.9678 0.4170 0.0000
vt 0.9824 0.3276 0.0000
vt 0.9893 0.3662 0.0000
vt 0.9805 0.3281 0.0000
vt 0.9761 0.4004 0.0000
vt 0.9541 0.4272 0.0000
vt 0.9702 0.3130 0.0000
vt 0.9829 0.3843 0.0000
vt 0.9536 0.4258 0.0000
vt 0.9688 0.3140 0.0000
vt 0.9849 0.3662 0.0000
vt 0.9653 0.4131 0.0000
vt 0.9678 0.3154 0.0000
vt 0.9692 0.3940 0.0000
vt 0.9526 0.4209 0.0000
vt 0.9536 0.3071 0.0000
vt 0.9746 0.3809 0.0000
vt 0.9385 0.4238 0.0000
vt 0.9546 0.3052 0.0000
vt 0.9761 0.3662 0.0000
vt 0.9502 0.4111 0.0000
vt 0.9551 0.3037 0.0000
vt 0.9741 0.3516 0.0000
vt 0.9604 0.4043 0.0000
vt 0.9385 0.3003 0.0000
vt 0.9629 0.3564 0.0000
vt 0.9385 0.3022 0.0000
vt 0.9824 0.3481 0.0000
vt 0.9224 0.3052 0.0000
vt 0.9536 0.3921 0.0000
vt 0.9214 0.3032 0.0000
vt 0.9863 0.3467 0.0000
vt 0.9595 0.3853 0.0000
vt 0.9077 0.3140 0.0000
vt 0.9063 0.3125 0.0000
vt 0.9629 0.3760 0.0000
vt 0.8955 0.3281 0.0000
vt 0.9790 0.3291 0.0000
vt 0.8940 0.3271 0.0000
vt 0.9644 0.3662 0.0000
vt 0.8882 0.3462 0.0000
vt 0.8862 0.3457 0.0000
vt 0.8975 0.3291 0.0000
vt 0.9653 0.3198 0.0000
vt 0.9492 0.3618 0.0000
vt 0.8857 0.3662 0.0000
vt 0.9526 0.3115 0.0000
vt 0.9478 0.3579 0.0000
vt 0.8838 0.3662 0.0000
vt 0.9590 0.3472 0.0000
vt 0.8867 0.3867 0.0000
vt 0.9385 0.3086 0.0000
vt 0.8882 0.3862 0.0000
vt 0.9385 0.3037 0.0000
vt 0.9688 0.3384 0.0000
vt 0.8945 0.4053 0.0000
vt 0.8960 0.4043 0.0000
vt 0.9756 0.3320 0.0000
vt 0.9063 0.4194 0.0000
vt 0.9077 0.4185 0.0000
vt 0.9229 0.3066 0.0000
vt 0.9214 0.4287 0.0000
vt 0.9224 0.4272 0.0000
vt 0.9087 0.3154 0.0000
vt 0.9604 0.3281 0.0000
vt 0.9380 0.4321 0.0000
vt 0.9243 0.3115 0.0000
vt 0.9497 0.3213 0.0000
vt 0.9385 0.4302 0.0000
vt 0.9111 0.3193 0.0000
vt 0.9385 0.3193 0.0000
vt 0.9385 0.4287 0.0000
vt 0.9268 0.3213 0.0000
vt 0.9009 0.3320 0.0000
vt 0.9160 0.3281 0.0000
vt 0.9385 0.3340 0.0000
vt 0.8901 0.3467 0.0000
vt 0.9229 0.4253 0.0000
vt 0.9243 0.4209 0.0000
vt 0.9463 0.3354 0.0000
vt 0.8877 0.3662 0.0000
vt 0.9385 0.3521 0.0000
vt 0.9087 0.4170 0.0000
vt 0.8940 0.3481 0.0000
vt 0.9302 0.3354 0.0000
vt 0.8901 0.3857 0.0000
vt 0.9346 0.3525 0.0000
vt 0.8975 0.4033 0.0000
vt 0.8940 0.3843 0.0000
vt 0.9233 0.3403 0.0000
vt 0.8916 0.3662 0.0000
vt 0.9009 0.4004 0.0000
vt 0.9077 0.3384 0.0000
vt 0.9111 0.4131 0.0000
vt 0.9023 0.3809 0.0000
vt 0.9023 0.3516 0.0000
vt 0.9077 0.3940 0.0000
vt 0.9004 0.3662 0.0000
vt 0.9268 0.4111 0.0000
vt 0.9136 0.3564 0.0000
vt 0.9385 0.4131 0.0000
vt 0.9136 0.3765 0.0000
vt 0.9175 0.3472 0.0000
vt 0.9175 0.3853 0.0000
vt 0.9126 0.3662 0.0000
vt 0.9233 0.3921 0.0000
vt 0.9272 0.3618 0.0000
vt 0.9385 0.3984 0.0000
vt 0.9165 0.4043 0.0000
vt 0.9272 0.3706 0.0000
vt 0.9463 0.3970 0.0000
vt 0.9292 0.3745 0.0000
vt 0.9316 0.3779 0.0000
vt 0.9307 0.3970 0.0000
vt 0.9385 0.3662 0.0000
vt 0.9385 0.3804 0.0000
vt 0.9268 0.3662 0.0000
vt 0.9346 0.3799 0.0000
vt 0.9419 0.3799 0.0000
vt 0.9453 0.3779 0.0000
vt 0.9292 0.3579 0.0000
vt 0.9478 0.3745 0.0000
vt 0.9492 0.3706 0.0000
vt 0.9316 0.3545 0.0000
vt 0.9497 0.3662 0.0000
vt 0.9419 0.3525 0.0000
vt 0.9448 0.3545 0.0000
vt 0.9536 0.3403 0.0000
# 1966 texture coords

g Mesh_0016
usemtl Material__30
s 1
f 1/1/1 2/2/2 3/3/3 
s 2
f 3/3/4 2/2/2 4/4/5 
s 3
f 2/2/2 5/5/6 4/4/5 
s 4
f 4/4/5 5/5/6 6/6/7 
s 5
f 5/5/6 7/7/8 6/6/7 
s 6
f 6/6/7 7/7/8 8/8/9 
s 7
f 7/7/8 9/9/10 8/8/9 
s 8
f 2/2/2 1/1/1 10/10/11 
s 9
f 3/3/3 4/4/5 11/11/12 
s 10
f 7/7/8 5/5/6 12/12/13 
s 11
f 5/5/6 2/2/2 13/13/14 
s 12
f 13/13/14 2/2/2 10/10/11 
s 13
f 3/3/3 14/14/15 1/1/1 
s 14
f 9/9/10 7/7/8 15/15/16 
s 15
f 12/12/13 5/5/6 13/13/14 
s 16
f 11/11/12 16/16/17 3/3/3 
s 17
f 3/3/3 16/16/17 14/14/15 
s 18
f 15/15/16 7/7/8 12/12/13 
s 19
f 8/8/9 9/9/10 17/17/18 
s 20
f 11/11/12 4/4/5 18/18/19 
s 21
f 19/19/20 9/9/10 15/15/16 
s 22
f 15/15/16 12/12/13 20/20/21 
s 23
f 9/9/10 21/21/22 17/17/18 
s 24
f 4/4/5 6/6/7 18/18/19 
s 25
f 21/21/22 9/9/10 19/19/20 
s 26
f 20/20/21 12/12/13 22/22/23 
s 27
f 17/17/18 21/21/22 23/23/24 
s 28
f 18/18/19 6/6/7 24/24/25 
s 29
f 6/6/7 8/8/9 24/24/25 
s 30
f 12/12/13 13/13/14 22/22/23 
s 31
f 21/21/22 25/25/26 23/23/24 
s 32
f 24/24/25 26/26/27 18/18/19 
s 33
f 24/24/25 8/8/9 27/27/28 
s 34
f 8/8/9 17/17/18 27/27/28 
s 35
f 25/25/26 21/21/22 28/28/29 
s 36
f 24/24/25 27/27/28 26/26/27 
s 37
f 28/28/29 21/21/22 19/19/20 
s 38
f 18/18/19 26/26/27 29/29/30 
s 39
f 23/23/24 25/25/26 30/30/31 
s 40
f 31/31/32 25/25/26 28/28/29 
s 41
f 28/28/29 19/19/20 32/32/33 
s 42
f 26/26/27 27/27/28 33/33/34 
s 43
f 25/25/26 34/34/35 30/30/31 
s 44
f 34/34/35 25/25/26 31/31/32 
s 45
f 32/32/33 19/19/20 35/35/36 
s 46
f 27/27/28 36/36/37 33/33/34 
s 47
f 30/30/31 34/34/35 37/37/38 
s 48
f 38/38/39 28/28/29 32/32/33 
s 49
f 31/31/32 28/28/29 38/38/39 
s 50
f 39/39/40 36/36/37 27/27/28 
s 51
f 34/34/35 40/40/41 37/37/38 
s 52
f 41/41/42 34/34/35 31/31/32 
s 53
f 42/42/43 31/31/32 38/38/39 
s 54
f 36/36/37 43/43/44 33/33/34 
s 55
f 40/40/41 34/34/35 41/41/42 
s 56
f 41/41/42 31/31/32 42/42/43 
s 57
f 38/38/39 32/32/33 44/44/45 
s 58
f 33/33/34 43/43/44 45/45/46 
s 59
f 37/37/38 40/40/41 46/46/47 
s 60
f 42/42/43 38/38/39 47/47/48 
s 61
f 47/47/48 38/38/39 44/44/45 
s 62
f 43/43/44 48/48/49 45/45/46 
s 63
f 37/37/38 46/46/47 49/49/50 
s 64
f 47/47/51 44/44/45 50/50/51 
s 65
f 33/33/52 45/45/46 26/26/27 
s 66
f 51/51/53 37/37/38 49/49/50 
s 67
f 49/49/50 46/46/47 52/52/54 
s 68
f 50/50/51 44/44/45 53/53/55 
s 69
f 26/26/27 45/45/46 54/54/56 
s 70
f 51/51/53 49/49/50 55/55/57 
s 71
f 49/49/50 52/52/54 56/56/58 
s 72
f 44/44/45 57/57/59 53/53/55 
s 73
f 26/26/27 54/54/56 29/29/30 
s 74
f 55/55/57 49/49/50 56/56/58 
s 75
f 44/44/45 32/32/33 57/57/59 
s 76
f 53/53/55 57/57/59 58/58/60 
s 77
f 29/29/30 54/54/56 59/59/61 
s 78
f 56/56/58 52/52/54 60/60/62 
s 79
f 32/32/33 35/35/36 57/57/59 
s 80
f 29/29/30 59/59/61 61/61/63 
s 81
f 55/55/57 56/56/58 62/62/64 
s 82
f 56/56/58 60/60/62 63/63/65 
s 83
f 57/57/59 35/35/36 64/64/66 
s 84
f 57/57/59 64/64/66 58/58/60 
s 85
f 65/65/67 55/55/57 62/62/64 
s 86
f 62/62/64 56/56/58 63/63/65 
s 87
f 35/35/36 20/20/21 64/64/66 
s 88
f 58/58/60 64/64/66 66/66/68 
s 89
f 67/67/69 55/55/57 65/65/67 
s 90
f 63/63/65 60/60/62 68/68/70 
s 91
f 35/35/36 15/15/16 20/20/21 
s 92
f 67/67/69 51/51/53 55/55/57 
s 93
f 68/68/70 69/69/71 63/63/65 
s 94
f 19/19/20 15/15/16 35/35/36 
s 95
f 70/70/72 51/51/53 67/67/69 
s 96
f 64/64/66 20/20/21 71/71/73 
s 97
f 64/64/66 71/71/73 66/66/68 
s 98
f 63/63/65 69/69/71 72/72/74 
s 99
f 70/70/72 30/30/31 51/51/53 
s 100
f 20/20/21 73/73/75 71/71/73 
s 101
f 63/63/65 72/72/74 62/62/64 
s 102
f 23/23/24 30/30/31 70/70/72 
s 103
f 30/30/31 37/37/38 51/51/53 
s 104
f 73/73/75 74/74/76 71/71/73 
s 105
f 62/62/64 72/72/74 75/75/77 
s 106
f 39/39/40 23/23/24 70/70/72 
s 107
f 22/22/23 73/73/75 20/20/21 
s 108
f 62/62/64 75/75/77 65/65/67 
s 109
f 17/17/18 23/23/24 39/39/40 
s 110
f 22/22/23 76/76/78 73/73/75 
s 111
f 39/39/40 70/70/72 36/77/79 
s 112
f 67/67/69 65/65/67 36/77/79 
s 113
f 27/27/28 17/17/18 39/39/40 
s 114
f 77/78/80 76/76/78 22/22/23 
s 115
f 36/77/79 70/70/72 67/67/69 
s 116
f 36/77/79 65/65/67 43/79/81 
s 117
f 76/76/78 78/80/82 73/73/75 
s 118
f 77/78/80 22/22/23 79/81/83 
s 119
f 65/65/67 75/75/77 48/82/84 
s 120
f 65/65/67 48/82/84 43/79/81 
s 121
f 76/76/78 80/83/85 78/80/82 
s 122
f 22/22/23 81/84/86 79/81/83 
s 123
f 77/78/80 82/85/87 76/76/78 
s 124
f 73/73/75 78/80/82 74/74/76 
s 125
f 82/85/87 80/83/85 76/76/78 
s 126
f 81/84/86 83/86/88 79/81/83 
s 127
f 84/87/89 82/85/87 77/78/80 
s 128
f 22/22/90 13/13/14 81/84/86 
s 129
f 82/85/87 85/88/91 80/83/85 
s 130
f 79/81/83 83/86/88 86/89/92 
s 131
f 79/81/83 86/89/92 77/78/80 
s 132
f 77/78/80 86/89/92 84/87/89 
s 133
f 13/13/14 10/10/11 81/84/86 
s 134
f 80/83/85 85/88/91 87/90/93 
s 135
f 81/84/86 10/10/11 83/86/88 
s 136
f 83/86/88 88/91/94 86/89/92 
s 137
f 84/87/89 89/92/95 82/85/87 
s 138
f 82/85/87 89/92/95 85/88/91 
s 139
f 85/88/91 90/93/96 87/90/93 
s 140
f 10/10/11 91/94/97 83/86/88 
s 141
f 83/86/88 91/94/97 88/91/94 
s 142
f 86/89/92 92/95/98 84/87/89 
s 143
f 84/87/89 92/95/98 89/92/95 
s 144
f 93/96/99 90/93/96 85/88/91 
s 145
f 10/10/11 1/1/1 91/94/97 
s 146
f 86/89/92 88/91/94 92/95/98 
s 147
f 89/92/95 93/96/99 85/88/91 
s 148
f 94/97/100 90/93/96 93/96/99 
s 149
f 95/98/101 91/94/97 1/1/1 
s 150
f 88/91/94 96/99/102 92/95/98 
s 151
f 94/97/100 93/96/99 97/100/103 
s 152
f 1/1/1 14/14/15 95/98/101 
s 153
f 98/101/104 96/99/102 88/91/94 
s 154
f 99/102/105 94/97/100 97/100/103 
s 155
f 97/100/103 93/96/99 100/103/106 
s 156
f 96/99/102 100/103/106 92/95/98 
s 157
f 100/103/106 93/96/99 89/92/95 
s 158
f 98/101/104 88/91/94 101/104/107 
s 159
f 96/99/102 97/100/103 100/103/106 
s 160
f 92/95/98 100/103/106 89/92/95 
s 161
f 101/104/107 91/94/97 95/98/101 
s 162
f 101/104/107 88/91/94 91/94/97 
s 163
f 98/101/104 102/105/108 96/99/102 
s 164
f 97/100/103 102/105/108 99/102/105 
s 165
f 14/14/15 103/106/109 95/98/101 
s 166
f 104/107/110 101/104/107 95/98/101 
s 167
f 102/105/108 97/100/103 96/99/102 
s 168
f 99/102/105 102/105/108 105/108/111 
s 169
f 95/98/101 103/106/109 104/107/110 
s 170
f 105/108/111 102/105/108 98/101/104 
s 171
f 106/109/112 101/104/107 104/107/110 
s 172
f 99/102/105 105/108/111 107/110/113 
s 173
f 103/106/109 108/111/114 104/107/110 
s 174
f 105/108/111 98/101/104 106/109/112 
s 175
f 106/109/112 98/101/104 101/104/107 
s 176
f 109/112/115 99/102/105 107/110/113 
s 177
f 104/107/110 108/111/114 110/113/116 
s 178
f 107/110/113 106/109/112 110/113/116 
s 179
f 107/110/113 105/108/111 106/109/112 
s 180
f 14/14/15 111/114/117 103/106/109 
s 181
f 110/113/116 106/109/112 104/107/110 
s 182
f 108/111/114 112/115/118 110/113/116 
s 183
f 109/112/115 107/110/113 113/116/119 
s 184
f 111/114/117 114/117/120 103/106/109 
s 185
f 103/106/109 114/117/120 108/111/114 
s 186
f 110/113/116 112/115/118 113/116/119 
s 187
f 115/118/121 109/112/115 113/116/119 
s 188
f 113/116/119 107/110/113 110/113/116 
s 189
f 16/16/17 111/114/117 14/14/15 
s 190
f 112/115/118 116/119/122 113/116/119 
s 191
f 113/116/119 116/119/122 115/118/121 
s 192
f 117/120/123 109/112/115 115/118/121 
s 193
f 16/16/17 118/121/124 111/114/117 
s 194
f 108/111/114 119/122/125 112/115/118 
s 195
f 114/117/120 119/122/125 108/111/114 
s 196
f 117/120/123 120/123/126 109/112/115 
s 197
f 121/124/127 118/121/124 16/16/17 
s 198
f 111/114/117 122/125/128 114/117/120 
s 199
f 123/126/129 117/120/123 115/118/121 
s 200
f 11/11/12 121/124/127 16/16/17 
s 201
f 118/121/124 122/125/128 111/114/117 
s 202
f 115/118/121 124/127/130 123/126/129 
s 203
f 61/128/131 121/124/127 11/11/12 
s 204
f 121/124/127 125/129/132 118/121/124 
s 205
f 122/125/128 126/130/133 114/117/120 
s 206
f 124/127/130 127/131/134 123/126/129 
s 207
f 61/128/131 128/132/135 121/124/127 
s 208
f 128/132/135 125/129/132 121/124/127 
s 209
f 114/117/120 126/130/133 119/122/125 
s 210
f 123/126/129 127/131/134 129/133/136 
s 211
f 130/134/137 128/132/135 61/128/131 
s 212
f 125/129/132 131/135/138 118/121/124 
s 213
f 118/121/124 131/135/138 122/125/128 
s 214
f 127/131/134 46/136/139 129/133/136 
s 215
f 69/137/140 128/132/135 130/134/137 
s 216
f 132/138/141 125/129/132 128/132/135 
s 217
f 131/135/138 133/139/142 122/125/128 
s 218
f 122/125/128 133/139/142 126/130/133 
s 219
f 132/138/141 128/132/135 69/137/140 
s 220
f 129/133/136 46/136/139 40/140/143 
s 221
f 134/141/144 133/139/142 131/135/138 
s 222
f 135/142/145 125/129/132 132/138/141 
s 223
f 40/140/143 136/143/146 129/133/136 
s 224
f 134/141/144 131/135/138 135/142/145 
s 225
f 127/131/134 52/144/147 46/136/139 
s 226
f 135/142/145 131/135/138 125/129/132 
s 227
f 136/143/146 137/145/148 129/133/136 
s 228
f 138/146/149 52/144/147 127/131/134 
s 229
f 41/147/150 136/143/146 40/140/143 
s 230
f 129/133/136 137/145/148 123/126/129 
s 231
f 124/127/130 138/146/149 127/131/134 
s 232
f 41/147/150 139/148/151 136/143/146 
s 233
f 138/146/149 60/149/152 52/144/147 
s 234
f 137/145/148 117/120/123 123/126/129 
s 235
f 42/150/153 139/148/151 41/147/150 
s 236
f 140/151/154 138/146/149 124/127/130 
s 237
f 137/145/148 141/152/155 117/120/123 
s 238
f 42/150/153 47/153/156 139/148/151 
s 239
f 116/119/122 140/151/154 124/127/130 
s 240
f 142/154/157 141/152/155 137/145/148 
s 241
f 139/148/151 142/154/157 136/143/146 
s 242
f 139/148/151 47/153/156 143/155/158 
s 243
f 144/156/159 140/151/154 116/119/122 
s 244
f 136/143/146 142/154/157 137/145/148 
s 245
f 139/148/151 143/155/158 142/154/157 
s 246
f 47/153/156 50/157/160 143/155/158 
s 247
f 144/156/159 145/158/161 140/151/154 
s 248
f 116/119/122 124/127/130 115/118/121 
s 249
f 142/154/157 146/159/162 141/152/155 
s 250
f 142/154/157 143/155/158 146/159/162 
s 251
f 147/160/163 145/158/161 144/156/159 
s 252
f 112/115/118 144/156/159 116/119/122 
s 253
f 141/152/155 146/159/162 148/161/164 
s 254
f 143/155/158 149/162/165 146/159/162 
s 255
f 143/155/158 50/157/160 149/162/165 
s 256
f 119/122/125 144/156/159 112/115/166 
s 257
f 119/122/125 147/160/163 144/156/159 
s 258
f 141/152/155 148/161/164 120/123/126 
s 259
f 146/159/162 150/163/167 148/161/164 
s 260
f 146/159/162 149/162/165 150/163/167 
s 261
f 126/164/168 147/160/163 119/122/125 
s 262
f 141/152/155 120/123/126 117/120/123 
s 263
f 120/123/126 148/161/164 151/165/169 
s 264
f 148/161/164 150/163/167 152/166/170 
s 265
f 126/164/168 153/167/171 147/160/163 
s 266
f 148/161/164 152/166/170 151/165/169 
s 267
f 151/165/169 154/168/172 120/123/126 
s 268
f 133/169/173 153/167/171 126/164/168 
s 269
f 147/160/163 153/167/171 145/158/161 
s 270
f 151/165/169 152/166/170 155/170/174 
s 271
f 120/123/126 154/168/172 99/102/105 
s 272
f 153/167/171 133/169/173 134/171/175 
s 273
f 155/170/174 156/172/176 151/165/169 
s 274
f 120/123/126 99/102/105 109/112/115 
s 275
f 151/165/169 156/172/176 154/168/172 
s 276
f 145/158/161 153/167/171 157/173/177 
s 277
f 135/174/178 153/167/171 134/171/175 
s 278
f 154/168/172 94/97/100 99/102/105 
s 279
f 156/172/176 158/175/179 154/168/172 
s 280
f 157/173/177 153/167/171 135/174/178 
s 281
f 145/158/161 157/173/177 159/176/180 
s 282
f 154/168/172 158/175/179 94/97/100 
s 283
f 158/175/179 90/93/96 94/97/100 
s 284
f 132/177/181 157/173/177 135/174/178 
s 285
f 145/158/161 159/176/180 140/151/154 
s 286
f 160/178/182 157/173/177 132/177/181 
s 287
f 159/176/180 157/173/177 160/178/182 
s 288
f 140/151/154 159/176/180 138/146/149 
s 289
f 160/178/182 132/177/181 68/179/183 
s 290
f 159/176/180 60/149/152 138/146/149 
s 291
f 159/176/180 160/178/182 60/149/152 
s 292
f 60/149/152 160/178/182 68/179/183 
s 293
f 68/179/183 132/177/181 69/180/184 
s 294
f 11/11/12 18/18/19 61/61/185 
s 295
f 61/61/185 18/18/19 29/29/30 
s 296
f 61/61/185 59/59/61 130/181/186 
s 297
f 130/181/186 59/59/61 69/182/187 
s 298
f 69/182/187 59/59/61 72/183/188 
s 299
f 54/54/56 72/183/188 59/59/61 
s 300
f 75/184/189 72/183/188 54/54/56 
s 301
f 45/45/46 75/184/189 54/54/56 
s 302
f 48/48/49 75/184/189 45/45/46 
s 303
f 74/185/190 161/186/191 162/187/192 
s 304
f 74/185/190 163/188/191 161/186/191 
s 305
f 162/187/192 161/186/191 66/189/191 
s 306
f 161/186/191 163/188/191 66/189/191 
s 307
f 78/190/191 163/188/191 74/185/190 
s 308
f 66/189/191 163/188/191 58/191/190 
s 309
f 78/190/191 164/192/191 163/188/191 
s 310
f 163/188/191 164/192/191 58/191/190 
s 311
f 80/193/191 164/192/191 78/190/191 
s 312
f 58/191/190 164/192/191 53/194/190 
s 313
f 80/193/191 165/195/191 164/192/191 
s 314
f 165/195/191 53/194/190 164/192/191 
s 315
f 87/196/191 165/195/191 80/193/191 
s 316
f 50/197/191 53/194/190 165/195/191 
s 317
f 87/196/191 90/198/191 165/195/191 
s 318
f 165/195/191 149/199/191 50/197/191 
s 319
f 165/195/191 90/198/191 166/200/190 
s 320
f 166/200/190 149/199/191 165/195/191 
s 321
f 90/198/191 158/201/190 166/200/190 
s 322
f 166/200/190 150/202/191 149/199/191 
s 323
f 166/200/190 158/201/190 167/203/191 
s 324
f 167/203/191 150/202/191 166/200/190 
s 325
f 158/201/190 156/204/191 167/203/191 
s 326
f 167/203/191 152/205/191 150/202/191 
s 327
f 167/203/191 156/204/191 168/206/190 
s 328
f 168/206/190 152/205/191 167/203/191 
s 329
f 156/204/191 155/207/190 168/206/190 
s 330
f 168/206/190 155/207/190 152/205/191 
s 331
f 71/71/73 74/74/76 162/208/193 
s 332
f 66/66/68 71/71/73 162/208/193 
s 333
f 169/209/194 170/210/195 171/211/196 
s 334
f 172/212/197 169/209/194 171/211/196 
s 335
f 171/211/196 170/210/195 173/213/198 
s 336
f 174/214/199 169/209/194 172/212/197 
s 337
f 170/210/195 175/215/200 173/213/198 
s 338
f 176/216/201 174/214/199 172/212/197 
s 339
f 170/210/195 169/209/194 177/217/202 
s 340
f 175/215/200 170/210/195 177/217/202 
s 341
f 169/209/194 174/214/199 177/217/202 
s 342
f 173/213/198 175/215/200 178/218/203 
s 343
f 179/219/204 174/214/199 176/216/201 
s 344
f 174/214/199 179/219/204 177/217/202 
s 345
f 175/215/200 180/220/205 178/218/203 
s 346
f 180/220/205 175/215/200 177/217/202 
s 347
f 181/221/206 179/219/204 176/216/201 
s 348
f 178/218/203 180/220/205 182/222/207 
s 349
f 183/223/208 180/220/205 177/217/202 
s 350
f 180/220/205 183/223/208 182/222/207 
s 351
f 184/224/209 179/219/204 181/221/206 
s 352
f 179/219/204 184/224/209 177/217/202 
s 353
f 182/222/207 183/223/208 185/225/210 
s 354
f 186/226/211 184/224/209 181/221/206 
s 355
f 187/227/212 183/223/208 177/217/202 
s 356
f 183/223/208 187/227/212 185/225/210 
s 357
f 188/228/213 184/224/209 186/226/211 
s 358
f 184/224/209 188/228/213 177/217/202 
s 359
f 185/225/210 187/227/212 189/229/214 
s 360
f 190/230/215 188/228/213 186/226/211 
s 361
f 191/231/216 187/227/212 177/217/202 
s 362
f 187/227/212 191/231/216 189/229/214 
s 363
f 192/232/217 188/228/213 190/230/215 
s 364
f 188/228/213 192/232/217 177/217/202 
s 365
f 189/229/214 191/231/216 193/233/218 
s 366
f 194/234/219 192/232/217 190/230/215 
s 367
f 195/235/220 191/231/216 177/217/202 
s 368
f 191/231/216 195/235/220 193/233/218 
s 369
f 196/236/221 192/232/217 194/234/219 
s 370
f 192/232/217 196/236/221 177/217/202 
s 371
f 193/233/218 195/235/220 197/237/222 
s 372
f 198/238/223 196/236/221 194/234/219 
s 373
f 199/239/224 195/235/220 177/217/202 
s 374
f 195/235/220 199/239/224 197/237/222 
s 375
f 200/240/225 196/236/221 198/238/223 
s 376
f 196/236/221 200/240/225 177/217/202 
s 377
f 197/237/222 199/239/224 201/241/226 
s 378
f 202/242/227 200/240/225 198/238/223 
s 379
f 203/243/228 199/239/224 177/217/202 
s 380
f 199/239/224 203/243/228 201/241/226 
s 381
f 204/244/229 200/240/225 202/242/227 
s 382
f 200/240/225 204/244/229 177/217/202 
s 383
f 201/241/226 203/243/228 205/245/230 
s 384
f 206/246/231 204/244/229 202/242/227 
s 385
f 207/247/232 203/243/228 177/217/202 
s 386
f 203/243/228 207/247/232 205/245/230 
s 387
f 208/248/233 204/244/229 206/246/231 
s 388
f 208/248/233 207/247/232 177/217/202 
s 389
f 204/244/229 208/248/233 177/217/202 
s 390
f 205/245/230 207/247/232 209/249/234 
s 391
f 209/249/234 208/248/233 206/246/231 
s 392
f 207/247/232 208/248/233 209/249/234 
s 393
f 201/250/235 205/251/236 210/252/237 
s 394
f 211/253/238 201/250/235 210/252/237 
s 395
f 210/252/237 205/251/236 212/254/239 
s 396
f 197/255/240 201/250/235 211/253/238 
s 397
f 205/251/236 209/256/241 212/254/239 
s 398
f 213/257/242 197/255/240 211/253/238 
s 399
f 212/254/239 209/256/241 214/258/243 
s 400
f 193/259/244 197/255/240 213/257/242 
s 401
f 209/256/241 206/260/245 214/258/243 
s 402
f 215/261/246 193/259/244 213/257/242 
s 403
f 214/258/243 206/260/245 216/262/247 
s 404
f 189/263/248 193/259/244 215/261/246 
s 405
f 206/260/245 202/264/249 216/262/247 
s 406
f 217/265/250 189/263/248 215/261/246 
s 407
f 185/266/250 189/263/248 217/265/250 
s 408
f 216/262/247 202/264/249 218/267/251 
s 409
f 202/264/249 198/268/252 218/267/251 
s 410
f 218/267/251 198/268/252 219/269/253 
s 411
f 198/268/252 194/270/254 219/269/253 
s 412
f 219/269/253 194/270/254 220/271/254 
s 413
f 185/272/255 217/273/255 182/274/256 
s 414
f 182/274/256 217/273/255 221/275/257 
s 415
f 182/274/256 221/275/257 178/276/258 
s 416
f 178/276/258 221/275/257 222/277/259 
s 417
f 178/276/258 222/277/259 173/278/260 
s 418
f 173/278/260 222/277/259 223/279/261 
s 419
f 173/278/260 223/279/261 171/280/262 
s 420
f 171/280/262 223/279/261 224/281/263 
s 421
f 171/280/262 224/281/263 172/282/264 
s 422
f 172/282/264 224/281/263 225/283/265 
s 423
f 172/282/264 225/283/265 176/284/266 
s 424
f 176/284/266 225/283/265 226/285/267 
s 425
f 176/284/266 226/285/267 181/286/268 
s 426
f 181/286/268 226/285/267 227/287/269 
s 427
f 181/286/268 227/287/269 186/288/270 
s 428
f 186/288/270 227/287/269 228/289/271 
s 429
f 186/288/270 228/289/271 190/290/272 
s 430
f 190/290/272 228/289/271 229/291/273 
s 431
f 190/290/272 229/291/273 194/292/274 
s 432
f 194/292/274 229/291/273 220/293/274 
s 433
f 230/1/275 231/3/276 232/98/277 
s 434
f 232/98/277 233/94/278 230/1/275 
s 435
f 232/98/277 231/3/276 234/14/279 
s 436
f 235/104/280 233/94/278 232/98/277 
s 437
f 230/1/275 236/2/281 231/3/276 
s 438
f 232/98/277 234/14/279 237/294/282 
s 439
f 232/98/277 238/109/283 235/104/280 
s 440
f 235/104/280 239/91/284 233/94/278 
s 441
f 231/3/276 236/2/281 240/4/285 
s 442
f 237/294/282 238/109/283 232/98/277 
s 443
f 238/109/283 241/295/286 235/104/280 
s 444
f 241/295/286 239/91/284 235/104/280 
s 445
f 231/3/276 242/11/287 234/14/279 
s 446
f 237/294/282 234/14/279 243/106/288 
s 447
f 237/294/282 244/296/289 238/109/283 
s 448
f 241/295/286 245/95/290 239/91/284 
s 449
f 234/14/279 242/11/287 246/16/291 
s 450
f 234/14/279 246/16/291 243/106/288 
s 451
f 247/297/292 244/296/289 237/294/282 
s 452
f 248/99/293 245/95/290 241/295/286 
s 453
f 242/11/287 249/298/294 246/16/291 
s 454
f 237/294/282 243/106/288 247/297/292 
s 455
f 241/295/286 250/105/295 248/99/293 
s 456
f 231/3/276 251/18/296 242/11/287 
s 457
f 243/106/288 246/16/291 252/299/297 
s 458
f 253/108/298 250/105/295 241/295/286 
s 459
f 240/4/285 251/18/296 231/3/276 
s 460
f 247/297/292 243/106/288 254/111/299 
s 461
f 243/106/288 252/299/297 254/111/299 
s 462
f 255/102/300 250/105/295 253/108/298 
s 463
f 240/4/285 256/300/301 251/18/296 
s 464
f 247/297/292 254/111/299 257/116/302 
s 465
f 258/100/303 250/105/295 255/102/300 
s 466
f 259/6/304 256/300/301 240/4/285 
s 467
f 257/116/302 260/301/305 247/297/292 
s 468
f 255/102/300 261/97/306 258/100/303 
s 469
f 240/4/285 262/5/307 259/6/304 
s 470
f 257/116/302 254/111/299 263/115/308 
s 471
f 264/302/309 261/97/306 255/102/300 
s 472
f 236/2/281 262/5/307 240/4/285 
s 473
f 257/116/302 263/115/308 265/303/310 
s 474
f 266/123/311 264/302/309 255/102/300 
s 475
f 262/5/307 236/2/281 267/13/312 
s 476
f 265/303/310 268/120/313 257/116/302 
s 477
f 269/304/314 264/302/309 266/123/311 
s 478
f 262/5/307 270/305/315 259/6/304 
s 479
f 265/303/310 263/115/308 271/119/316 
s 480
f 266/123/311 272/306/317 269/304/314 
s 481
f 270/305/315 262/5/307 273/12/318 
s 482
f 273/12/318 262/5/307 267/13/312 
s 483
f 263/115/308 274/122/319 271/119/316 
s 484
f 275/307/320 272/306/317 266/123/311 
s 485
f 276/308/321 270/305/315 273/12/318 
s 486
f 263/115/308 277/117/322 274/122/319 
s 487
f 260/301/305 275/307/320 266/123/311 
s 488
f 278/309/323 270/305/315 276/308/321 
s 489
f 254/111/299 277/117/322 263/115/308 
s 490
f 268/120/313 275/307/320 260/301/305 
s 491
f 270/305/315 278/309/323 279/8/324 
s 492
f 254/111/299 252/299/297 277/117/322 
s 493
f 257/116/302 268/120/313 260/301/305 
s 494
f 259/6/304 270/305/315 279/8/324 
s 495
f 279/8/324 278/309/323 280/17/325 
s 496
f 252/299/297 281/310/326 277/117/322 
s 497
f 260/301/305 266/123/311 244/296/289 
s 498
f 259/6/304 279/8/324 256/300/301 
s 499
f 282/311/327 281/310/326 252/299/297 
s 500
f 247/297/292 260/301/305 244/296/289 
s 501
f 244/296/289 266/123/311 255/102/300 
s 502
f 256/300/301 279/8/324 283/27/328 
s 503
f 279/8/324 280/17/325 283/27/328 
s 504
f 246/16/291 282/311/327 252/299/297 
s 505
f 255/102/300 253/108/298 244/296/289 
s 506
f 283/27/328 284/312/329 256/300/301 
s 507
f 285/313/330 282/311/327 246/16/291 
s 508
f 283/27/328 280/17/325 286/39/331 
s 509
f 244/296/289 253/108/298 238/109/283 
s 510
f 246/16/291 249/298/294 285/313/330 
s 511
f 286/39/331 287/314/332 283/27/328 
s 512
f 283/27/333 287/314/332 284/312/329 
s 513
f 253/108/298 241/295/286 238/109/283 
s 514
f 249/298/294 288/315/334 285/313/330 
s 515
f 280/17/325 289/23/335 286/39/331 
s 516
f 256/300/301 284/312/329 290/316/336 
s 517
f 287/314/332 291/43/337 284/312/329 
s 518
f 285/313/330 288/315/334 292/317/338 
s 519
f 286/39/331 289/23/335 293/318/339 
s 520
f 256/300/301 290/316/336 251/18/296 
s 521
f 292/317/338 294/319/340 285/313/330 
s 522
f 293/318/339 295/320/341 286/39/331 
s 523
f 280/17/325 296/21/342 289/23/335 
s 524
f 288/315/334 297/138/343 292/317/338 
s 525
f 297/138/343 294/319/340 292/317/338 
s 526
f 286/39/331 295/320/341 287/321/344 
s 527
f 278/309/323 296/21/342 280/17/325 
s 528
f 298/322/345 297/138/343 288/315/334 
s 529
f 285/313/330 294/319/340 282/311/327 
s 530
f 296/21/342 278/309/323 299/19/346 
s 531
f 295/320/341 300/323/347 287/321/344 
s 532
f 301/324/348 294/319/340 297/138/343 
s 533
f 302/28/349 296/21/342 299/19/346 
s 534
f 295/320/341 303/325/350 300/323/347 
s 535
f 301/324/348 304/135/351 294/319/340 
s 536
f 294/319/340 304/135/351 282/311/327 
s 537
f 305/326/352 296/21/342 302/28/349 
s 538
f 306/327/353 303/325/350 295/320/341 
s 539
f 307/328/354 304/135/351 301/324/348 
s 540
f 296/21/342 305/326/352 289/23/335 
s 541
f 295/320/341 308/329/355 306/327/353 
s 542
f 309/139/356 304/135/351 307/328/354 
s 543
f 306/327/353 310/330/357 303/325/350 
s 544
f 289/23/335 305/326/352 311/331/358 
s 545
f 304/135/351 309/139/356 281/310/326 
s 546
f 282/311/327 304/135/351 281/310/326 
s 547
f 312/332/359 310/330/357 306/327/353 
s 548
f 305/326/352 313/34/360 311/331/358 
s 549
f 281/310/326 309/139/356 314/333/361 
s 550
f 306/327/353 315/334/362 312/332/359 
s 551
f 308/329/355 315/334/362 306/327/353 
s 552
f 311/331/358 313/34/360 316/335/363 
s 553
f 281/310/326 314/333/361 277/117/322 
s 554
f 311/331/358 316/335/363 308/329/355 
s 555
f 308/329/355 316/335/363 315/334/362 
s 556
f 315/334/362 317/336/364 312/332/359 
s 557
f 313/34/360 318/40/365 316/335/363 
s 558
f 277/117/322 314/333/361 274/122/319 
s 559
f 316/335/363 319/337/366 315/334/362 
s 560
f 315/334/362 319/337/366 317/336/364 
s 561
f 313/34/360 305/326/352 320/338/367 
s 562
f 316/335/363 318/40/365 319/337/366 
s 563
f 312/332/359 317/336/364 321/339/368 
s 564
f 318/40/365 313/34/360 322/41/369 
s 565
f 322/41/369 313/34/360 320/338/367 
s 566
f 320/338/367 305/326/352 302/28/349 
s 567
f 312/332/359 321/339/368 310/330/357 
s 568
f 271/119/316 274/122/319 323/340/370 
s 569
f 320/338/367 302/28/349 324/38/371 
s 570
f 322/41/369 320/338/367 325/341/372 
s 571
f 310/330/357 321/339/368 326/342/373 
s 572
f 271/119/316 323/340/370 327/343/374 
s 573
f 325/341/372 320/338/367 324/38/371 
s 574
f 326/342/373 298/344/375 310/330/357 
s 575
f 328/345/376 271/119/316 327/343/374 
s 576
f 325/341/372 324/38/371 329/346/377 
s 577
f 327/343/374 323/340/370 330/347/378 
s 578
f 310/330/357 298/344/375 331/348/379 
s 579
f 265/303/310 271/119/316 328/345/376 
s 580
f 328/345/376 327/343/374 332/349/380 
s 581
f 327/343/374 330/347/378 333/350/381 
s 582
f 310/330/357 331/348/379 303/325/350 
s 583
f 328/345/376 334/145/382 265/303/310 
s 584
f 332/349/380 327/343/374 333/350/381 
s 585
f 333/350/381 330/347/378 335/351/383 
s 586
f 303/325/350 331/348/379 336/352/384 
s 587
f 265/303/310 334/145/382 268/120/313 
s 588
f 332/349/380 333/350/381 318/353/385 
s 589
f 303/325/350 336/352/384 300/323/347 
s 590
f 333/350/381 335/351/383 319/354/386 
s 591
f 334/145/382 337/355/387 268/120/313 
s 592
f 318/353/385 333/350/381 319/354/386 
s 593
f 300/323/347 336/352/384 338/356/388 
s 594
f 334/145/382 339/357/389 337/355/387 
s 595
f 318/353/385 322/358/390 332/349/380 
s 596
f 300/323/347 338/356/388 291/359/391 
s 597
f 340/360/392 339/357/389 334/145/382 
s 598
f 268/120/313 337/355/387 275/307/320 
s 599
f 332/349/380 322/358/390 340/360/392 
s 600
f 287/321/344 300/323/347 291/359/391 
s 601
f 328/345/376 340/360/392 334/145/382 
s 602
f 337/355/387 341/159/393 275/307/320 
s 603
f 332/349/380 340/360/392 328/345/376 
s 604
f 322/358/390 325/361/394 340/360/392 
s 605
f 340/360/392 325/361/394 339/357/389 
s 606
f 339/357/389 342/362/395 337/355/387 
s 607
f 337/355/387 342/362/395 341/159/393 
s 608
f 275/307/320 341/159/393 272/306/317 
s 609
f 325/361/394 329/363/396 339/357/389 
s 610
f 339/357/389 329/363/396 342/362/395 
s 611
f 341/159/393 343/364/397 272/306/317 
s 612
f 329/363/396 344/365/398 342/362/395 
s 613
f 342/362/395 345/366/399 341/159/393 
s 614
f 341/159/393 345/366/399 343/364/397 
s 615
f 342/362/395 344/365/398 345/366/399 
s 616
f 272/306/317 343/364/397 346/166/400 
s 617
f 272/306/317 346/166/400 269/304/314 
s 618
f 269/304/314 346/166/400 347/367/401 
s 619
f 347/367/401 348/368/402 269/304/314 
s 620
f 269/304/314 348/368/402 264/302/309 
s 621
f 348/368/402 349/175/403 264/302/309 
s 622
f 264/302/309 349/175/403 261/97/306 
s 623
f 349/175/403 350/93/404 261/97/306 
s 624
f 261/97/306 350/93/404 351/96/405 
s 625
f 261/97/306 351/96/405 258/100/303 
s 626
f 351/96/405 350/93/404 352/88/406 
s 627
f 258/100/303 351/96/405 353/103/407 
s 628
f 352/88/406 350/93/404 354/90/408 
s 629
f 248/99/293 258/100/303 353/103/407 
s 630
f 353/103/407 351/96/405 355/92/409 
s 631
f 355/92/409 351/96/405 352/88/406 
s 632
f 356/83/410 352/88/406 354/90/408 
s 633
f 248/99/293 353/103/407 245/95/290 
s 634
f 250/105/295 258/100/303 248/99/293 
s 635
f 245/95/290 353/103/407 355/92/409 
s 636
f 357/85/411 352/88/406 356/83/410 
s 637
f 357/85/411 355/92/409 352/88/406 
s 638
f 358/87/412 245/95/290 355/92/409 
s 639
f 358/87/412 355/92/409 357/85/411 
s 640
f 357/85/411 356/83/410 359/369/413 
s 641
f 360/89/414 245/95/290 358/87/412 
s 642
f 358/87/412 357/85/411 361/78/415 
s 643
f 361/78/415 357/85/411 359/369/413 
s 644
f 361/78/415 360/89/414 358/87/412 
s 645
f 359/369/413 356/83/410 362/80/416 
s 646
f 360/89/414 239/91/284 245/95/290 
s 647
f 361/78/415 359/369/413 363/22/417 
s 648
f 359/369/413 362/80/416 364/73/418 
s 649
f 363/22/417 359/369/413 364/73/418 
s 650
f 365/370/419 239/91/284 360/89/414 
s 651
f 361/78/415 363/22/417 366/81/420 
s 652
f 364/73/418 362/80/416 367/74/421 
s 653
f 366/81/420 365/370/419 360/89/414 
s 654
f 365/370/419 233/94/278 239/91/284 
s 655
f 366/81/420 360/89/414 361/78/415 
s 656
f 363/22/417 364/73/418 368/20/422 
s 657
f 369/84/423 365/370/419 366/81/420 
s 658
f 370/10/424 233/94/278 365/370/419 
s 659
f 364/73/418 367/74/421 371/71/425 
s 660
f 368/20/422 364/73/418 371/71/425 
s 661
f 363/22/417 369/84/423 366/81/420 
s 662
f 369/84/423 370/10/424 365/370/419 
s 663
f 371/71/425 367/74/421 372/371/426 
s 664
f 373/64/427 368/20/422 371/71/425 
s 665
f 368/20/422 273/12/318 363/22/417 
s 666
f 273/12/318 369/84/423 363/22/417 
s 667
f 370/10/424 230/1/275 233/94/278 
s 668
f 374/35/428 368/20/422 373/64/427 
s 669
f 276/308/321 273/12/318 368/20/422 
s 670
f 267/13/312 369/84/423 273/12/318 
s 671
f 267/13/312 370/10/424 369/84/423 
s 672
f 236/2/281 230/1/275 370/10/424 
s 673
f 374/35/428 276/308/321 368/20/422 
s 674
f 375/57/429 374/35/428 373/64/427 
s 675
f 267/13/312 236/2/281 370/10/424 
s 676
f 373/64/427 371/71/425 376/66/430 
s 677
f 376/66/430 371/71/425 372/371/426 
s 678
f 377/372/431 374/35/428 375/57/429 
s 679
f 299/19/346 276/308/321 374/35/428 
s 680
f 375/57/429 373/64/427 378/58/432 
s 681
f 378/58/432 373/64/427 376/66/430 
s 682
f 377/372/431 299/19/346 374/35/428 
s 683
f 299/19/346 278/309/323 276/308/321 
s 684
f 379/44/433 377/372/431 375/57/429 
s 685
f 380/373/434 375/57/429 378/58/432 
s 686
f 379/44/433 375/57/429 380/373/434 
s 687
f 302/28/349 299/19/346 377/372/431 
s 688
f 324/38/371 377/372/431 379/44/433 
s 689
f 324/38/371 302/28/349 377/372/431 
s 690
f 344/50/435 379/44/433 380/373/434 
s 691
f 329/346/377 324/38/371 379/44/433 
s 692
f 329/346/377 379/44/433 344/50/435 
s 693
f 319/354/386 335/351/383 317/374/436 
s 694
f 335/351/383 381/375/437 317/374/436 
s 695
f 335/351/383 382/376/438 381/375/437 
s 696
f 317/374/436 381/375/437 321/377/439 
s 697
f 330/347/378 382/376/438 335/351/383 
s 698
f 382/376/438 383/378/440 381/375/437 
s 699
f 381/375/437 326/379/441 321/377/439 
s 700
f 383/378/440 326/379/441 381/375/437 
s 701
f 330/347/378 384/380/442 382/376/438 
s 702
f 385/381/443 383/378/440 382/376/438 
s 703
f 384/380/442 385/381/443 382/376/438 
s 704
f 326/379/441 383/378/440 298/382/444 
s 705
f 323/340/370 384/380/442 330/347/378 
s 706
f 386/383/445 385/381/443 384/380/442 
s 707
f 298/382/444 383/378/440 297/384/446 
s 708
f 383/378/440 385/381/443 297/384/446 
s 709
f 274/122/319 384/380/442 323/340/370 
s 710
f 314/385/447 386/383/445 384/380/442 
s 711
f 314/385/447 384/380/442 274/122/319 
s 712
f 297/384/446 385/381/443 301/386/448 
s 713
f 385/381/443 386/383/445 301/386/448 
s 714
f 309/387/449 386/383/445 314/385/447 
s 715
f 301/386/448 386/383/445 307/388/450 
s 716
f 386/383/445 309/387/449 307/388/450 
s 717
f 348/185/190 347/187/191 387/186/191 
s 718
f 388/188/190 348/185/190 387/186/191 
s 719
f 387/186/191 347/187/191 346/189/190 
s 720
f 387/186/191 346/189/190 388/188/190 
s 721
f 349/190/191 348/185/190 388/188/190 
s 722
f 388/188/190 346/189/190 343/191/191 
s 723
f 389/192/191 349/190/191 388/188/190 
s 724
f 388/188/190 343/191/191 389/192/191 
s 725
f 350/193/191 349/190/191 389/192/191 
s 726
f 389/192/191 343/191/191 345/194/191 
s 727
f 390/195/190 350/193/191 389/192/191 
s 728
f 389/192/191 345/194/191 390/195/190 
s 729
f 354/196/190 350/193/191 390/195/190 
s 730
f 390/195/190 345/194/191 344/197/190 
s 731
f 354/196/190 390/195/190 356/198/191 
s 732
f 344/197/190 380/199/190 390/195/190 
s 733
f 356/198/191 390/195/190 391/200/191 
s 734
f 390/195/190 380/199/190 391/200/191 
s 735
f 356/198/191 391/200/191 362/201/191 
s 736
f 378/202/190 391/200/191 380/199/190 
s 737
f 362/201/191 391/200/191 392/203/190 
s 738
f 392/203/190 391/200/191 378/202/190 
s 739
f 362/201/191 392/203/190 367/204/190 
s 740
f 376/205/190 392/203/190 378/202/190 
s 741
f 367/204/190 392/203/190 393/206/190 
s 742
f 393/206/190 392/203/190 376/205/190 
s 743
f 367/204/190 393/206/190 372/207/190 
s 744
f 372/207/190 393/206/190 376/205/190 
s 745
f 289/23/335 311/331/358 293/318/339 
s 746
f 293/318/339 311/331/358 308/329/355 
s 747
f 293/318/339 308/329/355 295/320/341 
s 748
f 251/18/296 394/389/451 242/11/287 
s 749
f 251/18/296 290/316/336 394/389/451 
s 750
f 242/11/287 394/389/451 249/61/452 
s 751
f 290/316/336 395/390/453 394/389/451 
s 752
f 394/389/451 396/59/454 249/61/452 
s 753
f 394/389/451 395/390/453 396/59/454 
s 754
f 290/316/336 397/45/455 395/390/453 
s 755
f 249/61/452 396/59/454 288/181/456 
s 756
f 284/312/329 397/45/455 290/316/336 
s 757
f 395/390/453 331/183/457 396/59/454 
s 758
f 288/181/456 396/59/454 298/391/458 
s 759
f 298/391/458 396/59/454 331/183/457 
s 760
f 284/312/329 291/43/337 397/45/455 
s 761
f 336/392/459 331/183/457 395/390/453 
s 762
f 397/45/455 336/392/459 395/390/453 
s 763
f 338/393/460 397/45/455 291/43/337 
s 764
f 338/393/460 336/392/459 397/45/455 
s 765
f 398/1/461 399/3/462 400/394/463 
s 766
f 400/394/463 401/395/464 398/1/461 
s 767
f 400/394/463 399/3/462 402/396/465 
s 768
f 398/1/461 401/395/464 403/94/466 
s 769
f 400/394/463 402/396/465 404/107/467 
s 770
f 399/3/462 405/11/468 402/396/465 
s 771
f 398/1/461 406/397/469 399/3/462 
s 772
f 400/394/463 407/398/470 401/395/464 
s 773
f 404/107/467 407/398/470 400/394/463 
s 774
f 402/396/465 405/11/468 408/399/471 
s 775
f 409/400/472 406/397/469 398/1/461 
s 776
f 398/1/461 403/94/466 409/400/472 
s 777
f 404/107/467 410/110/473 407/398/470 
s 778
f 405/11/468 411/298/474 408/399/471 
s 779
f 409/400/472 412/6/475 406/397/469 
s 780
f 404/107/467 402/396/465 413/401/476 
s 781
f 399/3/462 414/402/477 405/11/468 
s 782
f 402/396/465 408/399/471 413/401/476 
s 783
f 415/5/478 412/6/475 409/400/472 
s 784
f 406/397/469 414/402/477 399/3/462 
s 785
f 414/402/477 416/389/479 405/11/468 
s 786
f 404/107/467 413/401/476 417/403/480 
s 787
f 417/403/480 410/110/473 404/107/467 
s 788
f 412/6/475 418/404/481 406/397/469 
s 789
f 406/397/469 418/404/481 414/402/477 
s 790
f 405/11/468 416/389/479 411/405/482 
s 791
f 417/403/480 419/406/483 410/110/473 
s 792
f 415/5/478 420/8/484 412/6/475 
s 793
f 418/404/481 421/316/485 414/402/477 
s 794
f 414/402/477 421/316/485 416/389/479 
s 795
f 422/116/486 419/406/483 417/403/480 
s 796
f 423/305/487 420/8/484 415/5/478 
s 797
f 412/6/475 424/27/488 418/404/481 
s 798
f 417/403/480 425/111/489 422/116/486 
s 799
f 423/305/487 426/17/490 420/8/484 
s 800
f 420/8/484 424/27/488 412/6/475 
s 801
f 424/27/488 427/312/491 418/404/481 
s 802
f 418/404/481 427/312/491 421/316/485 
s 803
f 422/116/486 425/111/489 428/115/492 
s 804
f 426/17/490 429/407/493 420/8/484 
s 805
f 420/8/484 429/407/493 424/27/488 
s 806
f 424/27/488 430/314/494 427/312/491 
s 807
f 422/116/486 428/115/492 431/118/495 
s 808
f 432/9/496 426/17/490 423/305/487 
s 809
f 429/407/493 430/314/494 424/27/488 
s 810
f 431/118/495 433/408/497 422/116/486 
s 811
f 432/9/496 434/23/498 426/17/490 
s 812
f 426/17/490 435/318/499 429/407/493 
s 813
f 430/314/494 436/43/500 427/312/491 
s 814
f 422/116/486 433/408/497 419/406/483 
s 815
f 434/23/498 435/318/499 426/17/490 
s 816
f 435/318/499 437/320/501 429/407/493 
s 817
f 427/312/491 436/43/500 438/45/502 
s 818
f 433/408/497 439/152/503 419/406/483 
s 819
f 434/23/498 440/409/504 435/318/499 
s 820
f 427/312/491 438/45/502 421/316/485 
s 821
f 433/408/497 441/154/505 439/152/503 
s 822
f 442/331/506 440/409/504 434/23/498 
s 823
f 440/409/504 443/410/507 435/318/499 
s 824
f 435/318/499 443/410/507 437/320/501 
s 825
f 444/145/508 441/154/505 433/408/497 
s 826
f 445/21/509 442/331/506 434/23/498 
s 827
f 442/331/506 446/334/510 440/409/504 
s 828
f 437/320/501 443/410/507 447/323/511 
s 829
f 431/118/495 444/145/508 433/408/497 
s 830
f 448/411/512 442/331/506 445/21/509 
s 831
f 437/320/501 447/323/511 430/412/513 
s 832
f 449/345/514 444/145/508 431/118/495 
s 833
f 448/411/512 450/335/515 442/331/506 
s 834
f 450/335/515 446/334/510 442/331/506 
s 835
f 430/412/513 447/323/511 436/413/516 
s 836
f 429/407/493 437/320/501 430/412/513 
s 837
f 451/34/517 450/335/515 448/411/512 
s 838
f 450/335/515 452/336/518 446/334/510 
s 839
f 447/323/511 453/356/519 436/413/516 
s 840
f 431/118/495 454/414/520 449/345/514 
s 841
f 451/34/517 455/337/521 450/335/515 
s 842
f 455/337/521 452/336/518 450/335/515 
s 843
f 447/323/511 456/352/522 453/356/519 
s 844
f 431/118/495 428/115/492 454/414/520 
s 845
f 457/40/523 455/337/521 451/34/517 
s 846
f 458/325/524 456/352/522 447/323/511 
s 847
f 452/336/518 459/415/525 446/334/510 
s 848
f 451/34/517 460/416/526 457/40/523 
s 849
f 447/323/511 443/410/507 458/325/524 
s 850
f 458/325/524 461/417/527 456/352/522 
s 851
f 446/334/510 459/415/525 462/332/528 
s 852
f 457/40/523 460/416/526 463/41/529 
s 853
f 443/410/507 462/332/528 458/325/524 
s 854
f 464/418/530 461/417/527 458/325/524 
s 855
f 462/332/528 459/415/525 464/418/530 
s 856
f 446/334/510 462/332/528 440/409/504 
s 857
f 460/416/526 465/38/531 463/41/529 
s 858
f 458/325/524 462/332/528 464/418/530 
s 859
f 440/409/504 462/332/528 443/410/507 
s 860
f 464/418/530 459/415/525 466/419/532 
s 861
f 466/419/532 461/417/527 464/418/530 
s 862
f 463/41/529 465/38/531 467/42/533 
s 863
f 460/416/526 468/32/534 465/38/531 
s 864
f 469/344/535 461/417/527 466/419/532 
s 865
f 467/42/533 465/38/531 470/47/536 
s 866
f 471/28/537 468/32/534 460/416/526 
s 867
f 465/38/531 468/32/534 472/44/538 
s 868
f 470/47/536 465/38/531 472/44/538 
s 869
f 451/34/517 471/28/537 460/416/526 
s 870
f 471/28/537 473/35/539 468/32/534 
s 871
f 470/47/536 472/44/538 474/50/540 
s 872
f 448/411/512 471/28/537 451/34/517 
s 873
f 475/19/541 473/35/539 471/28/537 
s 874
f 468/32/534 473/35/539 476/420/542 
s 875
f 472/44/538 468/32/534 476/420/542 
s 876
f 474/50/540 472/44/538 477/53/543 
s 877
f 448/411/512 475/19/541 471/28/537 
s 878
f 475/19/541 478/20/544 473/35/539 
s 879
f 472/44/538 476/420/542 477/53/543 
s 880
f 445/21/509 475/19/541 448/411/512 
s 881
f 479/308/545 478/20/544 475/19/541 
s 882
f 473/35/539 478/20/544 480/64/546 
s 883
f 476/420/542 473/35/539 480/64/546 
s 884
f 477/53/543 476/420/542 481/58/547 
s 885
f 445/21/509 479/308/545 475/19/541 
s 886
f 480/64/546 478/20/544 482/71/548 
s 887
f 476/420/542 480/64/546 481/58/547 
s 888
f 432/9/496 479/308/545 445/21/509 
s 889
f 478/20/544 483/73/549 482/71/548 
s 890
f 480/64/546 482/71/548 484/66/550 
s 891
f 481/58/547 480/64/546 484/66/550 
s 892
f 445/21/509 434/23/498 432/9/496 
s 893
f 485/22/551 483/73/549 478/20/544 
s 894
f 479/308/545 485/22/551 478/20/544 
s 895
f 483/73/549 486/74/552 482/71/548 
s 896
f 484/66/550 482/71/548 487/208/553 
s 897
f 432/9/496 488/12/554 479/308/545 
s 898
f 488/12/554 485/22/551 479/308/545 
s 899
f 485/22/551 489/76/555 483/73/549 
s 900
f 482/71/548 486/74/552 487/208/553 
s 901
f 423/305/487 488/12/554 432/9/496 
s 902
f 490/78/556 489/76/555 485/22/551 
s 903
f 489/76/555 491/421/557 483/73/549 
s 904
f 483/73/549 491/421/557 486/74/552 
s 905
f 423/305/487 492/13/558 488/12/554 
s 906
f 490/78/556 485/22/551 493/422/559 
s 907
f 490/78/556 494/423/560 489/76/555 
s 908
f 489/76/555 495/83/561 491/421/557 
s 909
f 415/5/478 492/13/558 423/305/487 
s 910
f 485/22/551 496/84/562 493/422/559 
s 911
f 494/423/560 495/83/561 489/76/555 
s 912
f 492/13/558 496/84/562 488/12/554 
s 913
f 415/5/478 497/10/563 492/13/558 
s 914
f 488/12/554 496/84/562 485/22/551 
s 915
f 498/424/564 494/423/560 490/78/556 
s 916
f 409/400/472 497/10/563 415/5/478 
s 917
f 497/10/563 499/86/565 492/13/558 
s 918
f 496/84/562 499/86/565 493/422/559 
s 919
f 498/424/564 500/92/566 494/423/560 
s 920
f 409/400/472 403/94/466 497/10/563 
s 921
f 492/13/558 499/86/565 496/84/562 
s 922
f 498/424/564 501/95/567 500/92/566 
s 923
f 494/423/560 500/92/566 502/88/568 
s 924
f 403/94/466 503/91/569 497/10/563 
s 925
f 497/10/563 503/91/569 499/86/565 
s 926
f 504/89/570 501/95/567 498/424/564 
s 927
f 493/422/559 499/86/565 504/89/570 
s 928
f 493/422/559 504/89/570 490/78/556 
s 929
f 403/94/466 505/101/571 503/91/569 
s 930
f 504/89/570 503/91/569 501/95/567 
s 931
f 490/78/556 504/89/570 498/424/564 
s 932
f 499/86/565 503/91/569 504/89/570 
s 933
f 500/92/566 506/425/572 502/88/568 
s 934
f 503/91/569 507/426/573 501/95/567 
s 935
f 505/101/571 507/426/573 503/91/569 
s 936
f 401/395/464 505/101/571 403/94/466 
s 937
f 508/103/574 506/425/572 500/92/566 
s 938
f 507/426/573 508/103/574 501/95/567 
s 939
f 506/425/572 509/93/575 502/88/568 
s 940
f 505/101/571 510/427/576 507/426/573 
s 941
f 501/95/567 508/103/574 500/92/566 
s 942
f 511/100/577 506/425/572 508/103/574 
s 943
f 502/88/568 509/93/575 512/90/578 
s 944
f 510/427/576 511/100/577 507/426/573 
s 945
f 513/108/579 510/427/576 505/101/571 
s 946
f 507/426/573 511/100/577 508/103/574 
s 947
f 401/395/464 513/108/579 505/101/571 
s 948
f 514/97/580 509/93/575 506/425/572 
s 949
f 511/100/577 510/427/576 515/428/581 
s 950
f 407/398/470 513/108/579 401/395/464 
s 951
f 514/97/580 506/425/572 511/100/577 
s 952
f 516/175/582 509/93/575 514/97/580 
s 953
f 515/428/581 510/427/576 513/108/579 
s 954
f 407/398/470 515/428/581 513/108/579 
s 955
f 495/83/561 502/88/568 512/90/578 
s 956
f 515/428/581 514/97/580 511/100/577 
s 957
f 517/168/583 516/175/582 514/97/580 
s 958
f 410/110/473 515/428/581 407/398/470 
s 959
f 494/423/560 502/88/568 495/83/561 
s 960
f 517/168/583 514/97/580 515/428/581 
s 961
f 518/172/584 516/175/582 517/168/583 
s 962
f 410/110/473 519/123/585 515/428/581 
s 963
f 519/123/585 517/168/583 515/428/581 
s 964
f 520/165/586 518/172/584 517/168/583 
s 965
f 520/165/586 517/168/583 519/123/585 
s 966
f 419/406/483 519/123/585 410/110/473 
s 967
f 521/170/587 518/172/584 520/165/586 
s 968
f 419/406/483 439/152/503 519/123/585 
s 969
f 520/165/586 522/429/588 521/170/587 
s 970
f 439/152/503 523/161/589 519/123/585 
s 971
f 519/123/585 523/161/589 520/165/586 
s 972
f 523/161/589 522/429/588 520/165/586 
s 973
f 439/152/503 524/159/590 523/161/589 
s 974
f 523/161/589 525/163/591 522/429/588 
s 975
f 524/159/590 525/163/591 523/161/589 
s 976
f 441/154/505 524/159/590 439/152/503 
s 977
f 524/159/590 526/162/592 525/163/591 
s 978
f 441/154/505 527/155/593 524/159/590 
s 979
f 527/155/593 526/162/592 524/159/590 
s 980
f 528/148/594 527/155/593 441/154/505 
s 981
f 527/155/593 474/365/595 526/162/592 
s 982
f 444/145/508 528/148/594 441/154/505 
s 983
f 528/148/594 470/153/596 527/155/593 
s 984
f 470/153/596 474/365/595 527/155/593 
s 985
f 529/430/597 528/148/594 444/145/508 
s 986
f 467/431/598 470/153/596 528/148/594 
s 987
f 529/430/597 467/431/598 528/148/594 
s 988
f 449/345/514 529/430/597 444/145/508 
s 989
f 463/147/599 467/431/598 529/430/597 
s 990
f 530/133/600 529/430/597 449/345/514 
s 991
f 530/133/600 463/147/599 529/430/597 
s 992
f 449/345/514 531/432/601 530/133/600 
s 993
f 457/140/602 463/147/599 530/133/600 
s 994
f 449/345/514 454/414/520 531/432/601 
s 995
f 530/133/600 532/433/603 457/140/602 
s 996
f 530/133/600 531/432/601 532/433/603 
s 997
f 454/414/520 533/434/604 531/432/601 
s 998
f 457/140/602 532/433/603 455/354/605 
s 999
f 454/414/520 534/435/606 533/434/604 
s 1000
f 531/432/601 533/434/604 535/347/607 
s 1001
f 531/432/601 535/347/607 532/433/603 
s 1002
f 532/433/603 536/436/608 455/354/605 
s 1003
f 532/433/603 535/347/607 536/436/608 
s 1004
f 428/115/492 534/435/606 454/414/520 
s 1005
f 534/435/606 537/385/609 533/434/604 
s 1006
f 455/354/605 536/436/608 452/437/610 
s 1007
f 533/434/604 538/380/611 535/347/607 
s 1008
f 428/115/492 539/438/612 534/435/606 
s 1009
f 533/434/604 537/385/609 538/380/611 
s 1010
f 535/347/607 540/439/613 536/436/608 
s 1011
f 425/111/489 539/438/612 428/115/492 
s 1012
f 539/438/612 537/333/614 534/435/606 
s 1013
f 535/347/607 538/380/611 540/439/613 
s 1014
f 536/436/608 540/439/613 541/440/615 
s 1015
f 536/436/608 541/440/615 452/437/610 
s 1016
f 425/111/489 542/441/616 539/438/612 
s 1017
f 543/310/617 537/333/614 539/438/612 
s 1018
f 538/380/611 544/442/618 540/439/613 
s 1019
f 537/385/609 544/442/618 538/380/611 
s 1020
f 413/401/476 542/441/616 425/111/489 
s 1021
f 543/310/617 545/443/619 537/333/614 
s 1022
f 545/444/620 544/442/618 537/385/609 
s 1023
f 417/403/480 413/401/476 425/111/489 
s 1024
f 539/438/612 546/445/621 543/310/617 
s 1025
f 542/441/616 546/445/621 539/438/612 
s 1026
f 540/439/613 544/442/618 547/381/622 
s 1027
f 413/401/476 408/399/471 542/441/616 
s 1028
f 546/445/621 548/446/623 543/310/617 
s 1029
f 548/446/623 545/443/619 543/310/617 
s 1030
f 547/381/622 544/442/618 549/386/624 
s 1031
f 408/399/471 546/445/621 542/441/616 
s 1032
f 550/447/625 548/446/623 546/445/621 
s 1033
f 545/443/619 548/446/623 551/448/626 
s 1034
f 549/386/624 544/442/618 551/449/627 
s 1035
f 552/313/628 546/445/621 408/399/471 
s 1036
f 552/313/628 550/447/625 546/445/621 
s 1037
f 551/448/626 548/446/623 549/450/629 
s 1038
f 544/442/618 545/444/620 551/449/627 
s 1039
f 408/399/471 411/298/474 552/313/628 
s 1040
f 549/450/629 548/446/623 550/447/625 
s 1041
f 553/451/630 547/381/622 549/386/624 
s 1042
f 411/298/474 554/317/631 552/313/628 
s 1043
f 549/450/629 550/447/625 553/452/632 
s 1044
f 555/378/633 547/381/622 553/451/630 
s 1045
f 556/315/634 554/317/631 411/298/474 
s 1046
f 554/317/631 550/447/625 552/313/628 
s 1047
f 553/452/632 550/447/625 554/317/631 
s 1048
f 541/440/615 547/381/622 555/378/633 
s 1049
f 469/453/635 554/317/631 556/315/634 
s 1050
f 469/454/636 555/378/633 553/451/630 
s 1051
f 553/452/632 554/317/631 469/453/635 
s 1052
f 540/439/613 547/381/622 541/440/615 
s 1053
f 466/455/637 555/378/633 469/454/636 
s 1054
f 541/440/615 555/378/633 459/456/638 
s 1055
f 459/456/638 555/378/633 466/455/637 
s 1056
f 452/437/610 541/440/615 459/456/638 
s 1057
f 518/185/191 521/187/639 557/186/190 
s 1058
f 558/188/190 518/185/191 557/186/190 
s 1059
f 557/186/190 521/187/639 522/189/190 
s 1060
f 557/186/190 522/189/190 558/188/190 
s 1061
f 516/190/190 518/185/191 558/188/190 
s 1062
f 558/188/190 522/189/190 525/191/191 
s 1063
f 559/192/190 516/190/190 558/188/190 
s 1064
f 558/188/190 525/191/191 559/192/190 
s 1065
f 509/193/190 516/190/190 559/192/190 
s 1066
f 559/192/190 525/191/191 526/194/191 
s 1067
f 560/195/190 509/193/190 559/192/190 
s 1068
f 559/192/190 526/194/191 560/195/190 
s 1069
f 512/196/190 509/193/190 560/195/190 
s 1070
f 560/195/190 526/194/191 474/197/190 
s 1071
f 512/196/190 560/195/190 495/198/190 
s 1072
f 474/197/190 477/199/190 560/195/190 
s 1073
f 495/198/190 560/195/190 561/200/191 
s 1074
f 560/195/190 477/199/190 561/200/191 
s 1075
f 495/198/190 561/200/191 491/201/191 
s 1076
f 481/202/190 561/200/191 477/199/190 
s 1077
f 491/201/191 561/200/191 562/203/190 
s 1078
f 562/203/190 561/200/191 481/202/190 
s 1079
f 491/201/191 562/203/190 486/204/190 
s 1080
f 484/205/190 562/203/190 481/202/190 
s 1081
f 486/204/190 562/203/190 563/206/191 
s 1082
f 563/206/191 562/203/190 484/205/190 
s 1083
f 486/204/190 563/206/191 487/207/191 
s 1084
f 487/207/191 563/206/191 484/205/190 
s 1085
f 416/389/479 564/457/640 411/405/482 
s 1086
f 416/389/479 565/390/641 564/457/640 
s 1087
f 411/405/482 564/457/640 556/181/642 
s 1088
f 421/316/485 565/390/641 416/389/479 
s 1089
f 556/181/642 564/457/640 469/391/643 
s 1090
f 421/316/485 438/45/502 565/390/641 
s 1091
f 469/391/643 564/457/640 461/458/644 
s 1092
f 565/390/641 461/458/644 564/457/640 
s 1093
f 438/45/502 456/392/645 565/390/641 
s 1094
f 456/392/645 461/458/644 565/390/641 
s 1095
f 453/393/646 456/392/645 438/45/502 
s 1096
f 453/393/646 438/45/502 436/43/500 
s 1097
f 566/459/647 567/460/648 568/461/649 
s 1098
f 567/460/648 566/459/647 569/462/650 
s 1099
f 568/461/649 567/460/648 570/463/651 
s 1100
f 569/462/650 566/459/647 571/464/652 
s 1101
f 570/463/651 572/465/653 568/461/649 
s 1102
f 569/462/650 573/466/654 567/460/648 
s 1103
f 567/460/648 573/466/654 570/463/651 
s 1104
f 574/467/655 566/459/647 568/461/649 
s 1105
f 571/464/652 575/468/656 569/462/650 
s 1106
f 576/469/657 572/465/653 570/463/651 
s 1107
f 568/461/649 577/470/658 574/467/655 
s 1108
f 578/471/659 575/468/656 571/464/652 
s 1109
f 579/472/660 576/469/657 570/463/651 
s 1110
f 572/465/653 577/470/658 568/461/649 
s 1111
f 570/463/651 573/466/654 579/472/660 
s 1112
f 575/468/656 578/471/659 580/473/661 
s 1113
f 581/474/662 576/469/657 579/472/660 
s 1114
f 577/470/658 582/475/663 574/467/655 
s 1115
f 580/473/661 583/476/664 575/468/656 
s 1116
f 579/472/660 584/477/665 581/474/662 
s 1117
f 585/478/666 582/475/663 577/470/658 
s 1118
f 580/473/661 578/471/659 586/479/667 
s 1119
f 573/466/654 587/480/668 579/472/660 
s 1120
f 587/480/668 584/477/665 579/472/660 
s 1121
f 574/467/655 582/475/663 588/481/669 
s 1122
f 578/471/659 589/482/670 586/479/667 
s 1123
f 590/483/671 587/480/668 573/466/654 
s 1124
f 588/481/669 591/484/672 574/467/655 
s 1125
f 589/482/670 578/471/659 592/485/673 
s 1126
f 573/466/654 593/486/674 590/483/671 
s 1127
f 582/475/663 594/487/675 588/481/669 
s 1128
f 586/479/667 589/482/670 595/488/676 
s 1129
f 593/486/674 573/466/654 569/462/650 
s 1130
f 582/475/663 596/489/677 594/487/675 
s 1131
f 595/488/676 597/490/678 586/479/667 
s 1132
f 590/483/671 593/486/674 598/491/679 
s 1133
f 596/489/677 582/475/663 585/478/666 
s 1134
f 599/492/680 597/490/678 595/488/676 
s 1135
f 590/483/671 598/491/679 600/493/681 
s 1136
f 594/487/675 596/489/677 601/494/682 
s 1137
f 599/492/680 602/495/683 597/490/678 
s 1138
f 603/496/684 590/483/671 600/493/681 
s 1139
f 593/486/674 583/476/664 598/491/679 
s 1140
f 604/497/685 602/495/683 599/492/680 
s 1141
f 603/496/684 600/493/681 605/498/686 
s 1142
f 593/486/674 575/468/656 583/476/664 
s 1143
f 604/497/685 606/499/687 602/495/683 
s 1144
f 607/500/688 603/496/684 605/498/686 
s 1145
f 569/462/650 575/468/656 593/486/674 
s 1146
f 608/501/689 606/499/687 604/497/685 
s 1147
f 609/502/690 603/496/684 607/500/688 
s 1148
f 605/498/686 600/493/681 610/503/691 
s 1149
f 611/504/692 608/501/689 604/497/685 
s 1150
f 609/502/690 587/480/668 603/496/684 
s 1151
f 602/495/683 606/499/687 612/505/693 
s 1152
f 611/504/692 604/497/685 613/506/694 
s 1153
f 584/477/665 587/480/668 609/502/690 
s 1154
f 587/480/668 590/483/671 603/496/684 
s 1155
f 612/505/693 606/499/687 614/507/695 
s 1156
f 613/506/694 615/508/696 611/504/692 
s 1157
f 613/506/694 604/497/685 599/492/680 
s 1158
f 602/495/683 612/505/693 597/490/678 
s 1159
f 612/505/693 614/507/695 616/509/697 
s 1160
f 611/504/692 615/508/696 617/510/698 
s 1161
f 613/506/694 599/492/680 618/511/699 
s 1162
f 597/490/678 612/505/693 619/512/700 
s 1163
f 617/510/698 608/501/689 611/504/692 
s 1164
f 618/511/699 620/513/701 613/506/694 
s 1165
f 613/506/694 620/513/701 615/508/696 
s 1166
f 619/512/700 612/505/693 621/514/702 
s 1167
f 621/514/702 612/505/693 616/509/697 
s 1168
f 597/490/678 619/512/700 586/479/667 
s 1169
f 618/511/699 622/515/703 620/513/701 
s 1170
f 616/509/697 623/516/704 621/514/702 
s 1171
f 618/511/699 599/492/680 595/488/676 
s 1172
f 586/479/667 619/512/700 580/473/661 
s 1173
f 616/509/697 624/517/705 623/516/704 
s 1174
f 625/518/706 622/515/703 618/511/699 
s 1175
f 595/488/676 625/518/706 618/511/699 
s 1176
f 580/473/661 619/512/700 626/519/707 
s 1177
f 626/519/707 619/512/700 621/514/702 
s 1178
f 621/514/702 623/516/704 627/520/708 
s 1179
f 589/482/670 625/518/706 595/488/676 
s 1180
f 626/519/707 583/476/664 580/473/661 
s 1181
f 621/514/702 627/520/708 626/519/707 
s 1182
f 623/516/704 628/521/709 627/520/708 
s 1183
f 625/518/706 629/522/710 622/515/703 
s 1184
f 626/519/707 630/523/711 583/476/664 
s 1185
f 624/517/705 631/524/712 623/516/704 
s 1186
f 626/519/707 627/520/708 630/523/711 
s 1187
f 623/516/704 631/524/712 628/521/709 
s 1188
f 632/525/713 629/522/710 625/518/706 
s 1189
f 625/518/706 589/482/670 632/525/713 
s 1190
f 627/520/708 633/526/714 630/523/711 
s 1191
f 631/524/712 634/527/715 628/521/709 
s 1192
f 632/525/713 635/528/716 629/522/710 
s 1193
f 627/520/708 628/521/709 633/526/714 
s 1194
f 583/476/664 630/523/711 636/529/717 
s 1195
f 637/530/718 635/528/716 632/525/713 
s 1196
f 628/521/709 634/527/715 638/531/719 
s 1197
f 628/521/709 638/531/719 633/526/714 
s 1198
f 636/529/717 630/523/711 639/532/720 
s 1199
f 637/530/718 640/533/721 635/528/716 
s 1200
f 592/485/673 637/530/718 632/525/713 
s 1201
f 633/526/714 638/531/719 641/534/722 
s 1202
f 642/535/723 636/529/717 639/532/720 
s 1203
f 591/484/672 637/530/718 592/485/673 
s 1204
f 633/526/714 641/534/722 643/536/724 
s 1205
f 639/532/720 630/523/711 643/536/724 
s 1206
f 598/491/679 636/529/717 642/535/723 
s 1207
f 571/464/652 591/484/672 592/485/673 
s 1208
f 630/523/711 633/526/714 643/536/724 
s 1209
f 598/491/679 583/476/664 636/529/717 
s 1210
f 566/459/647 591/484/672 571/464/652 
s 1211
f 592/485/673 578/471/659 571/464/652 
s 1212
f 643/536/724 641/534/722 644/537/725 
s 1213
f 600/493/681 598/491/679 642/535/723 
s 1214
f 591/484/672 566/459/647 574/467/655 
s 1215
f 645/538/726 643/536/724 644/537/725 
s 1216
f 600/493/681 642/535/723 610/503/691 
s 1217
f 632/525/713 589/482/670 592/485/673 
s 1218
f 639/532/720 643/536/724 645/538/726 
s 1219
f 637/530/718 591/484/672 588/481/669 
s 1220
f 610/503/691 642/535/723 646/539/727 
s 1221
f 642/535/723 639/532/720 646/539/727 
s 1222
f 646/539/727 639/532/720 645/538/726 
s 1223
f 588/481/669 640/533/721 637/530/718 
s 1224
f 588/481/669 594/487/675 640/533/721 
s 1225
f 647/540/728 624/517/705 616/509/697 
s 1226
f 616/509/697 614/507/695 647/540/728 
s 1227
f 607/541/729 605/542/729 648/543/729 
s 1228
f 648/543/729 649/544/729 607/541/729 
s 1229
f 648/543/729 605/542/729 650/545/729 
s 1230
f 651/546/729 649/544/729 648/543/729 
s 1231
f 605/542/729 610/547/729 650/545/729 
s 1232
f 651/546/729 652/548/729 649/544/729 
s 1233
f 650/545/729 610/547/729 653/549/729 
s 1234
f 654/550/729 652/548/729 651/546/729 
s 1235
f 610/547/729 646/551/729 653/549/729 
s 1236
f 654/550/729 655/552/729 652/548/729 
s 1237
f 653/549/729 646/551/729 656/553/729 
s 1238
f 657/554/729 655/552/729 654/550/729 
s 1239
f 646/551/729 645/555/729 656/553/729 
s 1240
f 657/554/729 658/556/729 655/552/729 
s 1241
f 656/553/729 645/555/729 659/557/729 
s 1242
f 660/558/729 658/556/729 657/554/729 
s 1243
f 645/555/729 644/559/729 659/557/729 
s 1244
f 660/558/729 661/560/729 658/556/729 
s 1245
f 659/557/729 644/559/729 662/561/730 
s 1246
f 663/562/729 661/560/729 660/558/729 
s 1247
f 644/559/729 641/563/729 662/561/730 
s 1248
f 663/562/729 664/564/731 661/560/729 
s 1249
f 662/561/730 641/563/729 665/565/730 
s 1250
f 666/566/730 664/564/731 663/562/729 
s 1251
f 641/563/729 638/567/730 665/565/730 
s 1252
f 665/565/730 638/567/730 634/568/730 
s 1253
f 666/566/730 667/569/730 664/564/731 
s 1254
f 668/570/730 667/569/730 666/566/730 
s 1255
f 669/571/732 670/572/733 671/573/734 
s 1256
f 672/574/735 669/571/732 671/573/734 
s 1257
f 671/573/734 670/572/733 673/575/736 
s 1258
f 674/576/737 669/571/732 672/574/735 
s 1259
f 671/573/734 673/575/736 675/577/738 
s 1260
f 675/577/738 672/574/735 671/573/734 
s 1261
f 670/572/733 572/578/739 673/575/736 
s 1262
f 676/579/740 674/576/737 672/574/735 
s 1263
f 669/571/732 585/478/666 670/572/733 
s 1264
f 675/577/738 673/575/736 677/580/741 
s 1265
f 678/581/742 674/576/737 676/579/740 
s 1266
f 679/582/743 585/478/666 669/571/732 
s 1267
f 677/580/741 680/583/744 675/577/738 
s 1268
f 681/584/745 678/581/742 676/579/740 
s 1269
f 674/576/737 679/582/743 669/571/732 
s 1270
f 677/580/741 584/585/746 680/583/744 
s 1271
f 682/586/747 678/581/742 681/584/745 
s 1272
f 683/587/748 679/582/743 674/576/737 
s 1273
f 581/588/749 584/585/746 677/580/741 
s 1274
f 684/589/750 682/586/747 681/584/745 
s 1275
f 678/581/742 683/587/748 674/576/737 
s 1276
f 677/580/741 576/590/751 581/588/749 
s 1277
f 685/591/752 682/586/747 684/589/750 
s 1278
f 686/592/753 683/587/748 678/581/742 
s 1279
f 673/575/736 576/590/751 677/580/741 
s 1280
f 687/593/754 685/591/752 684/589/750 
s 1281
f 682/586/747 686/592/753 678/581/742 
s 1282
f 673/575/736 572/578/739 576/590/751 
s 1283
f 688/594/755 685/591/752 687/593/754 
s 1284
f 689/595/756 686/592/753 682/586/747 
s 1285
f 681/584/745 690/596/757 684/589/750 
s 1286
f 688/594/755 687/593/754 691/597/758 
s 1287
f 685/591/752 689/595/756 682/586/747 
s 1288
f 690/596/757 681/584/745 692/598/759 
s 1289
f 688/594/755 693/599/760 685/591/752 
s 1290
f 691/597/758 687/593/754 694/600/761 
s 1291
f 693/599/760 689/595/756 685/591/752 
s 1292
f 692/598/759 681/584/745 676/579/740 
s 1293
f 688/594/755 691/597/758 695/601/762 
s 1294
f 695/601/762 693/599/760 688/594/755 
s 1295
f 689/595/756 696/602/763 686/592/753 
s 1296
f 692/598/759 697/603/764 690/596/757 
s 1297
f 695/601/762 691/597/758 698/604/765 
s 1298
f 699/605/766 696/602/763 689/595/756 
s 1299
f 693/599/760 699/605/766 689/595/756 
s 1300
f 697/603/764 700/606/767 690/596/757 
s 1301
f 695/601/762 701/607/768 693/599/760 
s 1302
f 696/602/763 699/605/766 702/608/769 
s 1303
f 703/609/770 697/603/764 692/598/759 
s 1304
f 704/610/771 701/607/768 695/601/762 
s 1305
f 701/607/768 699/605/766 693/599/760 
s 1306
f 695/601/762 698/604/765 704/610/771 
s 1307
f 692/598/759 705/611/772 703/609/770 
s 1308
f 701/607/768 704/610/771 706/612/773 
s 1309
f 702/608/769 699/605/766 707/613/774 
s 1310
f 708/614/775 705/611/772 692/598/759 
s 1311
f 699/605/766 701/607/768 707/613/774 
s 1312
f 706/612/773 704/610/771 709/615/776 
s 1313
f 704/610/771 698/604/765 709/615/776 
s 1314
f 708/614/775 710/616/777 705/611/772 
s 1315
f 707/613/774 701/607/768 706/612/773 
s 1316
f 676/579/740 708/614/775 692/598/759 
s 1317
f 705/611/772 711/617/778 703/609/770 
s 1318
f 675/577/738 710/616/777 708/614/775 
s 1319
f 712/618/779 696/602/763 702/608/769 
s 1320
f 710/616/777 713/619/780 705/611/772 
s 1321
f 705/611/772 713/619/780 711/617/778 
s 1322
f 675/577/738 680/583/744 710/616/777 
s 1323
f 714/620/781 696/602/763 712/618/779 
s 1324
f 708/614/775 672/574/735 675/577/738 
s 1325
f 672/574/735 708/614/775 676/579/740 
s 1326
f 680/583/744 715/621/782 710/616/777 
s 1327
f 710/616/777 715/621/782 713/619/780 
s 1328
f 716/622/783 714/620/781 712/618/779 
s 1329
f 696/602/763 714/620/781 686/592/753 
s 1330
f 680/583/744 609/623/784 715/621/782 
s 1331
f 715/621/782 649/624/785 713/619/780 
s 1332
f 717/625/786 714/620/781 716/622/783 
s 1333
f 686/592/753 714/620/781 683/587/748 
s 1334
f 609/623/784 607/626/787 715/621/782 
s 1335
f 715/621/782 607/626/787 649/624/785 
s 1336
f 714/620/781 717/625/786 683/587/748 
s 1337
f 584/585/746 609/623/784 680/583/744 
s 1338
f 601/494/682 717/625/786 716/622/783 
s 1339
f 713/619/780 649/624/785 652/627/788 
s 1340
f 683/587/748 717/625/786 679/582/743 
s 1341
f 596/489/677 717/625/786 601/494/682 
s 1342
f 717/625/786 596/489/677 679/582/743 
s 1343
f 655/628/789 713/619/780 652/627/788 
s 1344
f 679/582/743 596/489/677 585/478/666 
s 1345
f 711/617/778 713/619/780 655/628/789 
s 1346
f 711/617/778 655/628/789 718/629/790 
s 1347
f 703/609/770 711/617/778 718/629/790 
s 1348
f 718/629/790 655/628/789 658/630/791 
s 1349
f 703/609/770 718/629/790 697/603/764 
s 1350
f 718/629/790 658/630/791 719/631/792 
s 1351
f 585/478/666 577/470/658 670/572/733 
s 1352
f 697/603/764 718/629/790 719/631/792 
s 1353
f 670/572/733 577/470/658 572/578/739 
s 1354
f 719/631/792 658/630/791 661/632/793 
s 1355
f 720/633/794 697/603/764 719/631/792 
s 1356
f 664/634/795 719/631/792 661/632/793 
s 1357
f 720/633/794 719/631/792 664/634/795 
s 1358
f 700/606/767 697/603/764 720/633/794 
s 1359
f 667/635/796 720/633/794 664/634/795 
s 1360
f 721/636/797 700/606/767 720/633/794 
s 1361
f 721/636/797 720/633/794 667/635/796 
s 1362
f 722/637/798 700/606/767 721/636/797 
s 1363
f 668/638/799 721/636/797 667/635/796 
s 1364
f 700/606/767 722/637/798 723/639/800 
s 1365
f 724/640/801 721/636/797 668/638/799 
s 1366
f 724/640/801 722/637/798 721/636/797 
s 1367
f 690/596/757 700/606/767 723/639/800 
s 1368
f 725/641/802 722/637/798 724/640/801 
s 1369
f 684/589/750 690/596/757 723/639/800 
s 1370
f 725/641/802 726/642/803 722/637/798 
s 1371
f 723/639/800 722/637/798 726/642/803 
s 1372
f 684/589/750 723/639/800 687/593/754 
s 1373
f 687/593/754 723/639/800 726/642/803 
s 1374
f 727/643/804 726/642/803 725/641/802 
s 1375
f 687/593/754 726/642/803 694/600/761 
s 1376
f 694/600/761 726/642/803 727/643/804 
s 1377
f 728/644/805 729/645/806 730/646/807 
s 1378
f 729/645/806 728/644/805 731/647/808 
s 1379
f 730/646/807 729/645/806 732/648/809 
s 1380
f 731/647/808 728/644/805 733/649/810 
s 1381
f 728/644/805 730/646/807 734/650/811 
s 1382
f 735/651/812 732/648/809 729/645/806 
s 1383
f 731/647/808 735/651/812 729/645/806 
s 1384
f 733/649/810 736/652/813 731/647/808 
s 1385
f 733/649/810 728/644/805 737/653/814 
s 1386
f 737/653/814 728/644/805 734/650/811 
s 1387
f 738/654/815 732/648/809 735/651/812 
s 1388
f 736/652/813 739/655/816 731/647/808 
s 1389
f 740/656/817 737/653/814 734/650/811 
s 1390
f 735/651/812 741/657/818 738/654/815 
s 1391
f 736/652/813 742/658/819 739/655/816 
s 1392
f 731/647/808 739/655/816 741/657/818 
s 1393
f 743/659/820 737/653/814 740/656/817 
s 1394
f 741/657/818 735/651/812 731/647/808 
s 1395
f 744/660/821 742/658/819 736/652/813 
s 1396
f 740/656/817 745/661/822 743/659/820 
s 1397
f 738/654/815 741/657/818 746/662/823 
s 1398
f 747/663/824 744/660/821 736/652/813 
s 1399
f 745/661/822 740/656/817 748/664/825 
s 1400
f 748/664/825 740/656/817 734/650/811 
s 1401
f 739/655/816 749/665/826 741/657/818 
s 1402
f 750/666/827 744/660/821 747/663/824 
s 1403
f 734/650/811 730/646/807 748/664/825 
s 1404
f 742/658/819 751/667/828 739/655/816 
s 1405
f 739/655/816 751/667/828 749/665/826 
s 1406
f 750/666/827 747/663/824 752/668/829 
s 1407
f 741/657/818 749/665/826 753/669/830 
s 1408
f 747/663/824 736/652/813 733/649/810 
s 1409
f 741/657/818 753/669/830 746/662/823 
s 1410
f 752/668/829 747/663/824 754/670/831 
s 1411
f 747/663/824 733/649/810 754/670/831 
s 1412
f 752/668/829 754/670/831 755/671/832 
s 1413
f 754/670/831 733/649/810 737/653/814 
s 1414
f 755/671/832 754/670/831 756/672/833 
s 1415
f 754/670/831 737/653/814 756/672/833 
s 1416
f 756/672/833 757/673/834 755/671/832 
s 1417
f 756/672/833 737/653/814 743/659/820 
s 1418
f 758/674/835 757/673/834 756/672/833 
s 1419
f 743/659/820 758/674/835 756/672/833 
s 1420
f 759/675/836 758/674/835 743/659/820 
s 1421
f 743/659/820 760/676/837 759/675/836 
s 1422
f 743/659/820 745/661/822 760/676/837 
s 1423
f 761/677/838 762/678/839 742/679/840 
s 1424
f 742/679/840 744/680/841 761/677/838 
s 1425
f 742/679/840 762/678/839 751/681/842 
s 1426
f 761/677/838 744/680/841 763/682/843 
s 1427
f 762/678/839 764/683/844 751/681/842 
s 1428
f 761/677/838 765/684/845 762/678/839 
s 1429
f 744/680/841 750/685/846 763/682/843 
s 1430
f 751/681/842 764/683/844 766/686/847 
s 1431
f 767/687/848 765/684/845 761/677/838 
s 1432
f 765/684/845 768/688/849 762/678/839 
s 1433
f 761/677/838 763/682/843 767/687/848 
s 1434
f 751/681/842 766/686/847 749/689/850 
s 1435
f 762/678/839 768/688/849 764/683/844 
s 1436
f 765/684/845 769/690/851 768/688/849 
s 1437
f 767/687/848 763/682/843 770/691/852 
s 1438
f 749/689/850 766/686/847 771/692/853 
s 1439
f 772/693/854 769/690/851 765/684/845 
s 1440
f 769/690/851 773/694/855 768/688/849 
s 1441
f 770/691/852 763/682/843 774/695/856 
s 1442
f 749/689/850 771/692/853 753/696/857 
s 1443
f 772/693/854 775/697/858 769/690/851 
s 1444
f 768/688/849 773/694/855 776/698/859 
s 1445
f 768/688/849 776/698/859 764/683/844 
s 1446
f 753/696/857 771/692/853 777/699/860 
s 1447
f 778/700/861 775/697/858 772/693/854 
s 1448
f 773/694/855 779/701/862 776/698/859 
s 1449
f 780/702/863 753/696/857 777/699/860 
s 1450
f 772/693/854 781/703/864 778/700/861 
s 1451
f 773/694/855 782/704/865 779/701/862 
s 1452
f 780/702/863 777/699/860 783/705/866 
s 1453
f 781/703/864 772/693/854 767/706/867 
s 1454
f 784/707/868 782/704/865 773/694/855 
s 1455
f 780/702/863 783/705/866 785/708/869 
s 1456
f 781/703/864 767/706/867 786/709/870 
s 1457
f 775/697/858 784/707/868 769/690/851 
s 1458
f 769/690/851 784/707/868 773/694/855 
s 1459
f 785/708/869 783/705/866 787/710/871 
s 1460
f 767/706/867 772/693/854 765/684/845 
s 1461
f 784/707/868 775/697/858 788/711/872 
s 1462
f 785/708/869 746/712/873 780/702/863 
s 1463
f 786/709/870 767/706/867 770/713/874 
s 1464
f 789/714/875 784/707/868 788/711/872 
s 1465
f 738/715/876 746/712/873 785/708/869 
s 1466
f 746/712/873 753/696/857 780/702/863 
s 1467
f 786/709/870 770/713/874 790/716/877 
s 1468
f 789/714/875 788/711/872 791/717/878 
s 1469
f 792/718/879 738/715/876 785/708/869 
s 1470
f 790/716/877 793/719/880 786/709/870 
s 1471
f 794/720/881 789/714/875 791/717/878 
s 1472
f 732/721/882 738/715/876 792/718/879 
s 1473
f 795/722/883 793/719/880 790/716/877 
s 1474
f 790/716/877 770/713/874 774/723/884 
s 1475
f 791/717/878 788/711/872 796/724/885 
s 1476
f 797/725/886 732/721/882 792/718/879 
s 1477
f 798/726/887 786/709/870 793/719/880 
s 1478
f 791/717/878 796/724/885 799/727/888 
s 1479
f 730/728/889 732/721/882 797/725/886 
s 1480
f 781/703/864 786/709/870 798/726/887 
s 1481
f 800/729/890 791/717/878 799/727/888 
s 1482
f 730/728/889 797/725/886 748/730/891 
s 1483
f 798/726/887 801/731/892 781/703/864 
s 1484
f 799/727/888 802/732/893 800/729/890 
s 1485
f 794/720/881 791/717/878 800/729/890 
s 1486
f 748/730/891 797/725/886 803/733/894 
s 1487
f 781/703/864 801/731/892 778/700/861 
s 1488
f 804/734/895 794/720/881 800/729/890 
s 1489
f 748/730/891 803/733/894 745/735/896 
s 1490
f 797/725/886 805/736/897 803/733/894 
s 1491
f 801/731/892 806/737/898 778/700/861 
s 1492
f 802/732/893 807/738/899 800/729/890 
s 1493
f 800/729/890 807/738/899 804/734/895 
s 1494
f 797/725/886 792/718/879 805/736/897 
s 1495
f 806/737/898 801/731/892 808/739/900 
s 1496
f 778/700/861 806/737/898 775/697/858 
s 1497
f 807/738/899 809/740/901 804/734/895 
s 1498
f 805/736/897 792/718/879 810/741/902 
s 1499
f 808/739/900 801/731/892 811/742/903 
s 1500
f 788/711/872 775/697/858 806/737/898 
s 1501
f 805/736/897 810/741/902 812/743/904 
s 1502
f 796/724/885 806/737/898 808/739/900 
s 1503
f 808/739/900 811/742/903 813/744/905 
s 1504
f 788/711/872 806/737/898 796/724/885 
s 1505
f 805/736/897 812/743/904 814/745/906 
s 1506
f 796/724/885 808/739/900 815/746/907 
s 1507
f 815/746/907 808/739/900 813/744/905 
s 1508
f 813/744/905 811/742/903 816/747/908 
s 1509
f 803/733/894 805/736/897 814/745/906 
s 1510
f 799/727/888 796/724/885 815/746/907 
s 1511
f 816/747/908 817/748/909 813/744/905 
s 1512
f 803/733/894 814/745/906 818/749/910 
s 1513
f 815/746/907 819/750/911 799/727/888 
s 1514
f 816/747/908 811/742/903 793/719/880 
s 1515
f 745/735/896 803/733/894 818/749/910 
s 1516
f 813/744/905 820/751/912 815/746/907 
s 1517
f 820/751/912 819/750/911 815/746/907 
s 1518
f 819/750/911 802/732/893 799/727/888 
s 1519
f 745/735/896 818/749/910 760/752/913 
s 1520
f 813/744/905 817/748/909 821/753/914 
s 1521
f 821/753/914 820/751/912 813/744/905 
s 1522
f 793/719/880 811/742/903 798/726/887 
s 1523
f 760/752/913 818/749/910 822/754/915 
s 1524
f 816/747/908 795/722/883 817/748/909 
s 1525
f 793/719/880 795/722/883 816/747/908 
s 1526
f 811/742/903 801/731/892 798/726/887 
s 1527
f 818/749/910 823/755/916 822/754/915 
s 1528
f 760/752/913 822/754/915 759/756/917 
s 1529
f 824/757/918 823/755/916 818/749/910 
s 1530
f 822/754/915 823/755/916 825/758/919 
s 1531
f 759/756/917 822/754/915 825/758/919 
s 1532
f 818/749/910 814/745/906 824/757/918 
s 1533
f 824/757/918 826/759/920 823/755/916 
s 1534
f 825/758/919 827/760/921 759/756/917 
s 1535
f 814/745/906 828/761/922 824/757/918 
s 1536
f 829/762/923 826/759/920 824/757/918 
s 1537
f 823/755/916 826/759/920 830/763/924 
s 1538
f 825/758/919 823/755/916 830/763/924 
s 1539
f 759/756/917 827/760/921 758/764/925 
s 1540
f 824/757/918 828/761/922 829/762/923 
s 1541
f 830/763/924 831/765/926 825/758/919 
s 1542
f 829/762/923 832/766/927 826/759/920 
s 1543
f 825/758/919 831/765/926 827/760/921 
s 1544
f 827/760/921 833/767/928 758/764/925 
s 1545
f 830/763/924 834/768/929 831/765/926 
s 1546
f 829/762/923 835/769/930 832/766/927 
s 1547
f 828/761/922 835/769/930 829/762/923 
s 1548
f 758/764/925 833/767/928 757/770/931 
s 1549
f 834/768/929 836/771/932 831/765/926 
s 1550
f 837/772/933 835/769/930 828/761/922 
s 1551
f 826/759/920 832/766/927 838/773/934 
s 1552
f 834/768/929 839/774/935 836/771/932 
s 1553
f 840/775/936 835/769/930 837/772/933 
s 1554
f 826/759/920 838/773/934 841/776/937 
s 1555
f 841/776/937 842/777/938 834/768/929 
s 1556
f 842/777/938 839/774/935 834/768/929 
s 1557
f 837/772/933 843/778/939 840/775/936 
s 1558
f 830/763/924 826/759/920 841/776/937 
s 1559
f 844/779/940 842/777/938 841/776/937 
s 1560
f 841/776/937 834/768/929 830/763/924 
s 1561
f 841/776/937 838/773/934 844/779/940 
s 1562
f 845/780/941 843/778/939 837/772/933 
s 1563
f 844/779/940 846/781/942 842/777/938 
s 1564
f 842/777/938 846/781/942 839/774/935 
s 1565
f 840/775/936 847/782/943 835/769/930 
s 1566
f 845/780/941 848/783/944 843/778/939 
s 1567
f 849/784/945 846/781/942 844/779/940 
s 1568
f 840/775/936 850/785/946 847/782/943 
s 1569
f 812/743/904 848/783/944 845/780/941 
s 1570
f 840/775/936 843/778/939 850/785/946 
s 1571
f 837/772/933 812/743/904 845/780/941 
s 1572
f 838/773/934 851/786/947 844/779/940 
s 1573
f 844/779/940 851/786/947 849/784/945 
s 1574
f 843/778/939 848/783/944 852/787/948 
s 1575
f 853/788/949 848/783/944 812/743/904 
s 1576
f 838/773/934 854/789/950 851/786/947 
s 1577
f 849/784/945 855/790/951 846/781/942 
s 1578
f 812/743/904 810/741/902 853/788/949 
s 1579
f 832/766/927 854/789/950 838/773/934 
s 1580
f 856/791/952 855/790/951 849/784/945 
s 1581
f 851/786/947 856/791/952 849/784/945 
s 1582
f 810/741/902 787/710/871 853/788/949 
s 1583
f 832/766/927 857/792/953 854/789/950 
s 1584
f 854/789/950 858/793/954 851/786/947 
s 1585
f 858/793/954 856/791/952 851/786/947 
s 1586
f 810/741/902 785/708/869 787/710/871 
s 1587
f 835/769/930 857/792/953 832/766/927 
s 1588
f 859/794/955 858/793/954 854/789/950 
s 1589
f 792/718/879 785/708/869 810/741/902 
s 1590
f 835/769/930 847/782/943 857/792/953 
s 1591
f 857/792/953 859/794/955 854/789/950 
s 1592
f 859/794/955 860/795/956 858/793/954 
s 1593
f 853/788/949 787/710/871 861/796/957 
s 1594
f 847/782/943 862/797/958 857/792/953 
s 1595
f 862/797/958 859/794/955 857/792/953 
s 1596
f 863/798/959 860/795/956 859/794/955 
s 1597
f 853/788/949 861/796/957 864/799/960 
s 1598
f 865/800/961 862/797/958 847/782/943 
s 1599
f 862/797/958 863/798/959 859/794/955 
s 1600
f 860/795/956 866/801/962 858/793/954 
s 1601
f 864/799/960 861/796/957 867/802/963 
s 1602
f 868/803/964 863/798/959 862/797/958 
s 1603
f 865/800/961 868/803/964 862/797/958 
s 1604
f 858/793/954 866/801/962 856/791/952 
s 1605
f 861/796/957 869/804/965 867/802/963 
s 1606
f 870/805/966 868/803/964 865/800/961 
s 1607
f 863/798/959 871/806/967 860/795/956 
s 1608
f 787/710/871 869/804/965 861/796/957 
s 1609
f 870/805/966 865/800/961 872/807/968 
s 1610
f 873/808/969 871/806/967 863/798/959 
s 1611
f 783/705/866 869/804/965 787/710/871 
s 1612
f 870/805/966 872/807/968 874/809/970 
s 1613
f 871/806/967 873/808/969 875/810/971 
s 1614
f 783/705/866 876/811/972 869/804/965 
s 1615
f 870/805/966 877/812/973 868/803/964 
s 1616
f 868/803/964 877/812/973 863/798/959 
s 1617
f 863/798/959 877/812/973 873/808/969 
s 1618
f 875/810/971 873/808/969 878/813/974 
s 1619
f 869/804/965 876/811/972 879/814/975 
s 1620
f 880/815/976 877/812/973 870/805/966 
s 1621
f 874/809/970 880/815/976 870/805/966 
s 1622
f 877/812/973 881/816/977 873/808/969 
s 1623
f 873/808/969 881/816/977 878/813/974 
s 1624
f 876/811/972 882/817/978 879/814/975 
s 1625
f 880/815/976 883/818/979 877/812/973 
s 1626
f 884/819/980 880/815/976 874/809/970 
s 1627
f 877/812/973 883/818/979 881/816/977 
s 1628
f 885/820/981 882/817/978 876/811/972 
s 1629
f 884/819/980 883/818/979 880/815/976 
s 1630
f 874/809/970 886/821/982 884/819/980 
s 1631
f 883/818/979 887/822/983 881/816/977 
s 1632
f 882/817/978 888/823/984 879/814/975 
s 1633
f 889/824/985 886/821/982 874/809/970 
s 1634
f 890/825/986 883/818/979 884/819/980 
s 1635
f 883/818/979 890/825/986 887/822/983 
s 1636
f 879/814/975 888/823/984 891/826/987 
s 1637
f 886/821/982 892/827/988 884/819/980 
s 1638
f 874/809/970 893/828/989 889/824/985 
s 1639
f 884/819/980 892/827/988 890/825/986 
s 1640
f 882/817/978 894/829/990 888/823/984 
s 1641
f 895/830/991 893/828/989 874/809/970 
s 1642
f 889/824/985 893/828/989 896/831/992 
s 1643
f 892/827/988 897/832/993 890/825/986 
s 1644
f 888/823/984 898/833/994 891/826/987 
s 1645
f 888/823/984 894/829/990 898/833/994 
s 1646
f 896/831/992 893/828/989 899/834/995 
s 1647
f 892/827/988 900/835/996 897/832/993 
s 1648
f 891/826/987 898/833/994 901/836/997 
s 1649
f 896/831/992 902/837/998 889/824/985 
s 1650
f 892/827/988 903/838/999 900/835/996 
s 1651
f 904/839/1000 891/826/987 901/836/997 
s 1652
f 905/840/1001 902/837/998 896/831/992 
s 1653
f 902/837/998 903/838/999 889/824/985 
s 1654
f 903/838/999 906/841/1002 900/835/996 
s 1655
f 907/842/1003 891/826/987 904/839/1000 
s 1656
f 908/843/1004 905/840/1001 896/831/992 
s 1657
f 896/831/992 899/834/995 908/843/1004 
s 1658
f 900/835/996 906/841/1002 909/844/1005 
s 1659
f 907/842/1003 879/814/975 891/826/987 
s 1660
f 905/840/1001 910/845/1006 902/837/998 
s 1661
f 902/837/998 910/845/1006 903/838/999 
s 1662
f 903/838/999 910/845/1006 906/841/1002 
s 1663
f 909/844/1005 906/841/1002 911/846/1007 
s 1664
f 869/804/965 879/814/975 907/842/1003 
s 1665
f 912/847/1008 910/845/1006 905/840/1001 
s 1666
f 913/848/1009 909/844/1005 911/846/1007 
s 1667
f 867/802/963 869/804/965 907/842/1003 
s 1668
f 914/849/1010 912/847/1008 905/840/1001 
s 1669
f 911/846/1007 915/850/1011 913/848/1009 
s 1670
f 864/799/960 867/802/963 914/849/1010 
s 1671
f 867/802/963 907/842/1003 916/851/1012 
s 1672
f 916/851/1012 912/847/1008 914/849/1010 
s 1673
f 911/846/1007 906/841/1002 917/852/1013 
s 1674
f 906/841/1002 910/845/1006 917/852/1013 
s 1675
f 914/849/1010 867/802/963 916/851/1012 
s 1676
f 916/851/1012 907/842/1003 904/839/1000 
s 1677
f 917/852/1013 918/853/1014 911/846/1007 
s 1678
f 918/853/1014 915/850/1011 911/846/1007 
s 1679
f 914/849/1010 905/840/1001 908/843/1004 
s 1680
f 908/843/1004 864/799/960 914/849/1010 
s 1681
f 904/839/1000 919/854/1015 916/851/1012 
s 1682
f 916/851/1012 919/854/1015 912/847/1008 
s 1683
f 915/850/1011 918/853/1014 920/855/1016 
s 1684
f 852/787/948 864/799/960 908/843/1004 
s 1685
f 904/839/1000 921/856/1017 919/854/1015 
s 1686
f 922/857/1018 915/850/1011 920/855/1016 
s 1687
f 908/843/1004 923/858/1019 852/787/948 
s 1688
f 901/836/997 921/856/1017 904/839/1000 
s 1689
f 924/859/1020 915/850/1011 922/857/1018 
s 1690
f 925/860/1021 923/858/1019 908/843/1004 
s 1691
f 901/836/997 926/861/1022 921/856/1017 
s 1692
f 915/850/1011 924/859/1020 913/848/1009 
s 1693
f 908/843/1004 899/834/995 925/860/1021 
s 1694
f 898/833/994 926/861/1022 901/836/997 
s 1695
f 926/861/1022 927/862/1023 921/856/1017 
s 1696
f 913/848/1009 924/859/1020 928/863/1024 
s 1697
f 925/860/1021 929/864/1025 923/858/1019 
s 1698
f 898/833/994 930/865/1026 926/861/1022 
s 1699
f 928/863/1024 931/866/1027 913/848/1009 
s 1700
f 932/867/1028 929/864/1025 925/860/1021 
s 1701
f 933/868/1029 930/865/1026 898/833/994 
s 1702
f 928/863/1024 934/869/1030 931/866/1027 
s 1703
f 925/860/1021 935/870/1031 932/867/1028 
s 1704
f 898/833/994 894/829/990 933/868/1029 
s 1705
f 936/871/1032 934/869/1030 928/863/1024 
s 1706
f 924/859/1020 936/871/1032 928/863/1024 
s 1707
f 899/834/995 935/870/1031 925/860/1021 
s 1708
f 894/829/990 937/872/1033 933/868/1029 
s 1709
f 938/873/1034 936/871/1032 924/859/1020 
s 1710
f 899/834/995 939/874/1035 935/870/1031 
s 1711
f 940/875/1036 937/872/1033 894/829/990 
s 1712
f 941/876/1037 936/871/1032 938/873/1034 
s 1713
f 893/828/989 939/874/1035 899/834/995 
s 1714
f 942/877/1038 940/875/1036 894/829/990 
s 1715
f 941/876/1037 938/873/1034 943/878/1039 
s 1716
f 895/830/991 939/874/1035 893/828/989 
s 1717
f 942/877/1038 894/829/990 882/817/978 
s 1718
f 941/876/1037 943/878/1039 944/879/1040 
s 1719
f 945/880/1041 939/874/1035 895/830/991 
s 1720
f 946/881/1042 940/875/1036 942/877/1038 
s 1721
f 947/882/1043 941/876/1037 944/879/1040 
s 1722
f 895/830/991 948/883/1044 945/880/1041 
s 1723
f 949/884/1045 946/881/1042 942/877/1038 
s 1724
f 950/885/1046 941/876/1037 947/882/1043 
s 1725
f 872/807/968 948/883/1044 895/830/991 
s 1726
f 951/886/1047 946/881/1042 949/884/1045 
s 1727
f 950/885/1046 947/882/1043 952/887/1048 
s 1728
f 874/809/970 872/807/968 895/830/991 
s 1729
f 766/686/847 951/886/1047 949/884/1045 
s 1730
f 934/869/1030 950/885/1046 952/887/1048 
s 1731
f 952/887/1048 947/882/1043 953/888/1049 
s 1732
f 872/807/968 954/889/1050 948/883/1044 
s 1733
f 766/686/847 949/884/1045 771/692/853 
s 1734
f 952/887/1048 953/888/1049 955/890/1051 
s 1735
f 872/807/968 865/800/961 954/889/1050 
s 1736
f 764/683/844 951/886/1047 766/686/847 
s 1737
f 934/869/1030 952/887/1048 956/891/1052 
s 1738
f 956/891/1052 952/887/1048 955/890/1051 
s 1739
f 865/800/961 847/782/943 954/889/1050 
s 1740
f 764/683/844 776/698/859 951/886/1047 
s 1741
f 955/890/1051 957/892/1053 956/891/1052 
s 1742
f 934/869/1030 956/891/1052 931/866/1027 
s 1743
f 954/889/1050 847/782/943 958/893/1054 
s 1744
f 776/698/859 959/894/1055 951/886/1047 
s 1745
f 960/895/1056 957/892/1053 955/890/1051 
s 1746
f 954/889/1050 958/893/1054 961/896/1057 
s 1747
f 776/698/859 779/701/862 959/894/1055 
s 1748
f 962/897/1058 960/895/1056 955/890/1051 
s 1749
f 948/883/1044 954/889/1050 961/896/1057 
s 1750
f 847/782/943 850/785/946 958/893/1054 
s 1751
f 963/898/1059 960/895/1056 962/897/1058 
s 1752
f 955/890/1051 953/888/1049 962/897/1058 
s 1753
f 961/896/1057 958/893/1054 964/899/1060 
s 1754
f 850/785/946 965/900/1061 958/893/1054 
s 1755
f 966/901/1062 963/898/1059 962/897/1058 
s 1756
f 953/888/1049 967/902/1063 962/897/1058 
s 1757
f 958/893/1054 965/900/1061 964/899/1060 
s 1758
f 850/785/946 968/903/1064 965/900/1061 
s 1759
f 962/897/1058 967/902/1063 966/901/1062 
s 1760
f 953/888/1049 969/904/1065 967/902/1063 
s 1761
f 970/905/1066 963/898/1059 966/901/1062 
s 1762
f 850/785/946 843/778/939 968/903/1064 
s 1763
f 947/882/1043 969/904/1065 953/888/1049 
s 1764
f 971/906/1067 970/905/1066 966/901/1062 
s 1765
f 969/904/1065 972/907/1068 967/902/1063 
s 1766
f 843/778/939 923/858/1019 968/903/1064 
s 1767
f 809/740/901 970/905/1066 971/906/1067 
s 1768
f 973/908/1069 972/907/1068 969/904/1065 
s 1769
f 852/787/948 923/858/1019 843/778/939 
s 1770
f 804/734/895 809/740/901 971/906/1067 
s 1771
f 974/909/1070 972/907/1068 973/908/1069 
s 1772
f 947/882/1043 944/879/1040 969/904/1065 
s 1773
f 971/906/1067 975/910/1071 804/734/895 
s 1774
f 976/911/1072 974/909/1070 973/908/1069 
s 1775
f 974/909/1070 977/912/1073 972/907/1068 
s 1776
f 969/904/1065 944/879/1040 973/908/1069 
s 1777
f 975/910/1071 794/720/881 804/734/895 
s 1778
f 978/913/1074 974/909/1070 976/911/1072 
s 1779
f 978/913/1074 977/912/1073 974/909/1070 
s 1780
f 944/879/1040 979/914/1075 973/908/1069 
s 1781
f 975/910/1071 980/915/1076 794/720/881 
s 1782
f 973/908/1069 979/914/1075 976/911/1072 
s 1783
f 981/916/1077 977/912/1073 978/913/1074 
s 1784
f 982/917/1078 980/915/1076 975/910/1071 
s 1785
f 972/907/1068 977/912/1073 982/917/1078 
s 1786
f 944/879/1040 943/878/1039 979/914/1075 
s 1787
f 978/913/1074 983/918/1079 981/916/1077 
s 1788
f 972/907/1068 982/917/1078 984/919/1080 
s 1789
f 984/919/1080 982/917/1078 975/910/1071 
s 1790
f 943/878/1039 985/920/1081 979/914/1075 
s 1791
f 981/916/1077 983/918/1079 986/921/1082 
s 1792
f 967/902/1063 972/907/1068 984/919/1080 
s 1793
f 943/878/1039 987/922/1083 985/920/1081 
s 1794
f 988/923/1084 981/916/1077 986/921/1082 
s 1795
f 967/902/1063 984/919/1080 966/901/1062 
s 1796
f 943/878/1039 989/924/1085 987/922/1083 
s 1797
f 990/925/1086 981/916/1077 988/923/1084 
s 1798
f 986/921/1082 983/918/1079 937/872/1033 
s 1799
f 991/926/1087 989/924/1085 943/878/1039 
s 1800
f 959/894/1055 990/925/1086 988/923/1084 
s 1801
f 988/923/1084 986/921/1082 940/875/1036 
s 1802
f 940/875/1036 986/921/1082 937/872/1033 
s 1803
f 943/878/1039 938/873/1034 991/926/1087 
s 1804
f 779/701/862 990/925/1086 959/894/1055 
s 1805
f 946/881/1042 988/923/1084 940/875/1036 
s 1806
f 937/872/1033 983/918/1079 992/927/1088 
s 1807
f 779/701/862 993/928/1089 990/925/1086 
s 1808
f 959/894/1055 988/923/1084 946/881/1042 
s 1809
f 937/872/1033 992/927/1088 933/868/1029 
s 1810
f 782/704/865 993/928/1089 779/701/862 
s 1811
f 951/886/1047 959/894/1055 946/881/1042 
s 1812
f 993/928/1089 977/912/1073 990/925/1086 
s 1813
f 933/868/1029 992/927/1088 930/865/1026 
s 1814
f 993/928/1089 782/704/865 980/915/1076 
s 1815
f 983/918/1079 994/929/1090 992/927/1088 
s 1816
f 990/925/1086 977/912/1073 981/916/1077 
s 1817
f 977/912/1073 993/928/1089 982/917/1078 
s 1818
f 982/917/1078 993/928/1089 980/915/1076 
s 1819
f 995/930/1091 994/929/1090 983/918/1079 
s 1820
f 930/865/1026 992/927/1088 996/931/1092 
s 1821
f 980/915/1076 782/704/865 789/714/875 
s 1822
f 978/913/1074 995/930/1091 983/918/1079 
s 1823
f 996/931/1092 992/927/1088 994/929/1090 
s 1824
f 980/915/1076 789/714/875 794/720/881 
s 1825
f 782/704/865 784/707/868 789/714/875 
s 1826
f 976/911/1072 995/930/1091 978/913/1074 
s 1827
f 994/929/1090 997/932/1093 996/931/1092 
s 1828
f 930/865/1026 996/931/1092 926/861/1022 
s 1829
f 976/911/1072 998/933/1094 995/930/1091 
s 1830
f 999/934/1095 997/932/1093 994/929/1090 
s 1831
f 998/933/1094 999/934/1095 995/930/1091 
s 1832
f 995/930/1091 999/934/1095 994/929/1090 
s 1833
f 926/861/1022 996/931/1092 927/862/1023 
s 1834
f 979/914/1075 998/933/1094 976/911/1072 
s 1835
f 997/932/1093 927/862/1023 996/931/1092 
s 1836
f 999/934/1095 1000/935/1096 997/932/1093 
s 1837
f 979/914/1075 985/920/1081 998/933/1094 
s 1838
f 1001/936/1097 927/862/1023 997/932/1093 
s 1839
f 1000/935/1096 1001/936/1097 997/932/1093 
s 1840
f 1002/937/1098 1000/935/1096 999/934/1095 
s 1841
f 985/920/1081 1002/937/1098 998/933/1094 
s 1842
f 998/933/1094 1002/937/1098 999/934/1095 
s 1843
f 1001/936/1097 1003/938/1099 927/862/1023 
s 1844
f 1004/939/1100 1001/936/1097 1000/935/1096 
s 1845
f 985/920/1081 987/922/1083 1002/937/1098 
s 1846
f 921/856/1017 927/862/1023 1003/938/1099 
s 1847
f 1004/939/1100 1005/940/1101 1001/936/1097 
s 1848
f 1002/937/1098 1006/941/1102 1000/935/1096 
s 1849
f 987/922/1083 1006/941/1102 1002/937/1098 
s 1850
f 921/856/1017 1003/938/1099 919/854/1015 
s 1851
f 1005/940/1101 1003/938/1099 1001/936/1097 
s 1852
f 1006/941/1102 1004/939/1100 1000/935/1096 
s 1853
f 987/922/1083 1007/942/1103 1006/941/1102 
s 1854
f 919/854/1015 1003/938/1099 1008/943/1104 
s 1855
f 1003/938/1099 1005/940/1101 1008/943/1104 
s 1856
f 918/853/1014 1005/940/1101 1004/939/1100 
s 1857
f 989/924/1085 1007/942/1103 987/922/1083 
s 1858
f 919/854/1015 1008/943/1104 912/847/1008 
s 1859
f 1005/940/1101 918/853/1014 917/852/1013 
s 1860
f 991/926/1087 1007/942/1103 989/924/1085 
s 1861
f 920/855/1016 1004/939/1100 1006/941/1102 
s 1862
f 1008/943/1104 1005/940/1101 917/852/1013 
s 1863
f 920/855/1016 918/853/1014 1004/939/1100 
s 1864
f 1007/942/1103 920/855/1016 1006/941/1102 
s 1865
f 922/857/1018 1007/942/1103 991/926/1087 
s 1866
f 912/847/1008 1008/943/1104 910/845/1006 
s 1867
f 917/852/1013 910/845/1006 1008/943/1104 
s 1868
f 922/857/1018 920/855/1016 1007/942/1103 
s 1869
f 991/926/1087 938/873/1034 922/857/1018 
s 1870
f 922/857/1018 938/873/1034 924/859/1020 
s 1871
f 771/692/853 885/820/981 777/699/860 
s 1872
f 771/692/853 949/884/1045 885/820/981 
s 1873
f 777/699/860 885/820/981 876/811/972 
s 1874
f 783/705/866 777/699/860 876/811/972 
s 1875
f 949/884/1045 942/877/1038 885/820/981 
s 1876
f 885/820/981 942/877/1038 882/817/978 
s 1877
f 1009/944/1105 897/832/993 1010/945/1106 
s 1878
f 1010/945/1106 887/822/983 1009/944/1105 
s 1879
f 1010/945/1106 897/832/993 1011/946/1107 
s 1880
f 1012/947/1108 887/822/983 1010/945/1106 
s 1881
f 890/825/986 897/832/993 1009/944/1105 
s 1882
f 887/822/983 890/825/986 1009/944/1105 
s 1883
f 1010/945/1106 1011/946/1107 1013/948/1109 
s 1884
f 1010/945/1106 1013/948/1109 1012/947/1108 
s 1885
f 897/832/993 900/835/996 1011/946/1107 
s 1886
f 881/816/977 887/822/983 1012/947/1108 
s 1887
f 1013/948/1109 1011/946/1107 1014/949/1110 
s 1888
f 900/835/996 909/844/1005 1011/946/1107 
s 1889
f 881/816/977 1012/947/1108 878/813/974 
s 1890
f 1012/947/1108 1013/948/1109 1015/950/1111 
s 1891
f 1011/946/1107 1016/951/1112 1014/949/1110 
s 1892
f 1011/946/1107 909/844/1005 1016/951/1112 
s 1893
f 878/813/974 1012/947/1108 1017/952/1113 
s 1894
f 1014/949/1110 957/953/1114 1013/948/1109 
s 1895
f 1012/947/1108 1015/950/1111 1017/952/1113 
s 1896
f 1016/951/1112 909/844/1005 913/848/1009 
s 1897
f 1014/949/1110 1016/951/1112 931/866/1027 
s 1898
f 1013/948/1109 957/953/1114 1015/950/1111 
s 1899
f 1017/952/1113 1015/950/1111 1018/954/1115 
s 1900
f 913/848/1009 931/866/1027 1016/951/1112 
s 1901
f 956/891/1052 957/953/1114 1014/949/1110 
s 1902
f 1018/954/1115 1019/955/1116 1017/952/1113 
s 1903
f 1019/955/1116 878/813/974 1017/952/1113 
s 1904
f 931/866/1027 956/891/1052 1014/949/1110 
s 1905
f 1015/950/1111 957/953/1114 1020/956/1117 
s 1906
f 1015/950/1111 1020/956/1117 1018/954/1115 
s 1907
f 875/810/971 878/813/974 1019/955/1116 
s 1908
f 1020/956/1117 957/953/1114 1021/957/1118 
s 1909
f 1022/958/1119 1019/955/1116 1018/954/1115 
s 1910
f 1023/959/1120 875/810/971 1019/955/1116 
s 1911
f 1021/957/1118 1024/960/1121 1020/956/1117 
s 1912
f 1021/957/1118 957/953/1114 960/961/1122 
s 1913
f 1018/954/1115 1020/956/1117 1025/962/1123 
s 1914
f 1018/954/1115 1025/962/1123 1022/958/1119 
s 1915
f 1022/958/1119 1026/963/1124 1019/955/1116 
s 1916
f 1020/956/1117 1024/960/1121 1025/962/1123 
s 1917
f 1019/955/1116 1026/963/1124 1023/959/1120 
s 1918
f 1021/957/1118 960/961/1122 1027/964/1125 
s 1919
f 1022/958/1119 1025/962/1123 1028/965/1126 
s 1920
f 1024/960/1121 1029/966/1127 1025/962/1123 
s 1921
f 1022/958/1119 1028/965/1126 1026/963/1124 
s 1922
f 1027/964/1125 1030/967/1128 1021/957/1118 
s 1923
f 1021/957/1118 1030/967/1128 1024/960/1121 
s 1924
f 1025/962/1123 1029/966/1127 1028/965/1126 
s 1925
f 1027/964/1125 960/961/1122 963/968/1129 
s 1926
f 1031/969/1130 1023/959/1120 1026/963/1124 
s 1927
f 1030/967/1128 1032/970/1131 1024/960/1121 
s 1928
f 1024/960/1121 1032/970/1131 1029/966/1127 
s 1929
f 1027/964/1125 963/968/1129 1033/971/1132 
s 1930
f 1034/972/1133 1023/959/1120 1031/969/1130 
s 1931
f 1030/967/1128 1027/964/1125 1035/973/1134 
s 1932
f 1029/966/1127 1036/974/1135 1028/965/1126 
s 1933
f 1035/973/1134 1027/964/1125 1033/971/1132 
s 1934
f 1032/970/1131 1036/974/1135 1029/966/1127 
s 1935
f 1037/975/1136 1034/972/1133 1031/969/1130 
s 1936
f 1033/971/1132 1038/976/1137 1035/973/1134 
s 1937
f 1039/977/1138 1036/974/1135 1032/970/1131 
s 1938
f 1040/978/1139 1034/972/1133 1037/975/1136 
s 1939
f 1041/979/1140 1038/976/1137 1033/971/1132 
s 1940
f 1039/977/1138 1042/980/1141 1036/974/1135 
s 1941
f 1037/975/1136 1043/981/1142 1040/978/1139 
s 1942
f 1033/971/1132 970/982/1143 1041/979/1140 
s 1943
f 1044/983/1144 1042/980/1141 1039/977/1138 
s 1944
f 1045/984/1145 1043/981/1142 1037/975/1136 
s 1945
f 1033/971/1132 963/968/1129 970/982/1143 
s 1946
f 1042/980/1141 1044/983/1144 1046/985/1146 
s 1947
f 1043/981/1142 1045/984/1145 1042/980/1141 
s 1948
f 1037/975/1136 1047/986/1147 1045/984/1145 
s 1949
f 1048/987/1148 1044/983/1144 1039/977/1138 
s 1950
f 1046/985/1146 1043/981/1142 1042/980/1141 
s 1951
f 1031/969/1130 1047/986/1147 1037/975/1136 
s 1952
f 1042/980/1141 1045/984/1145 1047/986/1147 
s 1953
f 1046/985/1146 1044/983/1144 1049/988/1149 
s 1954
f 1043/981/1142 1050/989/1150 1040/978/1139 
s 1955
f 1051/990/1151 1042/980/1141 1047/986/1147 
s 1956
f 1049/988/1149 1050/989/1150 1046/985/1146 
s 1957
f 1031/969/1130 1051/990/1151 1047/986/1147 
s 1958
f 1050/989/1150 1043/981/1142 1046/985/1146 
s 1959
f 1040/978/1139 1050/989/1150 1052/991/1152 
s 1960
f 1053/992/1153 1050/989/1150 1049/988/1149 
s 1961
f 1036/974/1135 1042/980/1141 1051/990/1151 
s 1962
f 1026/963/1124 1051/990/1151 1031/969/1130 
s 1963
f 1050/989/1150 1053/992/1153 1052/991/1152 
s 1964
f 1044/983/1144 1054/993/1154 1049/988/1149 
s 1965
f 1026/963/1124 1028/965/1126 1051/990/1151 
s 1966
f 1028/965/1126 1036/974/1135 1051/990/1151 
s 1967
f 1052/991/1152 1053/992/1153 1055/994/1155 
s 1968
f 1054/993/1154 1044/983/1144 1048/987/1148 
s 1969
f 1049/988/1149 1054/993/1154 1056/995/1156 
s 1970
f 1052/991/1152 1057/996/1157 1040/978/1139 
s 1971
f 1056/995/1156 1053/992/1153 1049/988/1149 
s 1972
f 1055/994/1155 1058/997/1158 1052/991/1152 
s 1973
f 1059/998/1159 1056/995/1156 1054/993/1154 
s 1974
f 1052/991/1152 1058/997/1158 1057/996/1157 
s 1975
f 1060/999/1160 1053/992/1153 1056/995/1156 
s 1976
f 1053/992/1153 1060/999/1160 1055/994/1155 
s 1977
f 1061/1000/1161 1056/995/1156 1059/998/1159 
s 1978
f 1059/998/1159 1054/993/1154 1062/1001/1162 
s 1979
f 1062/1001/1162 1054/993/1154 1048/987/1148 
s 1980
f 1058/997/1158 1063/1002/1163 1057/996/1157 
s 1981
f 1061/1000/1161 1060/999/1160 1056/995/1156 
s 1982
f 1064/1003/1164 1059/998/1159 1062/1001/1162 
s 1983
f 1058/997/1158 1055/994/1155 1065/1004/1165 
s 1984
f 1066/1005/1166 1061/1000/1161 1059/998/1159 
s 1985
f 1067/1006/1167 1060/999/1160 1061/1000/1161 
s 1986
f 1066/1005/1166 1059/998/1159 1064/1003/1164 
s 1987
f 1063/1002/1163 1058/997/1158 866/801/962 
s 1988
f 866/801/962 1058/997/1158 1065/1004/1165 
s 1989
f 1067/1006/1167 1068/1007/1168 1060/999/1160 
s 1990
f 1055/994/1155 1060/999/1160 1068/1007/1168 
s 1991
f 1066/1005/1166 1064/1003/1164 1069/1008/1169 
s 1992
f 866/801/962 1065/1004/1165 856/791/952 
s 1993
f 1065/1004/1165 1055/994/1155 1068/1007/1168 
s 1994
f 1070/1009/1170 1068/1007/1168 1067/1006/1167 
s 1995
f 1069/1008/1169 1064/1003/1164 1071/1010/1171 
s 1996
f 856/791/952 1065/1004/1165 855/790/951 
s 1997
f 855/790/951 1068/1007/1168 1070/1009/1170 
s 1998
f 1067/1006/1167 1072/1011/1172 1070/1009/1170 
s 1999
f 1064/1003/1164 1073/1012/1173 1071/1010/1171 
s 2000
f 1065/1004/1165 1068/1007/1168 855/790/951 
s 2001
f 1074/1013/1174 1072/1011/1172 1067/1006/1167 
s 2002
f 1064/1003/1164 1075/1014/1175 1073/1012/1173 
s 2003
f 1069/1008/1169 1071/1010/1171 1076/1015/1176 
s 2004
f 1074/1013/1174 839/774/935 1072/1011/1172 
s 2005
f 1062/1001/1162 1075/1014/1175 1064/1003/1164 
s 2006
f 1076/1015/1176 1077/1016/1177 1069/1008/1169 
s 2007
f 1078/1017/1178 839/774/935 1074/1013/1174 
s 2008
f 1062/1001/1162 1048/987/1148 1075/1014/1175 
s 2009
f 1076/1015/1176 1079/1018/1179 1077/1016/1177 
s 2010
f 1078/1017/1178 836/771/932 839/774/935 
s 2011
f 1061/1000/1161 1074/1013/1174 1067/1006/1167 
s 2012
f 1080/1019/1180 1079/1018/1179 1076/1015/1176 
s 2013
f 1081/1020/1181 836/771/932 1078/1017/1178 
s 2014
f 1082/1021/1182 1074/1013/1174 1061/1000/1161 
s 2015
f 1080/1019/1180 1083/1022/1183 1079/1018/1179 
s 2016
f 1081/1020/1181 1084/1023/1184 836/771/932 
s 2017
f 1082/1021/1182 1078/1017/1178 1074/1013/1174 
s 2018
f 1085/1024/1185 1083/1022/1183 1080/1019/1180 
s 2019
f 1086/1025/1186 1084/1023/1184 1081/1020/1181 
s 2020
f 1079/1018/1179 1086/1025/1186 1077/1016/1177 
s 2021
f 1087/1026/1187 1078/1017/1178 1082/1021/1182 
s 2022
f 1076/1015/1176 1088/1027/1188 1080/1019/1180 
s 2023
f 1077/1016/1177 1081/1020/1181 1087/1026/1187 
s 2024
f 1077/1016/1177 1086/1025/1186 1081/1020/1181 
s 2025
f 1087/1026/1187 1081/1020/1181 1078/1017/1178 
s 2026
f 1066/1005/1166 1087/1026/1187 1082/1021/1182 
s 2027
f 1076/1015/1176 1071/1010/1171 1088/1027/1188 
s 2028
f 1086/1025/1186 833/767/928 1084/1023/1184 
s 2029
f 1069/1008/1169 1087/1026/1187 1066/1005/1166 
s 2030
f 1069/1008/1169 1077/1016/1177 1087/1026/1187 
s 2031
f 1082/1021/1182 1061/1000/1161 1066/1005/1166 
s 2032
f 1089/1028/1189 833/767/928 1086/1025/1186 
s 2033
f 827/760/921 1084/1023/1184 833/767/928 
s 2034
f 1071/1010/1171 1090/1029/1190 1088/1027/1188 
s 2035
f 1089/1028/1189 757/770/931 833/767/928 
s 2036
f 1079/1018/1179 1089/1028/1189 1086/1025/1186 
s 2037
f 831/765/926 1084/1023/1184 827/760/921 
s 2038
f 1088/1027/1188 1090/1029/1190 1091/1030/1191 
s 2039
f 1083/1022/1183 1089/1028/1189 1079/1018/1179 
s 2040
f 831/765/926 836/771/932 1084/1023/1184 
s 2041
f 1088/1027/1188 1091/1030/1191 1092/1031/1192 
s 2042
f 1089/1028/1189 1083/1022/1183 1093/1032/1193 
s 2043
f 1093/1032/1193 757/770/931 1089/1028/1189 
s 2044
f 1094/1033/1194 1091/1030/1191 1090/1029/1190 
s 2045
f 1080/1019/1180 1088/1027/1188 1092/1031/1192 
s 2046
f 1093/1032/1193 755/1034/1195 757/770/931 
s 2047
f 1095/1035/1196 1091/1030/1191 1094/1033/1194 
s 2048
f 1080/1019/1197 1092/1031/1192 1085/1024/1185 
s 2049
f 1096/1036/1198 755/1034/1195 1093/1032/1193 
s 2050
f 1095/1035/1196 1097/1037/1199 1091/1030/1191 
s 2051
f 1094/1033/1194 1090/1029/1190 1098/1038/1200 
s 2052
f 1092/1031/1192 1091/1030/1191 1097/1037/1199 
s 2053
f 1096/1036/1198 752/1039/1201 755/1034/1195 
s 2054
f 1099/1040/1202 1095/1035/1196 1094/1033/1194 
s 2055
f 1085/1024/1185 1092/1031/1192 1100/1041/1203 
s 2056
f 1092/1031/1192 1097/1037/1199 1100/1041/1203 
s 2057
f 1101/1042/1204 752/1039/1201 1096/1036/1198 
s 2058
f 1102/1043/1205 1097/1037/1199 1095/1035/1196 
s 2059
f 1085/1024/1185 1100/1041/1203 1103/1044/1206 
s 2060
f 1104/1045/1207 1101/1042/1204 1096/1036/1198 
s 2061
f 1097/1037/1199 1102/1043/1205 1105/1046/1208 
s 2062
f 1106/1047/1209 1085/1024/1185 1103/1044/1206 
s 2063
f 1096/1036/1198 1106/1047/1209 1104/1045/1207 
s 2064
f 1100/1041/1203 1097/1037/1199 1105/1046/1208 
s 2065
f 1105/1046/1208 1102/1043/1205 1107/1048/1210 
s 2066
f 1106/1047/1209 1103/1044/1206 1104/1049/1211 
s 2067
f 1108/1050/1212 1101/1042/1204 1104/1045/1207 
s 2068
f 1105/1046/1208 1107/1048/1210 1109/1051/1213 
s 2069
f 1083/1022/1183 1085/1024/1185 1106/1047/1209 
s 2070
f 1108/1050/1212 774/1052/1214 1101/1042/1204 
s 2071
f 1100/1041/1203 1105/1046/1208 1110/1053/1215 
s 2072
f 1110/1053/1215 1105/1046/1208 1109/1051/1213 
s 2073
f 1103/1044/1206 1100/1041/1203 1110/1053/1215 
s 2074
f 1093/1032/1193 1083/1022/1183 1106/1047/1209 
s 2075
f 1101/1042/1204 774/1052/1214 1111/1054/1216 
s 2076
f 1104/1049/1211 1103/1044/1206 1112/1055/1217 
s 2077
f 1103/1044/1206 1110/1053/1215 1112/1055/1217 
s 2078
f 1110/1053/1215 1109/1051/1213 1112/1055/1217 
s 2079
f 1093/1032/1193 1106/1047/1209 1096/1036/1198 
s 2080
f 1111/1054/1216 750/1056/1218 1101/1042/1204 
s 2081
f 1112/1055/1217 1113/1057/1219 1104/1049/1211 
s 2082
f 1109/1051/1213 1114/1058/1220 1112/1055/1217 
s 2083
f 1112/1055/1217 1114/1058/1220 1113/1057/1219 
s 2084
f 1101/1042/1204 750/1056/1218 752/1039/1201 
s 2085
f 1104/1049/1211 1113/1057/1219 1108/1059/1221 
s 2086
f 1115/1060/1222 1114/1058/1220 1109/1051/1213 
s 2087
f 1113/1057/1219 1114/1058/1220 1116/1061/1223 
s 2088
f 1115/1060/1222 1116/1061/1223 1114/1058/1220 
s 2089
f 1113/1057/1219 790/1062/1224 1108/1059/1221 
s 2090
f 1113/1057/1219 1116/1061/1223 790/1062/1224 
s 2091
f 1109/1051/1213 1107/1048/1210 1115/1060/1222 
s 2092
f 1108/1059/1221 790/1062/1224 774/1063/1225 
s 2093
f 790/1062/1224 1116/1061/1223 795/1064/1226 
s 2094
f 1117/1065/1227 1115/1060/1222 1107/1048/1210 
s 2095
f 1118/1066/1228 1116/1061/1223 1115/1060/1222 
s 2096
f 1116/1061/1223 1118/1066/1228 795/1064/1226 
s 2097
f 1118/1066/1228 1115/1060/1222 1117/1065/1227 
s 2098
f 1107/1048/1210 1119/1067/1229 1117/1065/1227 
s 2099
f 795/1064/1226 1118/1066/1228 817/1068/1230 
s 2100
f 1118/1066/1228 1117/1065/1227 817/1068/1230 
s 2101
f 1102/1043/1205 1119/1067/1229 1107/1048/1210 
s 2102
f 817/1068/1230 1117/1065/1227 821/1069/1231 
s 2103
f 1119/1067/1229 1102/1043/1205 1120/1070/1232 
s 2104
f 1119/1067/1229 820/1071/1233 1117/1065/1227 
s 2105
f 1117/1065/1227 820/1071/1233 821/1069/1231 
s 2106
f 1120/1070/1232 1102/1043/1205 1095/1035/1196 
s 2107
f 1120/1070/1232 819/1072/1234 1119/1067/1229 
s 2108
f 1119/1067/1229 819/1072/1234 820/1071/1233 
s 2109
f 1120/1070/1232 1095/1035/1196 1099/1040/1202 
s 2110
f 1120/1070/1232 802/1073/1235 819/1072/1234 
s 2111
f 1099/1040/1202 802/1073/1235 1120/1070/1232 
s 2112
f 1099/1040/1202 807/1074/1236 802/1073/1235 
s 2113
f 1121/1075/1237 807/1074/1236 1099/1040/1202 
s 2114
f 1121/1075/1237 809/1076/1238 807/1074/1236 
s 2115
f 1099/1040/1202 1094/1033/1194 1121/1075/1237 
s 2116
f 1041/979/1140 809/1076/1238 1121/1075/1237 
s 2117
f 1121/1075/1237 1094/1033/1194 1098/1038/1200 
s 2118
f 1098/1038/1200 1041/979/1140 1121/1075/1237 
s 2119
f 1041/979/1140 970/982/1143 809/1076/1238 
s 2120
f 1038/976/1137 1041/979/1140 1098/1038/1200 
s 2121
f 1073/1012/1173 1038/976/1137 1098/1038/1200 
s 2122
f 1098/1038/1200 1090/1029/1190 1073/1012/1173 
s 2123
f 1075/1014/1175 1038/976/1137 1073/1012/1173 
s 2124
f 1071/1010/1171 1073/1012/1173 1090/1029/1190 
s 2125
f 1038/976/1137 1075/1014/1175 1035/973/1134 
s 2126
f 1035/973/1134 1075/1014/1175 1122/1077/1239 
s 2127
f 1122/1077/1239 1030/967/1128 1035/973/1134 
s 2128
f 1075/1014/1175 1048/987/1148 1122/1077/1239 
s 2129
f 1032/970/1131 1030/967/1128 1122/1077/1239 
s 2130
f 1048/987/1148 1039/977/1138 1122/1077/1239 
s 2131
f 1122/1077/1239 1039/977/1138 1032/970/1131 
s 2132
f 936/871/1032 950/885/1046 934/869/1030 
s 2133
f 950/885/1046 936/871/1032 941/876/1037 
s 2134
f 984/919/1080 975/910/1071 971/906/1067 
s 2135
f 966/901/1062 984/919/1080 971/906/1067 
s 2136
f 763/682/843 750/685/846 1111/1078/1240 
s 2137
f 774/695/856 763/682/843 1111/1078/1240 
s 2138
f 886/821/982 903/838/999 892/827/988 
s 2139
f 889/824/985 903/838/999 886/821/982 
s 2140
f 853/788/949 864/799/960 848/783/944 
s 2141
f 848/783/944 864/799/960 852/787/948 
s 2142
f 923/858/1019 929/864/1025 968/903/1064 
s 2143
f 968/903/1064 929/864/1025 1123/1079/1241 
s 2144
f 965/900/1061 968/903/1064 1123/1079/1241 
s 2145
f 839/774/935 846/781/942 1072/1011/1172 
s 2146
f 846/781/942 1070/1009/1170 1072/1011/1172 
s 2147
f 855/790/951 1070/1009/1170 846/781/942 
s 2148
f 814/745/906 812/743/904 828/761/922 
s 2149
f 828/761/922 812/743/904 837/772/933 
s 2150
f 875/810/971 1124/1080/1242 871/806/967 
s 2151
f 1124/1080/1242 875/810/971 1023/959/1120 
s 2152
f 871/806/967 1124/1080/1242 1063/1002/1163 
s 2153
f 1034/972/1133 1124/1080/1242 1023/959/1120 
s 2154
f 871/806/967 1063/1002/1163 860/795/956 
s 2155
f 1057/996/1157 1124/1080/1242 1034/972/1133 
s 2156
f 1057/996/1157 1063/1002/1163 1124/1080/1242 
s 2157
f 860/795/956 1063/1002/1163 866/801/962 
s 2158
f 1040/978/1139 1057/996/1157 1034/972/1133 
s 2159
f 1125/1081/1243 1126/1082/1244 1127/1083/1245 
s 2160
f 1123/1084/1246 1125/1081/1243 1127/1083/1245 
s 2161
f 1127/1083/1245 1126/1082/1244 1128/1085/1247 
s 2162
f 929/1086/1248 1125/1081/1243 1123/1084/1246 
s 2163
f 1128/1085/1247 1129/1087/1249 1127/1083/1245 
s 2164
f 1128/1085/1247 1126/1082/1244 1130/1088/1250 
s 2165
f 1128/1085/1247 1130/1088/1250 1129/1087/1249 
s 2166
f 929/1089/1251 1126/1082/1244 1125/1081/1243 
s 2167
f 1131/1090/1252 1123/1084/1246 1127/1083/1245 
s 2168
f 1127/1083/1245 1129/1087/1249 1131/1090/1252 
s 2169
f 1130/1088/1250 1126/1082/1244 1132/1091/1253 
s 2170
f 932/1092/1254 1126/1082/1244 929/1089/1251 
s 2171
f 965/1093/1255 1123/1084/1246 1131/1090/1252 
s 2172
f 1129/1087/1249 1130/1088/1250 1133/1094/1256 
s 2173
f 932/1092/1254 1132/1091/1253 1126/1082/1244 
s 2174
f 1129/1087/1249 965/1095/1257 1131/1090/1252 
s 2175
f 1130/1088/1250 1132/1091/1253 1134/1096/1258 
s 2176
f 1130/1088/1250 1134/1096/1258 1133/1094/1256 
s 2177
f 935/1097/1259 1132/1091/1253 932/1092/1254 
s 2178
f 964/1098/1260 965/1095/1257 1129/1087/1249 
s 2179
f 1133/1094/1256 964/1098/1260 1129/1087/1249 
s 2180
f 1134/1096/1258 1132/1091/1253 1135/1099/1261 
s 2181
f 939/1100/1262 1132/1091/1253 935/1097/1259 
s 2182
f 1135/1099/1261 1132/1091/1253 939/1100/1262 
s 2183
f 1133/1094/1256 1134/1096/1258 1136/1101/1263 
s 2184
f 961/1102/1264 964/1098/1260 1133/1094/1256 
s 2185
f 939/1103/1265 1134/1096/1258 1135/1099/1261 
s 2186
f 948/1104/1266 1133/1094/1256 1136/1101/1263 
s 2187
f 961/1102/1264 1133/1094/1256 948/1104/1266 
s 2188
f 945/1105/1267 1134/1096/1258 939/1103/1265 
s 2189
f 1134/1096/1258 948/1106/1267 1136/1101/1263 
s 2190
f 945/1105/1267 948/1106/1267 1134/1096/1258 
s 2191
f 1137/1/1268 1138/2/1269 1139/3/1270 
s 2192
f 1137/1/1268 1140/94/1271 1138/2/1269 
s 2193
f 1139/3/1270 1138/2/1269 1141/4/1272 
s 2194
f 1137/1/1268 1139/3/1270 1142/98/1273 
s 2195
f 1138/2/1269 1140/94/1271 1143/10/1274 
s 2196
f 1138/2/1269 1144/5/1275 1141/4/1272 
s 2197
f 1142/98/1273 1145/104/1276 1137/1/1268 
s 2198
f 1139/3/1270 1141/4/1272 1146/11/1277 
s 2199
f 1137/1/1268 1145/104/1276 1140/94/1271 
s 2200
f 1144/5/1275 1138/2/1269 1147/13/1278 
s 2201
f 1147/13/1278 1138/2/1269 1143/10/1274 
s 2202
f 1141/4/1272 1144/5/1275 1148/6/1279 
s 2203
f 1146/11/1277 1141/4/1272 1149/18/1280 
s 2204
f 1140/94/1271 1150/91/1281 1143/10/1274 
s 2205
f 1145/104/1276 1150/91/1281 1140/94/1271 
s 2206
f 1144/5/1275 1151/7/1282 1148/6/1279 
s 2207
f 1141/4/1272 1148/6/1279 1149/18/1280 
s 2208
f 1143/10/1274 1152/86/1283 1147/13/1278 
s 2209
f 1143/10/1274 1150/91/1281 1152/86/1283 
s 2210
f 1151/7/1282 1144/5/1275 1153/12/1284 
s 2211
f 1148/6/1279 1151/7/1282 1154/8/1285 
s 2212
f 1153/12/1284 1144/5/1275 1147/13/1278 
s 2213
f 1149/18/1280 1148/6/1279 1155/24/1286 
s 2214
f 1150/91/1281 1156/95/1287 1152/86/1283 
s 2215
f 1148/6/1279 1154/8/1285 1155/24/1286 
s 2216
f 1157/15/1288 1151/7/1282 1153/12/1284 
s 2217
f 1150/91/1281 1158/99/1289 1156/95/1287 
s 2218
f 1152/86/1283 1156/95/1287 1159/89/1290 
s 2219
f 1155/24/1286 1154/8/1285 1160/27/1291 
s 2220
f 1157/15/1288 1153/12/1284 1161/20/1292 
s 2221
f 1162/81/1293 1152/86/1283 1159/89/1290 
s 2222
f 1155/24/1286 1163/26/1294 1149/18/1280 
s 2223
f 1164/9/1295 1151/7/1282 1157/15/1288 
s 2224
f 1151/7/1282 1164/9/1295 1154/8/1285 
s 2225
f 1165/84/1296 1152/86/1283 1162/81/1293 
s 2226
f 1149/18/1280 1163/26/1294 1166/29/1297 
s 2227
f 1167/19/1298 1164/9/1295 1157/15/1288 
s 2228
f 1168/22/1299 1165/84/1296 1162/81/1293 
s 2229
f 1161/20/1292 1153/12/1284 1168/22/1299 
s 2230
f 1169/61/1300 1149/18/1280 1166/29/1297 
s 2231
f 1167/19/1298 1157/15/1288 1170/35/1301 
s 2232
f 1170/35/1301 1157/15/1288 1161/20/1292 
s 2233
f 1153/12/1284 1165/84/1296 1168/22/1299 
s 2234
f 1146/11/1277 1149/18/1280 1169/61/1300 
s 2235
f 1171/32/1302 1167/19/1298 1170/35/1301 
s 2236
f 1147/13/1278 1165/84/1296 1153/12/1284 
s 2237
f 1172/78/1303 1168/22/1299 1162/81/1293 
s 2238
f 1173/28/1304 1167/19/1298 1171/32/1302 
s 2239
f 1147/13/1278 1152/86/1283 1165/84/1296 
s 2240
f 1172/78/1303 1174/76/1305 1168/22/1299 
s 2241
f 1173/28/1304 1175/21/1306 1167/19/1298 
s 2242
f 1176/38/1307 1173/28/1304 1171/32/1302 
s 2243
f 1162/81/1293 1159/89/1290 1172/78/1303 
s 2244
f 1168/22/1299 1174/76/1305 1177/73/1308 
s 2245
f 1178/31/1309 1173/28/1304 1176/38/1307 
s 2246
f 1176/38/1307 1171/32/1302 1179/44/1310 
s 2247
f 1172/78/1303 1180/85/1311 1174/76/1305 
s 2248
f 1168/22/1299 1177/73/1308 1161/20/1292 
s 2249
f 1181/42/1312 1178/31/1309 1176/38/1307 
s 2250
f 1182/87/1313 1180/85/1311 1172/78/1303 
s 2251
f 1172/78/1303 1159/89/1290 1182/87/1313 
s 2252
f 1161/20/1292 1177/73/1308 1183/71/1314 
s 2253
f 1178/31/1309 1184/25/1315 1173/28/1304 
s 2254
f 1182/87/1313 1185/92/1316 1180/85/1311 
s 2255
f 1186/64/1317 1161/20/1292 1183/71/1314 
s 2256
f 1187/34/1318 1184/25/1315 1178/31/1309 
s 2257
f 1159/89/1290 1156/95/1287 1182/87/1313 
s 2258
f 1182/87/1313 1156/95/1287 1185/92/1316 
s 2259
f 1170/35/1301 1161/20/1292 1186/64/1317 
s 2260
f 1184/25/1315 1187/34/1318 1188/30/1319 
s 2261
f 1189/41/1320 1187/34/1318 1178/31/1309 
s 2262
f 1180/85/1311 1185/92/1316 1190/88/1321 
s 2263
f 1191/57/1322 1170/35/1301 1186/64/1317 
s 2264
f 1192/40/1323 1187/34/1318 1189/41/1320 
s 2265
f 1180/85/1311 1190/88/1321 1193/83/1324 
s 2266
f 1171/32/1302 1170/35/1301 1191/57/1322 
s 2267
f 1187/34/1318 1192/40/1323 1194/37/1325 
s 2268
f 1188/30/1319 1187/34/1318 1194/37/1325 
s 2269
f 1193/83/1324 1190/88/1321 1195/90/1326 
s 2270
f 1179/44/1310 1171/32/1302 1191/57/1322 
s 2271
f 1188/30/1319 1194/37/1325 1196/51/1327 
s 2272
f 1180/85/1311 1193/83/1324 1174/76/1305 
s 2273
f 1179/44/1310 1191/57/1322 1197/53/1328 
s 2274
f 1198/70/1329 1188/30/1319 1196/51/1327 
s 2275
f 1194/37/1325 1192/40/1323 1199/46/1330 
s 2276
f 1200/50/1331 1179/44/1310 1197/53/1328 
s 2277
f 1201/23/1332 1188/30/1319 1198/70/1329 
s 2278
f 1196/51/1327 1194/37/1325 1202/49/1333 
s 2279
f 1194/37/1325 1199/46/1330 1202/49/1333 
s 2280
f 1203/47/1334 1179/44/1310 1200/50/1331 
s 2281
f 1201/23/1332 1184/25/1315 1188/30/1319 
s 2282
f 1198/70/1329 1196/51/1327 1204/67/1335 
s 2283
f 1203/47/1334 1176/38/1307 1179/44/1310 
s 2284
f 1175/21/1306 1184/25/1315 1201/23/1332 
s 2285
f 1205/39/1336 1201/23/1332 1198/70/1329 
s 2286
f 1198/70/1329 1204/67/1335 1205/39/1336 
s 2287
f 1181/42/1312 1176/38/1307 1203/47/1334 
s 2288
f 1206/17/1337 1175/21/1306 1201/23/1332 
s 2289
f 1184/25/1315 1175/21/1306 1173/28/1304 
s 2290
f 1206/17/1337 1201/23/1332 1205/39/1336 
s 2291
f 1205/39/1336 1204/67/1335 1207/77/1338 
s 2292
f 1204/67/1335 1196/51/1327 1208/55/1339 
s 2293
f 1164/9/1295 1175/21/1306 1206/17/1337 
s 2294
f 1189/41/1320 1178/31/1309 1181/42/1312 
s 2295
f 1204/67/1335 1209/65/1340 1207/77/1338 
s 2296
f 1154/8/1285 1164/9/1295 1206/17/1337 
s 2297
f 1175/21/1306 1164/9/1295 1167/19/1298 
s 2298
f 1196/51/1327 1202/49/1333 1208/55/1339 
s 2299
f 1207/77/1338 1209/65/1340 1210/79/1341 
s 2300
f 1154/8/1285 1206/17/1337 1160/27/1291 
s 2301
f 1208/55/1339 1211/62/1342 1204/67/1335 
s 2302
f 1208/55/1339 1202/49/1333 1212/56/1343 
s 2303
f 1204/67/1335 1211/62/1342 1209/65/1340 
s 2304
f 1209/65/1340 1213/82/1344 1210/79/1341 
s 2305
f 1160/27/1291 1206/17/1337 1205/39/1336 
s 2306
f 1202/49/1333 1214/52/1345 1212/56/1343 
s 2307
f 1211/62/1342 1215/75/1346 1209/65/1340 
s 2308
f 1209/65/1340 1215/75/1346 1213/82/1344 
s 2309
f 1205/39/1336 1207/36/1347 1160/27/1291 
s 2310
f 1202/49/1333 1199/46/1330 1214/52/1345 
s 2311
f 1208/55/1339 1216/63/1348 1211/62/1342 
s 2312
f 1212/56/1343 1216/63/1348 1208/55/1339 
s 2313
f 1160/27/1291 1207/36/1347 1217/33/1349 
s 2314
f 1211/62/1342 1218/72/1350 1215/75/1346 
s 2315
f 1212/56/1343 1214/52/1345 1219/60/1351 
s 2316
f 1216/63/1348 1218/72/1350 1211/62/1342 
s 2317
f 1207/36/1347 1210/43/1352 1217/33/1349 
s 2318
f 1219/60/1351 1220/68/1353 1212/56/1343 
s 2319
f 1212/56/1343 1220/68/1353 1216/63/1348 
s 2320
f 1216/63/1348 1221/69/1354 1218/72/1350 
s 2321
f 1160/27/1291 1217/33/1349 1155/24/1286 
s 2322
f 1217/33/1349 1210/43/1352 1222/45/1355 
s 2323
f 1220/68/1353 1221/69/1354 1216/63/1348 
s 2324
f 1155/24/1286 1217/33/1349 1163/26/1294 
s 2325
f 1217/33/1349 1222/45/1355 1163/26/1294 
s 2326
f 1210/43/1352 1213/48/1356 1222/45/1355 
s 2327
f 1163/26/1294 1222/45/1355 1223/54/1357 
s 2328
f 1213/48/1356 1215/184/1358 1222/45/1355 
s 2329
f 1222/45/1355 1215/184/1358 1223/54/1357 
s 2330
f 1163/26/1294 1223/54/1357 1166/29/1297 
s 2331
f 1215/184/1358 1218/183/1359 1223/54/1357 
s 2332
f 1166/29/1297 1223/54/1357 1224/59/1360 
s 2333
f 1223/54/1357 1218/183/1359 1224/59/1360 
s 2334
f 1225/181/1361 1166/29/1297 1224/59/1360 
s 2335
f 1218/183/1359 1225/181/1361 1224/59/1360 
s 2336
f 1169/61/1300 1166/29/1297 1225/181/1361 
s 2337
f 1221/182/1362 1225/181/1361 1218/183/1359 
s 2338
f 1226/185/191 1227/186/190 1228/187/190 
s 2339
f 1226/185/191 1229/188/191 1227/186/190 
s 2340
f 1228/187/190 1227/186/190 1230/189/191 
s 2341
f 1227/186/190 1229/188/191 1230/189/191 
s 2342
f 1231/190/190 1229/188/191 1226/185/191 
s 2343
f 1230/189/191 1229/188/191 1232/191/190 
s 2344
f 1231/190/190 1233/192/190 1229/188/191 
s 2345
f 1229/188/191 1233/192/190 1232/191/190 
s 2346
f 1193/193/190 1233/192/190 1231/190/190 
s 2347
f 1232/191/190 1233/192/190 1197/194/190 
s 2348
f 1193/193/190 1234/195/191 1233/192/190 
s 2349
f 1234/195/191 1197/194/190 1233/192/190 
s 2350
f 1195/196/191 1234/195/191 1193/193/190 
s 2351
f 1200/197/191 1197/194/190 1234/195/191 
s 2352
f 1195/196/191 1235/198/190 1234/195/191 
s 2353
f 1234/195/191 1236/199/191 1200/197/191 
s 2354
f 1234/195/191 1235/198/190 1237/200/190 
s 2355
f 1237/200/190 1236/199/191 1234/195/191 
s 2356
f 1235/198/190 1238/201/190 1237/200/190 
s 2357
f 1237/200/190 1239/202/191 1236/199/191 
s 2358
f 1237/200/190 1238/201/190 1240/203/191 
s 2359
f 1240/203/191 1239/202/191 1237/200/190 
s 2360
f 1238/201/190 1241/204/191 1240/203/191 
s 2361
f 1240/203/191 1242/205/191 1239/202/191 
s 2362
f 1240/203/191 1241/204/191 1243/206/191 
s 2363
f 1243/206/191 1242/205/191 1240/203/191 
s 2364
f 1241/204/191 1244/207/191 1243/206/191 
s 2365
f 1243/206/191 1244/207/191 1242/205/191 
s 2366
f 1174/76/1305 1193/83/1324 1231/80/1363 
s 2367
f 1174/76/1305 1231/80/1363 1177/73/1308 
s 2368
f 1177/73/1308 1231/80/1363 1226/74/1364 
s 2369
f 1177/73/1308 1226/74/1364 1183/71/1314 
s 2370
f 1183/71/1314 1226/74/1364 1228/208/1365 
s 2371
f 1230/66/1366 1183/71/1314 1228/208/1365 
s 2372
f 1186/64/1317 1183/71/1314 1230/66/1366 
s 2373
f 1232/58/1367 1186/64/1317 1230/66/1366 
s 2374
f 1191/57/1322 1186/64/1317 1232/58/1367 
s 2375
f 1197/53/1328 1191/57/1322 1232/58/1367 
s 2376
f 1142/98/1273 1139/3/1270 1245/14/1368 
s 2377
f 1142/98/1273 1245/14/1368 1246/107/1369 
s 2378
f 1139/3/1270 1247/16/1370 1245/14/1368 
s 2379
f 1246/107/1369 1248/109/1371 1142/98/1273 
s 2380
f 1146/11/1277 1247/16/1370 1139/3/1270 
s 2381
f 1246/107/1369 1245/14/1368 1249/106/1372 
s 2382
f 1142/98/1273 1248/109/1371 1145/104/1276 
s 2383
f 1146/11/1277 1250/124/1373 1247/16/1370 
s 2384
f 1246/107/1369 1249/106/1372 1251/113/1374 
s 2385
f 1247/16/1370 1252/114/1375 1245/14/1368 
s 2386
f 1248/109/1371 1253/101/1376 1145/104/1276 
s 2387
f 1251/113/1374 1254/110/1377 1246/107/1369 
s 2388
f 1245/14/1368 1252/114/1375 1249/106/1372 
s 2389
f 1246/107/1369 1254/110/1377 1248/109/1371 
s 2390
f 1255/108/1378 1253/101/1376 1248/109/1371 
s 2391
f 1251/113/1374 1249/106/1372 1256/111/1379 
s 2392
f 1249/106/1372 1252/114/1375 1256/111/1379 
s 2393
f 1253/101/1376 1150/91/1281 1145/104/1276 
s 2394
f 1254/110/1377 1255/108/1378 1248/109/1371 
s 2395
f 1251/113/1374 1256/111/1379 1257/116/1380 
s 2396
f 1253/101/1376 1158/99/1289 1150/91/1281 
s 2397
f 1251/113/1374 1258/112/1381 1254/110/1377 
s 2398
f 1255/108/1378 1259/105/1382 1253/101/1376 
s 2399
f 1257/116/1380 1258/112/1381 1251/113/1374 
s 2400
f 1253/101/1376 1259/105/1382 1158/99/1289 
s 2401
f 1257/116/1380 1256/111/1379 1260/115/1383 
s 2402
f 1261/102/1384 1259/105/1382 1255/108/1378 
s 2403
f 1261/102/1384 1255/108/1378 1254/110/1377 
s 2404
f 1257/116/1380 1262/120/1385 1258/112/1381 
s 2405
f 1256/111/1379 1252/114/1375 1263/117/1386 
s 2406
f 1256/111/1379 1263/117/1386 1260/115/1383 
s 2407
f 1264/100/1387 1259/105/1382 1261/102/1384 
s 2408
f 1259/105/1382 1264/100/1387 1158/99/1289 
s 2409
f 1262/120/1385 1265/152/1388 1258/112/1381 
s 2410
f 1260/115/1383 1263/117/1386 1266/122/1389 
s 2411
f 1261/102/1384 1267/97/1390 1264/100/1387 
s 2412
f 1268/118/1391 1262/120/1385 1257/116/1380 
s 2413
f 1257/116/1380 1260/115/1383 1268/118/1391 
s 2414
f 1252/114/1375 1269/125/1392 1263/117/1386 
s 2415
f 1267/97/1390 1270/96/1393 1264/100/1387 
s 2416
f 1268/118/1391 1271/145/1394 1262/120/1385 
s 2417
f 1272/121/1395 1269/125/1392 1252/114/1375 
s 2418
f 1273/168/1396 1267/97/1390 1261/102/1384 
s 2419
f 1268/118/1391 1260/115/1383 1274/119/1397 
s 2420
f 1260/115/1383 1266/122/1389 1274/119/1397 
s 2421
f 1269/125/1392 1275/130/1398 1263/117/1386 
s 2422
f 1267/97/1390 1235/93/1399 1270/96/1393 
s 2423
f 1268/118/1391 1274/119/1397 1276/126/1400 
s 2424
f 1263/117/1386 1275/130/1398 1266/122/1389 
s 2425
f 1238/175/1401 1235/93/1399 1267/97/1390 
s 2426
f 1273/168/1396 1238/175/1401 1267/97/1390 
s 2427
f 1276/126/1400 1274/119/1397 1277/127/1402 
s 2428
f 1269/125/1392 1278/139/1403 1275/130/1398 
s 2429
f 1279/123/1404 1273/168/1396 1261/102/1384 
s 2430
f 1276/126/1400 1277/127/1402 1280/133/1405 
s 2431
f 1281/135/1406 1278/139/1403 1269/125/1392 
s 2432
f 1282/165/1407 1273/168/1396 1279/123/1404 
s 2433
f 1280/133/1405 1283/143/1408 1276/126/1400 
s 2434
f 1272/121/1395 1281/135/1406 1269/125/1392 
s 2435
f 1279/123/1404 1284/161/1409 1282/165/1407 
s 2436
f 1280/133/1405 1277/127/1402 1285/131/1410 
s 2437
f 1286/129/1411 1281/135/1406 1272/121/1395 
s 2438
f 1265/152/1388 1284/161/1409 1279/123/1404 
s 2439
f 1280/133/1405 1285/131/1410 1192/140/1412 
s 2440
f 1250/124/1373 1286/129/1411 1272/121/1395 
s 2441
f 1258/112/1381 1265/152/1388 1279/123/1404 
s 2442
f 1192/140/1412 1189/147/1413 1280/133/1405 
s 2443
f 1250/124/1373 1272/121/1395 1247/16/1370 
s 2444
f 1258/112/1381 1279/123/1404 1254/110/1377 
s 2445
f 1192/140/1412 1285/131/1410 1199/136/1414 
s 2446
f 1287/132/1415 1286/129/1411 1250/124/1373 
s 2447
f 1247/16/1370 1272/121/1395 1252/114/1375 
s 2448
f 1254/110/1377 1279/123/1404 1261/102/1384 
s 2449
f 1169/128/1416 1287/132/1415 1250/124/1373 
s 2450
f 1288/138/1417 1286/129/1411 1287/132/1415 
s 2451
f 1285/131/1410 1289/146/1418 1199/136/1414 
s 2452
f 1169/128/1416 1250/124/1373 1146/11/1277 
s 2453
f 1288/138/1417 1287/132/1415 1221/137/1419 
s 2454
f 1285/131/1410 1290/151/1420 1289/146/1418 
s 2455
f 1225/134/1421 1287/132/1415 1169/128/1416 
s 2456
f 1199/136/1414 1289/146/1418 1214/144/1422 
s 2457
f 1221/137/1419 1287/132/1415 1225/134/1421 
s 2458
f 1277/127/1402 1290/151/1420 1285/131/1410 
s 2459
f 1291/142/1423 1286/129/1411 1288/138/1417 
s 2460
f 1289/146/1418 1292/176/1424 1214/144/1422 
s 2461
f 1277/127/1402 1293/156/1425 1290/151/1420 
s 2462
f 1291/142/1423 1281/135/1406 1286/129/1411 
s 2463
f 1290/151/1420 1294/158/1426 1289/146/1418 
s 2464
f 1289/146/1418 1294/158/1426 1292/176/1424 
s 2465
f 1274/119/1397 1293/156/1425 1277/127/1402 
s 2466
f 1295/141/1427 1281/135/1406 1291/142/1423 
s 2467
f 1293/156/1425 1296/160/1428 1290/151/1420 
s 2468
f 1290/151/1420 1296/160/1428 1294/158/1426 
s 2469
f 1274/119/1397 1266/122/1389 1293/156/1425 
s 2470
f 1295/141/1427 1278/139/1403 1281/135/1406 
s 2471
f 1214/144/1422 1292/176/1424 1219/149/1429 
s 2472
f 1266/122/1389 1296/160/1428 1293/156/1425 
s 2473
f 1296/160/1428 1297/173/1430 1294/158/1426 
s 2474
f 1294/158/1426 1298/178/1431 1292/176/1424 
s 2475
f 1292/176/1424 1298/178/1431 1219/149/1429 
s 2476
f 1297/173/1430 1298/178/1431 1294/158/1426 
s 2477
f 1275/164/1432 1296/160/1428 1266/122/1389 
s 2478
f 1219/149/1429 1298/178/1431 1220/179/1433 
s 2479
f 1299/167/1434 1297/173/1430 1296/160/1428 
s 2480
f 1275/164/1432 1299/167/1434 1296/160/1428 
s 2481
f 1220/179/1433 1298/178/1431 1221/180/1435 
s 2482
f 1298/178/1431 1297/173/1430 1288/177/1436 
s 2483
f 1221/180/1435 1298/178/1431 1288/177/1436 
s 2484
f 1278/169/1437 1299/167/1434 1275/164/1432 
s 2485
f 1288/177/1436 1297/173/1430 1291/174/1438 
s 2486
f 1297/173/1430 1299/167/1434 1291/174/1438 
s 2487
f 1299/167/1434 1278/169/1437 1295/171/1439 
s 2488
f 1291/174/1438 1299/167/1434 1295/171/1439 
s 2489
f 1276/126/1400 1271/145/1394 1268/118/1391 
s 2490
f 1276/126/1400 1283/143/1408 1271/145/1394 
s 2491
f 1283/143/1408 1300/148/1440 1271/145/1394 
s 2492
f 1283/143/1408 1181/150/1441 1300/148/1440 
s 2493
f 1271/145/1394 1300/148/1440 1301/154/1442 
s 2494
f 1189/147/1413 1181/150/1441 1283/143/1408 
s 2495
f 1280/133/1405 1189/147/1413 1283/143/1408 
s 2496
f 1271/145/1394 1301/154/1442 1262/120/1385 
s 2497
f 1300/148/1440 1302/155/1443 1301/154/1442 
s 2498
f 1181/150/1441 1203/153/1444 1300/148/1440 
s 2499
f 1300/148/1440 1203/153/1444 1302/155/1443 
s 2500
f 1262/120/1385 1301/154/1442 1265/152/1388 
s 2501
f 1203/153/1444 1200/157/1445 1302/155/1443 
s 2502
f 1301/154/1442 1303/159/1446 1265/152/1388 
s 2503
f 1301/154/1442 1302/155/1443 1303/159/1446 
s 2504
f 1302/155/1443 1200/157/1445 1236/162/1447 
s 2505
f 1302/155/1443 1236/162/1447 1303/159/1446 
s 2506
f 1265/152/1388 1303/159/1446 1284/161/1409 
s 2507
f 1303/159/1446 1236/162/1447 1239/163/1448 
s 2508
f 1303/159/1446 1239/163/1448 1284/161/1409 
s 2509
f 1284/161/1409 1239/163/1448 1242/166/1449 
s 2510
f 1284/161/1409 1242/166/1449 1282/165/1407 
s 2511
f 1282/165/1407 1242/166/1449 1244/170/1450 
s 2512
f 1244/170/1450 1241/172/1451 1282/165/1407 
s 2513
f 1282/165/1407 1241/172/1451 1273/168/1396 
s 2514
f 1241/172/1451 1238/175/1401 1273/168/1396 
s 2515
f 1264/100/1387 1270/96/1393 1304/103/1452 
s 2516
f 1158/99/1289 1264/100/1387 1304/103/1452 
s 2517
f 1304/103/1452 1270/96/1393 1185/92/1316 
s 2518
f 1158/99/1289 1304/103/1452 1156/95/1287 
s 2519
f 1156/95/1287 1304/103/1452 1185/92/1316 
s 2520
f 1185/92/1316 1270/96/1393 1190/88/1321 
s 2521
f 1270/96/1393 1235/93/1399 1190/88/1321 
s 2522
f 1190/88/1321 1235/93/1399 1195/90/1326 
s 2523
f 1305/459/1453 1306/460/1454 1307/461/1455 
s 2524
f 1306/460/1454 1305/459/1453 1308/462/1456 
s 2525
f 1307/461/1455 1306/460/1454 1309/463/1457 
s 2526
f 1308/462/1456 1305/459/1453 1310/464/1458 
s 2527
f 1309/463/1457 1311/465/1459 1307/461/1455 
s 2528
f 1308/462/1456 1312/466/1460 1306/460/1454 
s 2529
f 1306/460/1454 1312/466/1460 1309/463/1457 
s 2530
f 1313/467/1461 1305/459/1453 1307/461/1455 
s 2531
f 1310/464/1458 1314/468/1462 1308/462/1456 
s 2532
f 1315/469/1463 1311/465/1459 1309/463/1457 
s 2533
f 1307/461/1455 1316/470/1464 1313/467/1461 
s 2534
f 1317/471/1465 1314/468/1462 1310/464/1458 
s 2535
f 1318/472/1466 1315/469/1463 1309/463/1457 
s 2536
f 1311/465/1459 1316/470/1464 1307/461/1455 
s 2537
f 1309/463/1457 1312/466/1460 1318/472/1466 
s 2538
f 1314/468/1462 1317/471/1465 1319/473/1467 
s 2539
f 1320/474/1468 1315/469/1463 1318/472/1466 
s 2540
f 1316/470/1464 1321/475/1469 1313/467/1461 
s 2541
f 1319/473/1467 1322/476/1470 1314/468/1462 
s 2542
f 1318/472/1466 1323/477/1471 1320/474/1468 
s 2543
f 1324/478/1472 1321/475/1469 1316/470/1464 
s 2544
f 1319/473/1467 1317/471/1465 1325/479/1473 
s 2545
f 1312/466/1460 1326/480/1474 1318/472/1466 
s 2546
f 1326/480/1474 1323/477/1471 1318/472/1466 
s 2547
f 1313/467/1461 1321/475/1469 1327/481/1475 
s 2548
f 1317/471/1465 1328/482/1476 1325/479/1473 
s 2549
f 1329/483/1477 1326/480/1474 1312/466/1460 
s 2550
f 1327/481/1475 1330/484/1478 1313/467/1461 
s 2551
f 1328/482/1476 1317/471/1465 1331/485/1479 
s 2552
f 1312/466/1460 1332/486/1480 1329/483/1477 
s 2553
f 1321/475/1469 1333/487/1481 1327/481/1475 
s 2554
f 1325/479/1473 1328/482/1476 1334/488/1482 
s 2555
f 1332/486/1480 1312/466/1460 1308/462/1456 
s 2556
f 1321/475/1469 1335/489/1483 1333/487/1481 
s 2557
f 1334/488/1482 1336/490/1484 1325/479/1473 
s 2558
f 1329/483/1477 1332/486/1480 1337/491/1485 
s 2559
f 1335/489/1483 1321/475/1469 1324/478/1472 
s 2560
f 1338/492/1486 1336/490/1484 1334/488/1482 
s 2561
f 1329/483/1477 1337/491/1485 1339/493/1487 
s 2562
f 1333/487/1481 1335/489/1483 1340/494/1488 
s 2563
f 1338/492/1486 1341/495/1489 1336/490/1484 
s 2564
f 1342/496/1490 1329/483/1477 1339/493/1487 
s 2565
f 1332/486/1480 1322/476/1470 1337/491/1485 
s 2566
f 1343/497/1491 1341/495/1489 1338/492/1486 
s 2567
f 1342/496/1490 1339/493/1487 1344/498/1492 
s 2568
f 1332/486/1480 1314/468/1462 1322/476/1470 
s 2569
f 1343/497/1491 1345/499/1493 1341/495/1489 
s 2570
f 1346/500/1494 1342/496/1490 1344/498/1492 
s 2571
f 1308/462/1456 1314/468/1462 1332/486/1480 
s 2572
f 1347/501/1495 1345/499/1493 1343/497/1491 
s 2573
f 1348/502/1496 1342/496/1490 1346/500/1494 
s 2574
f 1344/498/1492 1339/493/1487 1349/503/1497 
s 2575
f 1350/504/1498 1347/501/1495 1343/497/1491 
s 2576
f 1348/502/1496 1326/480/1474 1342/496/1490 
s 2577
f 1341/495/1489 1345/499/1493 1351/505/1499 
s 2578
f 1350/504/1498 1343/497/1491 1352/506/1500 
s 2579
f 1323/477/1471 1326/480/1474 1348/502/1496 
s 2580
f 1326/480/1474 1329/483/1477 1342/496/1490 
s 2581
f 1351/505/1499 1345/499/1493 1353/507/1501 
s 2582
f 1352/506/1500 1354/508/1502 1350/504/1498 
s 2583
f 1352/506/1500 1343/497/1491 1338/492/1486 
s 2584
f 1341/495/1489 1351/505/1499 1336/490/1484 
s 2585
f 1351/505/1499 1353/507/1501 1355/509/1503 
s 2586
f 1350/504/1498 1354/508/1502 1356/510/1504 
s 2587
f 1352/506/1500 1338/492/1486 1357/511/1505 
s 2588
f 1336/490/1484 1351/505/1499 1358/512/1506 
s 2589
f 1356/510/1504 1347/501/1495 1350/504/1498 
s 2590
f 1357/511/1505 1359/513/1507 1352/506/1500 
s 2591
f 1352/506/1500 1359/513/1507 1354/508/1502 
s 2592
f 1358/512/1506 1351/505/1499 1360/514/1508 
s 2593
f 1360/514/1508 1351/505/1499 1355/509/1503 
s 2594
f 1336/490/1484 1358/512/1506 1325/479/1473 
s 2595
f 1357/511/1505 1361/515/1509 1359/513/1507 
s 2596
f 1355/509/1503 1362/516/1510 1360/514/1508 
s 2597
f 1357/511/1505 1338/492/1486 1334/488/1482 
s 2598
f 1325/479/1473 1358/512/1506 1319/473/1467 
s 2599
f 1355/509/1503 1363/517/1511 1362/516/1510 
s 2600
f 1364/518/1512 1361/515/1509 1357/511/1505 
s 2601
f 1334/488/1482 1364/518/1512 1357/511/1505 
s 2602
f 1319/473/1467 1358/512/1506 1365/519/1513 
s 2603
f 1365/519/1513 1358/512/1506 1360/514/1508 
s 2604
f 1360/514/1508 1362/516/1510 1366/520/1514 
s 2605
f 1328/482/1476 1364/518/1512 1334/488/1482 
s 2606
f 1365/519/1513 1322/476/1470 1319/473/1467 
s 2607
f 1360/514/1508 1366/520/1514 1365/519/1513 
s 2608
f 1362/516/1510 1367/521/1515 1366/520/1514 
s 2609
f 1364/518/1512 1368/522/1516 1361/515/1509 
s 2610
f 1365/519/1513 1369/523/1517 1322/476/1470 
s 2611
f 1363/517/1511 1370/524/1518 1362/516/1510 
s 2612
f 1365/519/1513 1366/520/1514 1369/523/1517 
s 2613
f 1362/516/1510 1370/524/1518 1367/521/1515 
s 2614
f 1371/525/1519 1368/522/1516 1364/518/1512 
s 2615
f 1364/518/1512 1328/482/1476 1371/525/1519 
s 2616
f 1366/520/1514 1372/526/1520 1369/523/1517 
s 2617
f 1370/524/1518 1373/527/1521 1367/521/1515 
s 2618
f 1371/525/1519 1374/528/1522 1368/522/1516 
s 2619
f 1366/520/1514 1367/521/1515 1372/526/1520 
s 2620
f 1322/476/1470 1369/523/1517 1375/529/1523 
s 2621
f 1376/530/1524 1374/528/1522 1371/525/1519 
s 2622
f 1367/521/1515 1373/527/1521 1377/531/1525 
s 2623
f 1367/521/1515 1377/531/1525 1372/526/1520 
s 2624
f 1375/529/1523 1369/523/1517 1378/532/1526 
s 2625
f 1376/530/1524 1379/533/1527 1374/528/1522 
s 2626
f 1331/485/1479 1376/530/1524 1371/525/1519 
s 2627
f 1372/526/1520 1377/531/1525 1380/534/1528 
s 2628
f 1381/535/1529 1375/529/1523 1378/532/1526 
s 2629
f 1330/484/1478 1376/530/1524 1331/485/1479 
s 2630
f 1372/526/1520 1380/534/1528 1382/536/1530 
s 2631
f 1378/532/1526 1369/523/1517 1382/536/1530 
s 2632
f 1337/491/1485 1375/529/1523 1381/535/1529 
s 2633
f 1310/464/1458 1330/484/1478 1331/485/1479 
s 2634
f 1369/523/1517 1372/526/1520 1382/536/1530 
s 2635
f 1337/491/1485 1322/476/1470 1375/529/1523 
s 2636
f 1305/459/1453 1330/484/1478 1310/464/1458 
s 2637
f 1331/485/1479 1317/471/1465 1310/464/1458 
s 2638
f 1382/536/1530 1380/534/1528 1383/537/1531 
s 2639
f 1339/493/1487 1337/491/1485 1381/535/1529 
s 2640
f 1330/484/1478 1305/459/1453 1313/467/1461 
s 2641
f 1384/538/1532 1382/536/1530 1383/537/1531 
s 2642
f 1339/493/1487 1381/535/1529 1349/503/1497 
s 2643
f 1371/525/1519 1328/482/1476 1331/485/1479 
s 2644
f 1378/532/1526 1382/536/1530 1384/538/1532 
s 2645
f 1376/530/1524 1330/484/1478 1327/481/1475 
s 2646
f 1349/503/1497 1381/535/1529 1385/539/1533 
s 2647
f 1381/535/1529 1378/532/1526 1385/539/1533 
s 2648
f 1385/539/1533 1378/532/1526 1384/538/1532 
s 2649
f 1327/481/1475 1379/533/1527 1376/530/1524 
s 2650
f 1327/481/1475 1333/487/1481 1379/533/1527 
s 2651
f 1386/540/1534 1363/517/1511 1355/509/1503 
s 2652
f 1355/509/1503 1353/507/1501 1386/540/1534 
s 2653
f 1346/541/1535 1344/542/1535 1387/543/1535 
s 2654
f 1387/543/1535 1388/544/1535 1346/541/1535 
s 2655
f 1387/543/1535 1344/542/1535 1389/545/1535 
s 2656
f 1390/546/1536 1388/544/1535 1387/543/1535 
s 2657
f 1344/542/1535 1349/547/1535 1389/545/1535 
s 2658
f 1390/546/1536 1391/548/1535 1388/544/1535 
s 2659
f 1389/545/1535 1349/547/1535 1392/549/1535 
s 2660
f 1393/550/1535 1391/548/1535 1390/546/1536 
s 2661
f 1349/547/1535 1385/551/1535 1392/549/1535 
s 2662
f 1393/550/1535 1394/552/1535 1391/548/1535 
s 2663
f 1392/549/1535 1385/551/1535 1395/553/1535 
s 2664
f 1396/554/1535 1394/552/1535 1393/550/1535 
s 2665
f 1385/551/1535 1384/555/1535 1395/553/1535 
s 2666
f 1396/554/1535 1397/556/1535 1394/552/1535 
s 2667
f 1395/553/1535 1384/555/1535 1398/557/1535 
s 2668
f 1399/558/1535 1397/556/1535 1396/554/1535 
s 2669
f 1384/555/1535 1383/559/1536 1398/557/1535 
s 2670
f 1399/558/1535 1400/560/1535 1397/556/1535 
s 2671
f 1398/557/1535 1383/559/1536 1401/561/1535 
s 2672
f 1402/562/1535 1400/560/1535 1399/558/1535 
s 2673
f 1383/559/1536 1380/563/1536 1401/561/1535 
s 2674
f 1402/562/1535 1403/564/1535 1400/560/1535 
s 2675
f 1401/561/1535 1380/563/1536 1404/565/1535 
s 2676
f 1405/566/1535 1403/564/1535 1402/562/1535 
s 2677
f 1380/563/1536 1377/567/1535 1404/565/1535 
s 2678
f 1404/565/1535 1377/567/1535 1373/568/1535 
s 2679
f 1405/566/1535 1406/569/1536 1403/564/1535 
s 2680
f 1407/570/1536 1406/569/1536 1405/566/1535 
s 2681
f 1408/571/1537 1409/572/1538 1410/573/1539 
s 2682
f 1411/574/1540 1408/571/1537 1410/573/1539 
s 2683
f 1410/573/1539 1409/572/1538 1412/575/1541 
s 2684
f 1413/576/1542 1408/571/1537 1411/574/1540 
s 2685
f 1410/573/1539 1412/575/1541 1414/577/1543 
s 2686
f 1414/577/1543 1411/574/1540 1410/573/1539 
s 2687
f 1409/572/1538 1311/578/1544 1412/575/1541 
s 2688
f 1415/579/1545 1413/576/1542 1411/574/1540 
s 2689
f 1408/571/1537 1324/478/1472 1409/572/1538 
s 2690
f 1414/577/1543 1412/575/1541 1416/580/1546 
s 2691
f 1417/581/1547 1413/576/1542 1415/579/1545 
s 2692
f 1418/582/1548 1324/478/1472 1408/571/1537 
s 2693
f 1416/580/1546 1419/583/1549 1414/577/1543 
s 2694
f 1420/584/1550 1417/581/1547 1415/579/1545 
s 2695
f 1413/576/1542 1418/582/1548 1408/571/1537 
s 2696
f 1416/580/1546 1323/585/1551 1419/583/1549 
s 2697
f 1421/586/1552 1417/581/1547 1420/584/1550 
s 2698
f 1422/587/1553 1418/582/1548 1413/576/1542 
s 2699
f 1320/588/1554 1323/585/1551 1416/580/1546 
s 2700
f 1423/589/1555 1421/586/1552 1420/584/1550 
s 2701
f 1417/581/1547 1422/587/1553 1413/576/1542 
s 2702
f 1416/580/1546 1315/590/1556 1320/588/1554 
s 2703
f 1424/591/1557 1421/586/1552 1423/589/1555 
s 2704
f 1425/592/1558 1422/587/1553 1417/581/1547 
s 2705
f 1412/575/1541 1315/590/1556 1416/580/1546 
s 2706
f 1426/593/1559 1424/591/1557 1423/589/1555 
s 2707
f 1421/586/1552 1425/592/1558 1417/581/1547 
s 2708
f 1412/575/1541 1311/578/1544 1315/590/1556 
s 2709
f 1427/594/1560 1424/591/1557 1426/593/1559 
s 2710
f 1428/595/1561 1425/592/1558 1421/586/1552 
s 2711
f 1420/584/1550 1429/596/1562 1423/589/1555 
s 2712
f 1427/594/1560 1426/593/1559 1430/597/1563 
s 2713
f 1424/591/1557 1428/595/1561 1421/586/1552 
s 2714
f 1429/596/1562 1420/584/1550 1431/598/1564 
s 2715
f 1427/594/1560 1432/599/1565 1424/591/1557 
s 2716
f 1430/597/1563 1426/593/1559 1433/600/1566 
s 2717
f 1432/599/1565 1428/595/1561 1424/591/1557 
s 2718
f 1431/598/1564 1420/584/1550 1415/579/1545 
s 2719
f 1427/594/1560 1430/597/1563 1434/601/1567 
s 2720
f 1434/601/1567 1432/599/1565 1427/594/1560 
s 2721
f 1428/595/1561 1435/602/1568 1425/592/1558 
s 2722
f 1431/598/1564 1436/603/1569 1429/596/1562 
s 2723
f 1434/601/1567 1430/597/1563 1437/604/1570 
s 2724
f 1438/605/1571 1435/602/1568 1428/595/1561 
s 2725
f 1432/599/1565 1438/605/1571 1428/595/1561 
s 2726
f 1436/603/1569 1439/606/1572 1429/596/1562 
s 2727
f 1434/601/1567 1440/607/1573 1432/599/1565 
s 2728
f 1435/602/1568 1438/605/1571 1441/608/1574 
s 2729
f 1442/609/1575 1436/603/1569 1431/598/1564 
s 2730
f 1443/610/1576 1440/607/1573 1434/601/1567 
s 2731
f 1440/607/1573 1438/605/1571 1432/599/1565 
s 2732
f 1434/601/1567 1437/604/1570 1443/610/1576 
s 2733
f 1431/598/1564 1444/611/1577 1442/609/1575 
s 2734
f 1440/607/1573 1443/610/1576 1445/612/1578 
s 2735
f 1441/608/1574 1438/605/1571 1446/613/1579 
s 2736
f 1447/614/1580 1444/611/1577 1431/598/1564 
s 2737
f 1438/605/1571 1440/607/1573 1446/613/1579 
s 2738
f 1445/612/1578 1443/610/1576 1448/615/1581 
s 2739
f 1443/610/1576 1437/604/1570 1448/615/1581 
s 2740
f 1447/614/1580 1449/616/1582 1444/611/1577 
s 2741
f 1446/613/1579 1440/607/1573 1445/612/1578 
s 2742
f 1415/579/1545 1447/614/1580 1431/598/1564 
s 2743
f 1444/611/1577 1450/617/1583 1442/609/1575 
s 2744
f 1414/577/1543 1449/616/1582 1447/614/1580 
s 2745
f 1451/618/1584 1435/602/1568 1441/608/1574 
s 2746
f 1449/616/1582 1452/619/1585 1444/611/1577 
s 2747
f 1444/611/1577 1452/619/1585 1450/617/1583 
s 2748
f 1414/577/1543 1419/583/1549 1449/616/1582 
s 2749
f 1453/620/1586 1435/602/1568 1451/618/1584 
s 2750
f 1447/614/1580 1411/574/1540 1414/577/1543 
s 2751
f 1411/574/1540 1447/614/1580 1415/579/1545 
s 2752
f 1419/583/1549 1454/621/1587 1449/616/1582 
s 2753
f 1449/616/1582 1454/621/1587 1452/619/1585 
s 2754
f 1455/622/1588 1453/620/1586 1451/618/1584 
s 2755
f 1435/602/1568 1453/620/1586 1425/592/1558 
s 2756
f 1419/583/1549 1348/623/1589 1454/621/1587 
s 2757
f 1454/621/1587 1388/624/1590 1452/619/1585 
s 2758
f 1456/625/1591 1453/620/1586 1455/622/1588 
s 2759
f 1425/592/1558 1453/620/1586 1422/587/1553 
s 2760
f 1348/623/1589 1346/626/1592 1454/621/1587 
s 2761
f 1454/621/1587 1346/626/1592 1388/624/1590 
s 2762
f 1453/620/1586 1456/625/1591 1422/587/1553 
s 2763
f 1323/585/1551 1348/623/1589 1419/583/1549 
s 2764
f 1340/494/1488 1456/625/1591 1455/622/1588 
s 2765
f 1452/619/1585 1388/624/1590 1391/627/1593 
s 2766
f 1422/587/1553 1456/625/1591 1418/582/1548 
s 2767
f 1335/489/1483 1456/625/1591 1340/494/1488 
s 2768
f 1456/625/1591 1335/489/1483 1418/582/1548 
s 2769
f 1394/628/1594 1452/619/1585 1391/627/1593 
s 2770
f 1418/582/1548 1335/489/1483 1324/478/1472 
s 2771
f 1450/617/1583 1452/619/1585 1394/628/1594 
s 2772
f 1450/617/1583 1394/628/1594 1457/629/1595 
s 2773
f 1442/609/1575 1450/617/1583 1457/629/1595 
s 2774
f 1457/629/1595 1394/628/1594 1397/630/1596 
s 2775
f 1442/609/1575 1457/629/1595 1436/603/1569 
s 2776
f 1457/629/1595 1397/630/1596 1458/631/1597 
s 2777
f 1324/478/1472 1316/470/1464 1409/572/1538 
s 2778
f 1436/603/1569 1457/629/1595 1458/631/1597 
s 2779
f 1409/572/1538 1316/470/1464 1311/578/1544 
s 2780
f 1458/631/1597 1397/630/1596 1400/632/1598 
s 2781
f 1459/633/1599 1436/603/1569 1458/631/1597 
s 2782
f 1403/634/1600 1458/631/1597 1400/632/1598 
s 2783
f 1459/633/1599 1458/631/1597 1403/634/1600 
s 2784
f 1439/606/1572 1436/603/1569 1459/633/1599 
s 2785
f 1406/635/1601 1459/633/1599 1403/634/1600 
s 2786
f 1460/636/1602 1439/606/1572 1459/633/1599 
s 2787
f 1460/636/1602 1459/633/1599 1406/635/1601 
s 2788
f 1461/637/1603 1439/606/1572 1460/636/1602 
s 2789
f 1407/638/1604 1460/636/1602 1406/635/1601 
s 2790
f 1439/606/1572 1461/637/1603 1462/639/1605 
s 2791
f 1463/640/1606 1460/636/1602 1407/638/1604 
s 2792
f 1463/640/1606 1461/637/1603 1460/636/1602 
s 2793
f 1429/596/1562 1439/606/1572 1462/639/1605 
s 2794
f 1464/641/1607 1461/637/1603 1463/640/1606 
s 2795
f 1423/589/1555 1429/596/1562 1462/639/1605 
s 2796
f 1464/641/1607 1465/642/1608 1461/637/1603 
s 2797
f 1462/639/1605 1461/637/1603 1465/642/1608 
s 2798
f 1423/589/1555 1462/639/1605 1426/593/1559 
s 2799
f 1426/593/1559 1462/639/1605 1465/642/1608 
s 2800
f 1466/643/1609 1465/642/1608 1464/641/1607 
s 2801
f 1426/593/1559 1465/642/1608 1433/600/1566 
s 2802
f 1433/600/1566 1465/642/1608 1466/643/1609 
s 2803
f 1467/1107/1610 1468/1108/1611 1013/1109/1612 
s 2804
f 1467/1107/1610 1469/1110/1613 1468/1108/1611 
s 2805
f 1013/1109/1612 1468/1108/1611 1470/1111/1614 
s 2806
f 1471/1112/1615 1469/1110/1613 1467/1107/1610 
s 2807
f 1470/1111/1614 1472/1113/1616 1013/1109/1612 
s 2808
f 1468/1108/1611 1473/1114/1617 1470/1111/1614 
s 2809
f 1473/1114/1617 1472/1113/1616 1470/1111/1614 
s 2810
f 1469/1110/1613 1471/1112/1615 1474/1115/1618 
s 2811
f 1013/1109/1612 1472/1113/1616 1475/1116/1619 
s 2812
f 1476/1117/1620 1473/1114/1617 1468/1108/1611 
s 2813
f 1477/1118/1621 1468/1108/1611 1469/1110/1613 
s 2814
f 1474/1115/1618 1471/1112/1615 1478/1119/1622 
s 2815
f 1472/1113/1616 1479/1120/1623 1475/1116/1619 
s 2816
f 1476/1117/1620 1468/1108/1611 1477/1118/1621 
s 2817
f 1478/1119/1622 1480/1121/1624 1474/1115/1618 
s 2818
f 1472/1113/1616 1481/1122/1625 1479/1120/1623 
s 2819
f 1482/1123/1626 1476/1117/1620 1477/1118/1621 
s 2820
f 1475/1116/1619 1479/1120/1623 1483/1124/1627 
s 2821
f 1474/1115/1618 1480/1121/1624 1484/1125/1628 
s 2822
f 1482/1123/1626 1477/1118/1621 1485/1126/1629 
s 2823
f 1486/1127/1630 1476/1117/1620 1482/1123/1626 
s 2824
f 1479/1120/1623 1487/1128/1631 1483/1124/1627 
s 2825
f 1480/1121/1624 1488/1129/1632 1484/1125/1628 
s 2826
f 1489/1130/1633 1486/1127/1630 1482/1123/1626 
s 2827
f 1481/1122/1625 1490/1131/1634 1479/1120/1623 
s 2828
f 1479/1120/1623 1490/1131/1634 1487/1128/1631 
s 2829
f 1484/1125/1628 1488/1129/1632 1491/1132/1635 
s 2830
f 1492/1133/1636 1486/1127/1630 1489/1130/1633 
s 2831
f 1481/1122/1625 1493/1134/1637 1490/1131/1634 
s 2832
f 1491/1132/1635 1494/1135/1638 1484/1125/1628 
s 2833
f 1495/1136/1639 1486/1127/1630 1492/1133/1636 
s 2834
f 1496/1137/1640 1493/1134/1637 1481/1122/1625 
s 2835
f 1488/1129/1632 1497/1138/1641 1491/1132/1635 
s 2836
f 1498/1139/1642 1486/1127/1630 1495/1136/1639 
s 2837
f 1496/1137/1640 1499/1140/1643 1493/1134/1637 
s 2838
f 1500/1141/1644 1496/1137/1640 1481/1122/1625 
s 2839
f 1491/1132/1635 1497/1138/1641 1501/1142/1645 
s 2840
f 1502/1143/1646 1495/1136/1639 1492/1133/1636 
s 2841
f 1500/1141/1644 1481/1122/1625 1472/1113/1616 
s 2842
f 1501/1142/1645 1503/1144/1647 1491/1132/1635 
s 2843
f 1502/1143/1646 1492/1133/1636 1504/1145/1648 
s 2844
f 1500/1141/1644 1472/1113/1616 1473/1114/1617 
s 2845
f 1505/1146/1649 1501/1142/1645 1497/1138/1641 
s 2846
f 1506/1147/1650 1495/1136/1639 1502/1143/1646 
s 2847
f 1498/1139/1642 1500/1141/1644 1473/1114/1617 
s 2848
f 1507/1148/1651 1501/1142/1645 1505/1146/1649 
s 2849
f 1508/1149/1652 1506/1147/1650 1502/1143/1646 
s 2850
f 1495/1136/1639 1509/1150/1653 1498/1139/1642 
s 2851
f 1509/1150/1653 1500/1141/1644 1498/1139/1642 
s 2852
f 1501/1142/1645 1507/1148/1651 1510/1151/1654 
s 2853
f 1511/1152/1655 1506/1147/1650 1508/1149/1652 
s 2854
f 1512/1153/1656 1509/1150/1653 1495/1136/1639 
s 2855
f 1510/1151/1654 1503/1144/1647 1501/1142/1645 
s 2856
f 1513/1154/1657 1511/1152/1655 1508/1149/1652 
s 2857
f 1512/1153/1656 1514/1155/1658 1509/1150/1653 
s 2858
f 1510/1151/1654 1507/1148/1651 1515/1156/1659 
s 2859
f 1513/1154/1657 1508/1149/1652 1516/1157/1660 
s 2860
f 1512/1153/1656 1517/1158/1661 1514/1155/1658 
s 2861
f 1510/1151/1654 1515/1156/1659 1518/1159/1662 
s 2862
f 1519/1160/1663 1511/1152/1655 1513/1154/1657 
s 2863
f 1520/1161/1664 1517/1158/1661 1512/1153/1656 
s 2864
f 1518/1159/1662 1521/1162/1665 1510/1151/1654 
s 2865
f 1519/1160/1663 1513/1154/1657 1522/1163/1666 
s 2866
f 1495/1136/1639 1520/1161/1664 1512/1153/1656 
s 2867
f 1518/1159/1662 1523/1164/1667 1521/1162/1665 
s 2868
f 1519/1160/1663 1524/1165/1668 1511/1152/1655 
s 2869
f 1522/1163/1666 1524/1165/1668 1519/1160/1663 
s 2870
f 1506/1147/1650 1520/1161/1664 1495/1136/1639 
s 2871
f 1525/1166/1669 1521/1162/1665 1523/1164/1667 
s 2872
f 1522/1163/1666 1513/1154/1657 1526/1167/1670 
s 2873
f 1511/1152/1655 1527/1168/1671 1506/1147/1650 
s 2874
f 1506/1147/1650 1527/1168/1671 1520/1161/1664 
s 2875
f 1511/1152/1655 1524/1165/1668 1527/1168/1671 
s 2876
f 1528/1169/1672 1523/1164/1667 1518/1159/1662 
s 2877
f 1529/1170/1673 1522/1163/1666 1526/1167/1670 
s 2878
f 1527/1168/1671 1530/1171/1674 1520/1161/1664 
s 2879
f 1518/1159/1662 1531/1172/1675 1528/1169/1672 
s 2880
f 1526/1167/1670 1532/1173/1676 1529/1170/1673 
s 2881
f 1524/1165/1668 1533/1174/1677 1527/1168/1671 
s 2882
f 1527/1168/1671 1533/1174/1677 1530/1171/1674 
s 2883
f 1528/1169/1672 1531/1172/1675 1534/1175/1678 
s 2884
f 1535/1176/1679 1532/1173/1676 1526/1167/1670 
s 2885
f 1524/1165/1668 1536/1177/1680 1533/1174/1677 
s 2886
f 1534/1175/1678 1537/1178/1681 1528/1169/1672 
s 2887
f 1535/1176/1679 1538/1179/1682 1532/1173/1676 
s 2888
f 1539/1180/1683 1536/1177/1680 1524/1165/1668 
s 2889
f 1531/1172/1675 1540/1181/1684 1534/1175/1678 
s 2890
f 1541/1182/1685 1538/1179/1682 1535/1176/1679 
s 2891
f 1539/1180/1683 1542/1183/1686 1536/1177/1680 
s 2892
f 1543/1184/1687 1540/1181/1684 1531/1172/1675 
s 2893
f 1538/1179/1682 1541/1182/1685 1544/1185/1688 
s 2894
f 1545/1186/1689 1542/1183/1686 1539/1180/1683 
s 2895
f 1546/1187/1690 1540/1181/1684 1543/1184/1687 
s 2896
f 1544/1185/1688 1547/1188/1691 1538/1179/1682 
s 2897
f 1522/1163/1666 1545/1186/1689 1539/1180/1683 
s 2898
f 1539/1180/1683 1524/1165/1668 1522/1163/1666 
s 2899
f 1540/1181/1684 1548/1189/1692 1534/1175/1678 
s 2900
f 1544/1185/1688 1549/1190/1693 1547/1188/1691 
s 2901
f 1550/1191/1694 1545/1186/1689 1522/1163/1666 
s 2902
f 1551/1192/1695 1548/1189/1692 1540/1181/1684 
s 2903
f 1552/1193/1696 1549/1190/1693 1544/1185/1688 
s 2904
f 1550/1191/1694 1522/1163/1666 1529/1170/1673 
s 2905
f 1540/1181/1684 1553/1194/1697 1551/1192/1695 
s 2906
f 1549/1190/1693 1552/1193/1696 1554/1195/1698 
s 2907
f 1555/1196/1699 1550/1191/1694 1529/1170/1673 
s 2908
f 1553/1194/1697 1540/1181/1684 1546/1187/1690 
s 2909
f 1556/1197/1700 1547/1188/1691 1549/1190/1693 
s 2910
f 1529/1170/1673 1557/1198/1701 1555/1196/1699 
s 2911
f 1551/1192/1695 1553/1194/1697 1558/1199/1702 
s 2912
f 1559/1200/1703 1547/1188/1691 1556/1197/1700 
s 2913
f 1532/1173/1676 1557/1198/1701 1529/1170/1673 
s 2914
f 1560/1201/1704 1550/1191/1694 1555/1196/1699 
s 2915
f 1547/1188/1691 1559/1200/1703 1561/1202/1705 
s 2916
f 1532/1173/1676 1561/1202/1705 1557/1198/1701 
s 2917
f 1556/1197/1700 1562/1203/1706 1559/1200/1703 
s 2918
f 1560/1201/1704 1563/1204/1707 1550/1191/1694 
s 2919
f 1538/1179/1682 1561/1202/1705 1532/1173/1676 
s 2920
f 1538/1179/1682 1547/1188/1691 1561/1202/1705 
s 2921
f 1559/1200/1703 1562/1203/1706 1564/1205/1708 
s 2922
f 1550/1191/1694 1563/1204/1707 1545/1186/1689 
s 2923
f 1565/1206/1709 1560/1201/1704 1555/1196/1699 
s 2924
f 1561/1202/1705 1559/1200/1703 1566/1207/1710 
s 2925
f 1559/1200/1703 1564/1205/1708 1566/1207/1710 
s 2926
f 1561/1202/1705 1566/1207/1710 1557/1198/1701 
s 2927
f 1567/1208/1711 1545/1186/1689 1563/1204/1707 
s 2928
f 1557/1198/1701 1568/1209/1712 1555/1196/1699 
s 2929
f 1555/1196/1699 1568/1209/1712 1565/1206/1709 
s 2930
f 1562/1203/1706 1569/1210/1713 1564/1205/1708 
s 2931
f 1557/1198/1701 1566/1207/1710 1568/1209/1712 
s 2932
f 1563/1204/1707 1570/1211/1714 1567/1208/1711 
s 2933
f 1562/1203/1706 1571/1212/1715 1569/1210/1713 
s 2934
f 1564/1205/1708 1569/1210/1713 1572/1213/1716 
s 2935
f 1568/1209/1712 1573/1214/1717 1565/1206/1709 
s 2936
f 1542/1183/1686 1545/1186/1689 1567/1208/1711 
s 2937
f 1564/1205/1708 1572/1213/1716 1574/1215/1718 
s 2938
f 1566/1207/1710 1574/1215/1718 1568/1209/1712 
s 2939
f 1568/1209/1712 1574/1215/1718 1573/1214/1717 
s 2940
f 1567/1208/1711 1575/1216/1719 1542/1183/1686 
s 2941
f 1566/1207/1710 1564/1205/1708 1574/1215/1718 
s 2942
f 1574/1215/1718 1572/1213/1716 1576/1217/1720 
s 2943
f 1574/1215/1718 1576/1217/1720 1573/1214/1717 
s 2944
f 1570/1211/1714 1577/1218/1721 1567/1208/1711 
s 2945
f 1567/1208/1711 1577/1218/1721 1575/1216/1719 
s 2946
f 1542/1183/1686 1575/1216/1719 1578/1219/1722 
s 2947
f 1572/1213/1716 1579/1220/1723 1576/1217/1720 
s 2948
f 1570/1211/1714 1580/1221/1724 1577/1218/1721 
s 2949
f 1578/1219/1722 1536/1177/1680 1542/1183/1686 
s 2950
f 1572/1213/1716 1581/1222/1725 1579/1220/1723 
s 2951
f 1582/1223/1726 1580/1221/1724 1570/1211/1714 
s 2952
f 1575/1216/1719 1583/1224/1727 1578/1219/1722 
s 2953
f 1569/1210/1713 1581/1222/1725 1572/1213/1716 
s 2954
f 1584/1225/1728 1582/1223/1726 1570/1211/1714 
s 2955
f 1577/1218/1721 1585/1226/1729 1575/1216/1719 
s 2956
f 1575/1216/1719 1585/1226/1729 1583/1224/1727 
s 2957
f 1581/1222/1725 1586/1227/1730 1579/1220/1723 
s 2958
f 1587/1228/1731 1582/1223/1726 1584/1225/1728 
s 2959
f 1580/1221/1724 1588/1229/1732 1577/1218/1721 
s 2960
f 1577/1218/1721 1588/1229/1732 1585/1226/1729 
s 2961
f 1579/1220/1723 1586/1227/1730 1589/1230/1733 
s 2962
f 1587/1228/1731 1590/1231/1734 1582/1223/1726 
s 2963
f 1580/1221/1724 1591/1232/1735 1588/1229/1732 
s 2964
f 1579/1220/1723 1589/1230/1733 1592/1233/1736 
s 2965
f 1587/1228/1731 1593/1234/1737 1590/1231/1734 
s 2966
f 1594/1235/1738 1591/1232/1735 1580/1221/1724 
s 2967
f 1582/1223/1726 1594/1235/1738 1580/1221/1724 
s 2968
f 1592/1233/1736 1589/1230/1733 1595/1236/1739 
s 2969
f 1596/1237/1740 1593/1234/1737 1587/1228/1731 
s 2970
f 1582/1223/1726 1590/1231/1734 1597/1238/1741 
s 2971
f 1597/1238/1741 1594/1235/1738 1582/1223/1726 
s 2972
f 1586/1227/1730 1598/1239/1742 1589/1230/1733 
s 2973
f 1596/1237/1740 1599/1240/1743 1593/1234/1737 
s 2974
f 1590/1231/1734 1600/1241/1744 1597/1238/1741 
s 2975
f 1586/1227/1730 1601/1242/1745 1598/1239/1742 
s 2976
f 1596/1237/1740 1565/1206/1709 1599/1240/1743 
s 2977
f 1593/1234/1737 1602/1243/1746 1590/1231/1734 
s 2978
f 1590/1231/1734 1602/1243/1746 1600/1241/1744 
s 2979
f 1603/1244/1747 1601/1242/1745 1586/1227/1730 
s 2980
f 1565/1206/1709 1573/1214/1717 1599/1240/1743 
s 2981
f 1593/1234/1737 1599/1240/1743 1604/1245/1748 
s 2982
f 1593/1234/1737 1604/1245/1748 1602/1243/1746 
s 2983
f 1603/1244/1747 1605/1246/1749 1601/1242/1745 
s 2984
f 1606/1247/1750 1565/1206/1709 1596/1237/1740 
s 2985
f 1599/1240/1743 1573/1214/1717 1604/1245/1748 
s 2986
f 1607/1248/1751 1605/1246/1749 1603/1244/1747 
s 2987
f 1606/1247/1750 1560/1201/1704 1565/1206/1709 
s 2988
f 1606/1247/1750 1596/1237/1740 1584/1225/1728 
s 2989
f 1604/1245/1748 1573/1214/1717 1608/1249/1752 
s 2990
f 1609/1250/1753 1607/1248/1751 1603/1244/1747 
s 2991
f 1606/1247/1750 1584/1225/1728 1560/1201/1704 
s 2992
f 1604/1245/1748 1608/1249/1752 1610/1251/1754 
s 2993
f 1602/1243/1746 1604/1245/1748 1610/1251/1754 
s 2994
f 1611/1252/1755 1607/1248/1751 1609/1250/1753 
s 2995
f 1584/1225/1728 1596/1237/1740 1587/1228/1731 
s 2996
f 1610/1251/1754 1612/1253/1756 1602/1243/1746 
s 2997
f 1571/1212/1715 1611/1252/1755 1609/1250/1753 
s 2998
f 1560/1201/1704 1584/1225/1728 1563/1204/1707 
s 2999
f 1610/1251/1754 1608/1249/1752 1613/1254/1757 
s 3000
f 1610/1251/1754 1613/1254/1757 1612/1253/1756 
s 3001
f 1614/1255/1758 1611/1252/1755 1571/1212/1715 
s 3002
f 1584/1225/1728 1570/1211/1714 1563/1204/1707 
s 3003
f 1608/1249/1752 1576/1217/1720 1613/1254/1757 
s 3004
f 1571/1212/1715 1615/1256/1759 1614/1255/1758 
s 3005
f 1614/1255/1758 1616/1257/1760 1611/1252/1755 
s 3006
f 1612/1253/1756 1613/1254/1757 1617/1258/1761 
s 3007
f 1613/1254/1757 1576/1217/1720 1592/1233/1736 
s 3008
f 1614/1255/1758 1615/1256/1759 1618/1259/1762 
s 3009
f 1616/1257/1760 1619/1260/1763 1611/1252/1755 
s 3010
f 1613/1254/1757 1592/1233/1736 1617/1258/1761 
s 3011
f 1620/1261/1764 1616/1257/1760 1614/1255/1758 
s 3012
f 1618/1259/1762 1620/1261/1764 1614/1255/1758 
s 3013
f 1616/1257/1760 1621/1262/1765 1619/1260/1763 
s 3014
f 1611/1252/1755 1619/1260/1763 1607/1248/1751 
s 3015
f 1612/1253/1756 1617/1258/1761 1622/1263/1766 
s 3016
f 1620/1261/1764 1623/1264/1767 1616/1257/1760 
s 3017
f 1623/1264/1767 1621/1262/1765 1616/1257/1760 
s 3018
f 1621/1262/1765 1624/1265/1768 1619/1260/1763 
s 3019
f 1612/1253/1756 1622/1263/1766 1625/1266/1769 
s 3020
f 1626/1267/1770 1623/1264/1767 1620/1261/1764 
s 3021
f 1623/1264/1767 1627/1268/1771 1621/1262/1765 
s 3022
f 1619/1260/1763 1624/1265/1768 1628/1269/1772 
s 3023
f 1619/1260/1763 1628/1269/1772 1607/1248/1751 
s 3024
f 1626/1267/1770 1627/1268/1771 1623/1264/1767 
s 3025
f 1629/1270/1773 1626/1267/1770 1620/1261/1764 
s 3026
f 1621/1262/1765 1630/1271/1774 1624/1265/1768 
s 3027
f 1607/1248/1751 1628/1269/1772 1605/1246/1749 
s 3028
f 1621/1262/1765 1627/1268/1771 1630/1271/1774 
s 3029
f 1631/1272/1775 1627/1268/1771 1626/1267/1770 
s 3030
f 1624/1265/1768 1630/1271/1774 1632/1273/1776 
s 3031
f 1629/1270/1773 1620/1261/1764 1618/1259/1762 
s 3032
f 1631/1272/1775 1633/1274/1777 1627/1268/1771 
s 3033
f 1634/1275/1778 1626/1267/1770 1629/1270/1773 
s 3034
f 1630/1271/1774 1635/1276/1779 1632/1273/1776 
s 3035
f 1634/1275/1778 1631/1272/1775 1626/1267/1770 
s 3036
f 1627/1268/1771 1633/1274/1777 1636/1277/1780 
s 3037
f 1627/1268/1771 1636/1277/1780 1630/1271/1774 
s 3038
f 1630/1271/1774 1636/1277/1780 1635/1276/1779 
s 3039
f 1632/1273/1776 1635/1276/1779 1637/1278/1781 
s 3040
f 1638/1279/1782 1631/1272/1775 1634/1275/1778 
s 3041
f 1633/1274/1777 1639/1280/1783 1636/1277/1780 
s 3042
f 1629/1270/1773 1640/1281/1784 1634/1275/1778 
s 3043
f 1635/1276/1779 1641/1282/1785 1637/1278/1781 
s 3044
f 1633/1274/1777 1642/1283/1786 1639/1280/1783 
s 3045
f 1629/1270/1773 1643/1284/1787 1640/1281/1784 
s 3046
f 1636/1277/1780 1644/1285/1788 1635/1276/1779 
s 3047
f 1635/1276/1779 1644/1285/1788 1641/1282/1785 
s 3048
f 1637/1278/1781 1641/1282/1785 1645/1286/1789 
s 3049
f 1636/1277/1780 1639/1280/1783 1644/1285/1788 
s 3050
f 1618/1259/1762 1643/1284/1787 1629/1270/1773 
s 3051
f 1634/1275/1778 1640/1281/1784 1646/1287/1790 
s 3052
f 1647/1288/1791 1642/1283/1786 1633/1274/1777 
s 3053
f 1618/1259/1762 1648/1289/1792 1643/1284/1787 
s 3054
f 1646/1287/1790 1649/1290/1793 1634/1275/1778 
s 3055
f 1650/1291/1794 1642/1283/1786 1647/1288/1791 
s 3056
f 1615/1256/1759 1648/1289/1792 1618/1259/1762 
s 3057
f 1640/1281/1784 1651/1292/1795 1646/1287/1790 
s 3058
f 1652/1293/1796 1642/1283/1786 1650/1291/1794 
s 3059
f 1648/1289/1792 1615/1256/1759 1556/1197/1700 
s 3060
f 1643/1284/1787 1653/1294/1797 1640/1281/1784 
s 3061
f 1640/1281/1784 1653/1294/1797 1651/1292/1795 
s 3062
f 1654/1295/1798 1652/1293/1796 1650/1291/1794 
s 3063
f 1556/1197/1700 1615/1256/1759 1562/1203/1706 
s 3064
f 1648/1289/1792 1554/1195/1698 1643/1284/1787 
s 3065
f 1643/1284/1787 1554/1195/1698 1653/1294/1797 
s 3066
f 1655/1296/1799 1652/1293/1796 1654/1295/1798 
s 3067
f 1615/1256/1759 1571/1212/1715 1562/1203/1706 
s 3068
f 1556/1197/1700 1549/1190/1693 1648/1289/1792 
s 3069
f 1648/1289/1792 1549/1190/1693 1554/1195/1698 
s 3070
f 1554/1195/1698 1656/1297/1800 1653/1294/1797 
s 3071
f 1654/1295/1798 1650/1291/1794 1657/1298/1801 
s 3072
f 1653/1294/1797 1658/1299/1802 1651/1292/1795 
s 3073
f 1571/1212/1715 1609/1250/1753 1569/1210/1713 
s 3074
f 1653/1294/1797 1656/1297/1800 1658/1299/1802 
s 3075
f 1657/1298/1801 1650/1291/1794 1659/1300/1803 
s 3076
f 1651/1292/1795 1658/1299/1802 1660/1301/1804 
s 3077
f 1569/1210/1713 1609/1250/1753 1581/1222/1725 
s 3078
f 1659/1300/1803 1661/1302/1805 1657/1298/1801 
s 3079
f 1651/1292/1795 1660/1301/1804 1662/1303/1806 
s 3080
f 1663/1304/1807 1658/1299/1802 1656/1297/1800 
s 3081
f 1664/1305/1808 1661/1302/1805 1659/1300/1803 
s 3082
f 1646/1287/1790 1651/1292/1795 1662/1303/1806 
s 3083
f 1665/1306/1809 1658/1299/1802 1663/1304/1807 
s 3084
f 1658/1299/1802 1665/1306/1809 1660/1301/1804 
s 3085
f 1661/1302/1805 1664/1305/1808 1666/1307/1810 
s 3086
f 1662/1303/1806 1667/1308/1811 1646/1287/1790 
s 3087
f 1663/1304/1807 1656/1297/1800 1668/1309/1812 
s 3088
f 1662/1303/1806 1660/1301/1804 1669/1310/1813 
s 3089
f 1666/1307/1810 1664/1305/1808 1670/1311/1814 
s 3090
f 1671/1312/1815 1665/1306/1809 1663/1304/1807 
s 3091
f 1669/1310/1813 1672/1313/1816 1662/1303/1806 
s 3092
f 1662/1303/1806 1672/1313/1816 1667/1308/1811 
s 3093
f 1664/1305/1808 1673/1314/1817 1670/1311/1814 
s 3094
f 1660/1301/1804 1665/1306/1809 1674/1315/1818 
s 3095
f 1660/1301/1804 1674/1315/1818 1669/1310/1813 
s 3096
f 1672/1313/1816 1675/1316/1819 1667/1308/1811 
s 3097
f 1667/1308/1811 1675/1316/1819 1673/1314/1817 
s 3098
f 1670/1311/1814 1673/1314/1817 1675/1316/1819 
s 3099
f 1676/1317/1820 1674/1315/1818 1665/1306/1809 
s 3100
f 1676/1317/1820 1665/1306/1809 1671/1312/1815 
s 3101
f 1672/1313/1816 1677/1318/1821 1675/1316/1819 
s 3102
f 1675/1316/1819 1678/1319/1822 1670/1311/1814 
s 3103
f 1669/1310/1813 1674/1315/1818 1679/1320/1823 
s 3104
f 1679/1320/1823 1674/1315/1818 1676/1317/1820 
s 3105
f 1680/1321/1824 1677/1318/1821 1672/1313/1816 
s 3106
f 1677/1318/1821 1678/1319/1822 1675/1316/1819 
s 3107
f 1672/1313/1816 1669/1310/1813 1680/1321/1824 
s 3108
f 1680/1321/1824 1669/1310/1813 1679/1320/1823 
s 3109
f 1678/1319/1822 1681/1322/1825 1670/1311/1814 
s 3110
f 1678/1319/1822 1677/1318/1821 1682/1323/1826 
s 3111
f 1683/1324/1827 1676/1317/1820 1671/1312/1815 
s 3112
f 1676/1317/1820 1684/1325/1828 1679/1320/1823 
s 3113
f 1670/1311/1814 1681/1322/1825 1666/1307/1810 
s 3114
f 1682/1323/1826 1685/1326/1829 1678/1319/1822 
s 3115
f 1684/1325/1828 1676/1317/1820 1683/1324/1827 
s 3116
f 1679/1320/1823 1684/1325/1828 1686/1327/1830 
s 3117
f 1678/1319/1822 1685/1326/1829 1681/1322/1825 
s 3118
f 1682/1323/1826 1677/1318/1821 1687/1328/1831 
s 3119
f 1680/1321/1824 1679/1320/1823 1688/1329/1832 
s 3120
f 1688/1329/1832 1679/1320/1823 1686/1327/1830 
s 3121
f 1682/1323/1826 1689/1330/1833 1685/1326/1829 
s 3122
f 1680/1321/1824 1688/1329/1832 1677/1318/1821 
s 3123
f 1677/1318/1821 1688/1329/1832 1687/1328/1831 
s 3124
f 1684/1325/1828 1537/1178/1681 1686/1327/1830 
s 3125
f 1685/1326/1829 1689/1330/1833 1690/1331/1834 
s 3126
f 1687/1328/1831 1691/1332/1835 1682/1323/1826 
s 3127
f 1537/1178/1681 1684/1325/1828 1692/1333/1836 
s 3128
f 1686/1327/1830 1693/1334/1837 1688/1329/1832 
s 3129
f 1682/1323/1826 1691/1332/1835 1689/1330/1833 
s 3130
f 1686/1327/1830 1537/1178/1681 1693/1334/1837 
s 3131
f 1692/1333/1836 1684/1325/1828 1683/1324/1827 
s 3132
f 1688/1329/1832 1694/1335/1838 1687/1328/1831 
s 3133
f 1687/1328/1831 1694/1335/1838 1691/1332/1835 
s 3134
f 1528/1169/1672 1537/1178/1681 1692/1333/1836 
s 3135
f 1688/1329/1832 1693/1334/1837 1694/1335/1838 
s 3136
f 1683/1324/1827 1695/1336/1839 1692/1333/1836 
s 3137
f 1691/1332/1835 1696/1337/1840 1689/1330/1833 
s 3138
f 1534/1175/1678 1693/1334/1837 1537/1178/1681 
s 3139
f 1697/1338/1841 1695/1336/1839 1683/1324/1827 
s 3140
f 1696/1337/1840 1691/1332/1835 1698/1339/1842 
s 3141
f 1698/1339/1842 1691/1332/1835 1694/1335/1838 
s 3142
f 1699/1340/1843 1694/1335/1838 1693/1334/1837 
s 3143
f 1671/1312/1815 1697/1338/1841 1683/1324/1827 
s 3144
f 1689/1330/1833 1696/1337/1840 1700/1341/1844 
s 3145
f 1698/1339/1842 1694/1335/1838 1699/1340/1843 
s 3146
f 1701/1342/1845 1697/1338/1841 1671/1312/1815 
s 3147
f 1689/1330/1833 1700/1341/1844 1690/1331/1834 
s 3148
f 1702/1343/1846 1698/1339/1842 1699/1340/1843 
s 3149
f 1701/1342/1845 1703/1344/1847 1697/1338/1841 
s 3150
f 1671/1312/1815 1663/1304/1807 1701/1342/1845 
s 3151
f 1690/1331/1834 1700/1341/1844 1704/1345/1848 
s 3152
f 1699/1340/1843 1693/1334/1837 1551/1192/1695 
s 3153
f 1703/1344/1847 1705/1346/1849 1697/1338/1841 
s 3154
f 1706/1347/1850 1703/1344/1847 1701/1342/1845 
s 3155
f 1700/1341/1844 1707/1348/1851 1704/1345/1848 
s 3156
f 1551/1192/1695 1693/1334/1837 1548/1189/1692 
s 3157
f 1706/1347/1850 1708/1349/1852 1703/1344/1847 
s 3158
f 1707/1348/1851 1700/1341/1844 1709/1350/1853 
s 3159
f 1558/1199/1854 1699/1340/1843 1551/1192/1695 
s 3160
f 1548/1189/1692 1693/1334/1837 1534/1175/1678 
s 3161
f 1704/1345/1848 1707/1348/1851 1710/1351/1855 
s 3162
f 1702/1343/1846 1699/1340/1843 1558/1199/1854 
s 3163
f 1709/1350/1853 1700/1341/1844 1696/1337/1840 
s 3164
f 1708/1349/1852 1711/1352/1856 1703/1344/1847 
s 3165
f 1712/1353/1857 1702/1343/1846 1558/1199/1854 
s 3166
f 1713/1354/1858 1707/1348/1851 1709/1350/1853 
s 3167
f 1708/1349/1852 1504/1145/1648 1711/1352/1856 
s 3168
f 1714/1355/1859 1702/1343/1846 1712/1353/1857 
s 3169
f 1715/1356/1860 1707/1348/1851 1713/1354/1858 
s 3170
f 1707/1348/1851 1715/1356/1860 1710/1351/1855 
s 3171
f 1504/1145/1648 1489/1130/1633 1711/1352/1856 
s 3172
f 1714/1355/1859 1716/1357/1861 1702/1343/1846 
s 3173
f 1709/1350/1853 1696/1337/1840 1716/1357/1861 
s 3174
f 1710/1351/1855 1715/1356/1860 1717/1358/1862 
s 3175
f 1711/1352/1856 1489/1130/1633 1718/1359/1863 
s 3176
f 1713/1354/1858 1709/1350/1853 1719/1360/1864 
s 3177
f 1719/1360/1864 1716/1357/1861 1714/1355/1859 
s 3178
f 1715/1356/1860 1720/1361/1865 1717/1358/1862 
s 3179
f 1489/1130/1633 1482/1123/1626 1718/1359/1863 
s 3180
f 1719/1360/1864 1709/1350/1853 1716/1357/1861 
s 3181
f 1713/1354/1858 1721/1362/1866 1715/1356/1860 
s 3182
f 1715/1356/1860 1721/1362/1866 1720/1361/1865 
s 3183
f 1718/1359/1863 1482/1123/1626 1485/1126/1629 
s 3184
f 1722/1363/1867 1719/1360/1864 1714/1355/1859 
s 3185
f 1721/1362/1866 1713/1354/1858 1723/1364/1868 
s 3186
f 1718/1359/1863 1485/1126/1629 1525/1166/1669 
s 3187
f 1723/1364/1868 1719/1360/1864 1722/1363/1867 
s 3188
f 1714/1355/1859 1724/1365/1869 1722/1363/1867 
s 3189
f 1723/1364/1868 1713/1354/1858 1719/1360/1864 
s 3190
f 1705/1346/1849 1718/1359/1863 1525/1166/1669 
s 3191
f 1712/1353/1857 1724/1365/1869 1714/1355/1859 
s 3192
f 1725/1366/1870 1723/1364/1868 1722/1363/1867 
s 3193
f 1705/1346/1849 1525/1166/1669 1695/1336/1839 
s 3194
f 1711/1352/1856 1718/1359/1863 1705/1346/1849 
s 3195
f 1726/1367/1871 1722/1363/1867 1724/1365/1869 
s 3196
f 1725/1366/1870 1722/1363/1867 1726/1367/1871 
s 3197
f 1525/1166/1669 1485/1126/1629 1727/1368/1872 
s 3198
f 1703/1344/1847 1711/1352/1856 1705/1346/1849 
s 3199
f 1728/1369/1873 1723/1364/1868 1725/1366/1870 
s 3200
f 1727/1368/1872 1521/1162/1665 1525/1166/1669 
s 3201
f 1485/1126/1629 1729/1370/1874 1727/1368/1872 
s 3202
f 1697/1338/1841 1705/1346/1849 1695/1336/1839 
s 3203
f 1730/1371/1875 1728/1369/1873 1725/1366/1870 
s 3204
f 1485/1126/1629 1477/1118/1621 1729/1370/1874 
s 3205
f 1521/1162/1665 1727/1368/1872 1503/1144/1647 
s 3206
f 1731/1372/1876 1728/1369/1873 1730/1371/1875 
s 3207
f 1730/1371/1875 1725/1366/1870 1732/1373/1877 
s 3208
f 1477/1118/1621 1469/1110/1613 1729/1370/1874 
s 3209
f 1510/1151/1654 1521/1162/1665 1503/1144/1647 
s 3210
f 1731/1372/1876 1733/1374/1878 1728/1369/1873 
s 3211
f 1732/1373/1877 1725/1366/1870 1726/1367/1871 
s 3212
f 1729/1370/1874 1469/1110/1613 1474/1115/1618 
s 3213
f 1734/1375/1879 1733/1374/1878 1731/1372/1876 
s 3214
f 1733/1374/1878 1721/1362/1866 1728/1369/1873 
s 3215
f 1503/1144/1647 1494/1135/1638 1491/1132/1635 
s 3216
f 1729/1370/1874 1474/1115/1618 1494/1135/1638 
s 3217
f 1734/1375/1879 1735/1376/1880 1733/1374/1878 
s 3218
f 1728/1369/1873 1721/1362/1866 1723/1364/1868 
s 3219
f 1727/1368/1872 1729/1370/1874 1494/1135/1638 
s 3220
f 1503/1144/1647 1727/1368/1872 1494/1135/1638 
s 3221
f 1494/1135/1638 1474/1115/1618 1484/1125/1628 
s 3222
f 1721/1362/1866 1733/1374/1878 1720/1361/1865 
s 3223
f 1720/1361/1865 1733/1374/1878 1735/1376/1880 
s 3224
f 1736/1377/1881 1735/1376/1880 1734/1375/1879 
s 3225
f 1720/1361/1865 1735/1376/1880 1737/1378/1882 
s 3226
f 1736/1377/1881 1738/1379/1883 1735/1376/1880 
s 3227
f 1737/1378/1882 1735/1376/1880 1738/1379/1883 
s 3228
f 1717/1358/1862 1720/1361/1865 1737/1378/1882 
s 3229
f 1739/1380/1884 1738/1379/1883 1736/1377/1881 
s 3230
f 1740/1381/1885 1741/1382/1886 1742/1383/1887 
s 3231
f 1742/1383/1887 1743/1384/1888 1740/1381/1885 
s 3232
f 1742/1383/1887 1741/1382/1886 1744/1385/1889 
s 3233
f 1740/1381/1885 1743/1384/1888 1745/1386/1890 
s 3234
f 1741/1382/1886 1746/1387/1891 1744/1385/1889 
s 3235
f 1740/1381/1885 1747/1388/1892 1741/1382/1886 
s 3236
f 1743/1384/1888 957/1389/1893 1745/1386/1890 
s 3237
f 1744/1385/1889 1746/1387/1891 1748/1390/1894 
s 3238
f 1749/1391/1895 1747/1388/1892 1740/1381/1885 
s 3239
f 1747/1388/1892 1750/1392/1896 1741/1382/1886 
s 3240
f 1740/1381/1885 1745/1386/1890 1749/1391/1895 
s 3241
f 1745/1386/1890 957/1389/1893 1751/1393/1897 
s 3242
f 1741/1382/1886 1750/1392/1896 1746/1387/1891 
s 3243
f 1749/1391/1895 1752/1394/1898 1747/1388/1892 
s 3244
f 1749/1391/1895 1745/1386/1890 1753/1395/1899 
s 3245
f 1754/1396/1900 1745/1386/1890 1751/1393/1897 
s 3246
f 1750/1392/1896 1755/1397/1901 1746/1387/1891 
s 3247
f 1750/1392/1896 1747/1388/1892 1546/1187/1690 
s 3248
f 1753/1395/1899 1745/1386/1890 1754/1396/1900 
s 3249
f 1546/1187/1690 1747/1388/1892 1752/1394/1898 
s 3250
f 1746/1387/1891 1755/1397/1901 1756/1398/1902 
s 3251
f 1746/1387/1891 1756/1398/1902 1748/1390/1894 
s 3252
f 1757/1399/1903 1753/1395/1899 1754/1396/1900 
s 3253
f 1752/1394/1898 1553/1194/1697 1546/1187/1690 
s 3254
f 1755/1397/1901 1515/1156/1659 1756/1398/1902 
s 3255
f 1758/1400/1904 1753/1395/1899 1757/1399/1903 
s 3256
f 1759/1401/1905 1553/1194/1697 1752/1394/1898 
s 3257
f 1755/1397/1901 1750/1392/1896 1543/1184/1687 
s 3258
f 1755/1397/1901 1543/1184/1687 1515/1156/1659 
s 3259
f 1543/1184/1687 1750/1392/1896 1546/1187/1690 
s 3260
f 1760/1402/1906 1758/1400/1904 1757/1399/1903 
s 3261
f 1761/1403/1907 1759/1401/1905 1752/1394/1898 
s 3262
f 1761/1403/1907 1753/1395/1899 1758/1400/1904 
s 3263
f 1515/1156/1659 1543/1184/1687 1531/1172/1675 
s 3264
f 1762/1404/1908 1758/1400/1904 1760/1402/1906 
s 3265
f 1761/1403/1907 1752/1394/1898 1749/1391/1895 
s 3266
f 1749/1391/1895 1753/1395/1899 1761/1403/1907 
s 3267
f 1518/1159/1662 1515/1156/1659 1531/1172/1675 
s 3268
f 1761/1403/1907 1758/1400/1904 1763/1405/1909 
s 3269
f 1763/1405/1909 1758/1400/1904 1762/1404/1908 
s 3270
f 1763/1405/1909 1759/1401/1905 1761/1403/1907 
s 3271
f 1760/1402/1906 1732/1373/1910 1762/1404/1908 
s 3272
f 1756/1398/1902 1515/1156/1659 1507/1148/1651 
s 3273
f 1759/1401/1905 1763/1405/1909 1712/1353/1911 
s 3274
f 1762/1404/1908 1732/1373/1910 1726/1367/1912 
s 3275
f 1756/1398/1902 1507/1148/1651 1764/1406/1913 
s 3276
f 1558/1199/1702 1759/1401/1905 1712/1353/1911 
s 3277
f 1763/1405/1909 1762/1404/1908 1724/1365/1914 
s 3278
f 1724/1365/1914 1762/1404/1908 1726/1367/1912 
s 3279
f 1764/1406/1913 1507/1148/1651 1505/1146/1649 
s 3280
f 1553/1194/1697 1759/1401/1905 1558/1199/1702 
s 3281
f 1712/1353/1911 1763/1405/1909 1724/1365/1914 
s 3282
f 1748/1390/1894 1756/1398/1902 1764/1406/1913 
s 3283
f 1576/1217/1720 1579/1220/1723 1592/1233/1736 
s 3284
f 1573/1214/1717 1576/1217/1720 1608/1249/1752 
s 3285
f 1617/1258/1761 1592/1233/1736 1595/1236/1739 
s 3286
f 1617/1258/1761 1595/1236/1739 1765/1407/1915 
s 3287
f 1622/1263/1766 1617/1258/1761 1765/1407/1915 
s 3288
f 1765/1407/1915 1595/1236/1739 1766/1408/1916 
s 3289
f 1595/1236/1739 1767/1409/1917 1766/1408/1916 
s 3290
f 1589/1230/1733 1767/1409/1917 1595/1236/1739 
s 3291
f 1589/1230/1733 1598/1239/1742 1767/1409/1917 
s 3292
f 1625/1266/1769 1622/1263/1766 1768/1410/1918 
s 3293
f 1768/1410/1918 1769/1411/1919 1625/1266/1769 
s 3294
f 1625/1266/1769 1769/1411/1919 1770/1412/1920 
s 3295
f 1625/1266/1769 1770/1412/1920 1602/1243/1746 
s 3296
f 1770/1412/1920 1769/1411/1919 1771/1413/1921 
s 3297
f 1602/1243/1746 1612/1253/1756 1625/1266/1769 
s 3298
f 1772/1414/1922 1770/1412/1920 1771/1413/1921 
s 3299
f 1771/1413/1921 1769/1411/1919 1773/1415/1923 
s 3300
f 1602/1243/1746 1770/1412/1920 1600/1241/1744 
s 3301
f 1600/1241/1744 1770/1412/1920 1772/1414/1922 
s 3302
f 1771/1413/1921 1773/1415/1923 1774/1416/1924 
s 3303
f 1597/1238/1741 1600/1241/1744 1772/1414/1922 
s 3304
f 1772/1414/1922 1771/1413/1921 1775/1417/1925 
s 3305
f 1775/1417/1925 1771/1413/1921 1774/1416/1924 
s 3306
f 1774/1416/1924 1773/1415/1923 1776/1418/1926 
s 3307
f 1597/1238/1741 1772/1414/1922 1594/1235/1738 
s 3308
f 1594/1235/1738 1772/1414/1922 1775/1417/1925 
s 3309
f 1774/1416/1924 1777/1419/1927 1775/1417/1925 
s 3310
f 1776/1418/1926 1778/1420/1928 1774/1416/1924 
s 3311
f 1774/1416/1924 1778/1420/1928 1777/1419/1927 
s 3312
f 1775/1417/1925 1779/1421/1929 1594/1235/1738 
s 3313
f 1775/1417/1925 1777/1419/1927 1779/1421/1929 
s 3314
f 1778/1420/1928 1780/1422/1930 1777/1419/1927 
s 3315
f 1594/1235/1738 1779/1421/1929 1591/1232/1735 
s 3316
f 1777/1419/1927 1780/1422/1930 1781/1423/1931 
s 3317
f 1777/1419/1927 1781/1423/1931 1779/1421/1929 
s 3318
f 1779/1421/1929 1782/1424/1932 1591/1232/1735 
s 3319
f 1779/1421/1929 1781/1423/1931 1782/1424/1932 
s 3320
f 1780/1422/1930 1783/1425/1933 1781/1423/1931 
s 3321
f 1591/1232/1735 1782/1424/1932 1784/1426/1934 
s 3322
f 1781/1423/1931 1783/1425/1933 1785/1427/1935 
s 3323
f 1781/1423/1931 1785/1427/1935 1782/1424/1932 
s 3324
f 1591/1232/1735 1784/1426/1934 1588/1229/1732 
s 3325
f 1783/1425/1933 1786/1428/1936 1785/1427/1935 
s 3326
f 1782/1424/1932 1785/1427/1935 1787/1429/1937 
s 3327
f 1782/1424/1932 1787/1429/1937 1784/1426/1934 
s 3328
f 1588/1229/1732 1784/1426/1934 1788/1430/1938 
s 3329
f 1785/1427/1935 1786/1428/1936 1789/1431/1939 
s 3330
f 1785/1427/1935 1789/1431/1939 1787/1429/1937 
s 3331
f 1588/1229/1732 1788/1430/1938 1585/1226/1729 
s 3332
f 1784/1426/1934 1787/1429/1937 1790/1432/1940 
s 3333
f 1786/1428/1936 1791/1433/1941 1789/1431/1939 
s 3334
f 1784/1426/1934 1790/1432/1940 1788/1430/1938 
s 3335
f 1585/1226/1729 1788/1430/1938 1792/1434/1942 
s 3336
f 1787/1429/1937 1793/1435/1943 1790/1432/1940 
s 3337
f 1789/1431/1939 1791/1433/1941 1794/1436/1944 
s 3338
f 1585/1226/1729 1792/1434/1942 1583/1224/1727 
s 3339
f 1787/1429/1937 1789/1431/1939 1793/1435/1943 
s 3340
f 1790/1432/1940 1793/1435/1943 1795/1437/1945 
s 3341
f 1789/1431/1939 1794/1436/1944 1793/1435/1943 
s 3342
f 1791/1433/1941 1796/1438/1946 1794/1436/1944 
s 3343
f 1583/1224/1727 1792/1434/1942 1797/1439/1947 
s 3344
f 1795/1437/1945 1798/1440/1948 1790/1432/1940 
s 3345
f 1788/1430/1938 1790/1432/1940 1798/1440/1948 
s 3346
f 1794/1436/1944 1796/1438/1946 1799/1441/1949 
s 3347
f 1798/1440/1948 1792/1434/1942 1788/1430/1938 
s 3348
f 1583/1224/1727 1797/1439/1947 1800/1442/1950 
s 3349
f 1794/1436/1944 1799/1441/1949 1801/1443/1951 
s 3350
f 1793/1435/1943 1801/1443/1951 1795/1437/1945 
s 3351
f 1802/1444/1952 1792/1434/1942 1798/1440/1948 
s 3352
f 1792/1434/1942 1802/1444/1952 1797/1439/1947 
s 3353
f 1793/1435/1943 1794/1436/1944 1801/1443/1951 
s 3354
f 1801/1443/1951 1799/1441/1949 1803/1445/1953 
s 3355
f 1804/1446/1954 1798/1440/1948 1795/1437/1945 
s 3356
f 1798/1440/1948 1804/1446/1954 1802/1444/1952 
s 3357
f 1800/1442/1950 1797/1439/1947 1805/1447/1955 
s 3358
f 1803/1445/1953 1799/1441/1949 1806/1448/1956 
s 3359
f 1795/1437/1945 1801/1443/1951 1807/1449/1957 
s 3360
f 1795/1437/1945 1807/1449/1957 1804/1446/1954 
s 3361
f 1797/1439/1947 1802/1444/1952 1808/1450/1958 
s 3362
f 1801/1443/1951 1803/1445/1953 1807/1449/1957 
s 3363
f 1797/1439/1947 1808/1450/1958 1805/1447/1955 
s 3364
f 1803/1445/1953 1806/1448/1956 1809/1451/1959 
s 3365
f 1802/1444/1952 1804/1446/1954 1810/1452/1960 
s 3366
f 1807/1449/1957 1803/1445/1953 1809/1451/1959 
s 3367
f 1802/1444/1952 1810/1452/1960 1808/1450/1958 
s 3368
f 1805/1447/1955 1808/1450/1958 1811/1453/1961 
s 3369
f 1804/1446/1954 1807/1449/1957 1812/1454/1962 
s 3370
f 1807/1449/1957 1809/1451/1959 1812/1454/1962 
s 3371
f 1809/1451/1959 1806/1448/1956 1813/1455/1963 
s 3372
f 1804/1446/1954 1812/1454/1962 1810/1452/1960 
s 3373
f 1808/1450/1958 1810/1452/1960 1814/1456/1964 
s 3374
f 1808/1450/1958 1814/1456/1964 1811/1453/1961 
s 3375
f 1812/1454/1962 1809/1451/1959 1815/1457/1965 
s 3376
f 1813/1455/1963 1815/1457/1965 1809/1451/1959 
s 3377
f 1806/1448/1956 1816/1458/1966 1813/1455/1963 
s 3378
f 1810/1452/1960 1812/1454/1962 1817/1459/1967 
s 3379
f 1810/1452/1960 1817/1459/1967 1814/1456/1964 
s 3380
f 1812/1454/1962 1815/1457/1965 1817/1459/1967 
s 3381
f 1811/1453/1961 1814/1456/1964 1818/1460/1968 
s 3382
f 1819/1461/1969 1816/1458/1966 1806/1448/1956 
s 3383
f 1820/1462/1970 1815/1457/1965 1813/1455/1963 
s 3384
f 1811/1453/1961 1818/1460/1968 1821/1463/1971 
s 3385
f 1816/1458/1966 1819/1461/1969 1639/1464/1972 
s 3386
f 1822/1465/1973 1815/1457/1965 1820/1462/1970 
s 3387
f 1823/1466/1974 1811/1453/1961 1821/1463/1971 
s 3388
f 1642/1467/1975 1816/1458/1966 1639/1464/1972 
s 3389
f 1824/1468/1976 1815/1457/1965 1822/1465/1973 
s 3390
f 1817/1459/1967 1815/1457/1965 1824/1468/1976 
s 3391
f 1805/1447/1955 1811/1453/1961 1823/1466/1974 
s 3392
f 1825/1469/1977 1816/1458/1966 1642/1467/1975 
s 3393
f 1813/1455/1963 1825/1469/1977 1820/1462/1970 
s 3394
f 1817/1459/1967 1824/1468/1976 1826/1470/1978 
s 3395
f 1827/1471/1979 1805/1447/1955 1823/1466/1974 
s 3396
f 1816/1458/1966 1825/1469/1977 1813/1455/1963 
s 3397
f 1814/1456/1964 1817/1459/1967 1826/1470/1978 
s 3398
f 1800/1442/1950 1805/1447/1955 1827/1471/1979 
s 3399
f 1827/1471/1979 1823/1466/1974 1828/1472/1980 
s 3400
f 1825/1469/1977 1642/1467/1975 1829/1473/1981 
s 3401
f 1826/1470/1978 1824/1468/1976 1830/1474/1982 
s 3402
f 1827/1471/1979 1831/1475/1983 1800/1442/1950 
s 3403
f 1832/1476/1984 1825/1469/1977 1829/1473/1981 
s 3404
f 1826/1470/1978 1830/1474/1982 1833/1477/1985 
s 3405
f 1831/1475/1983 1827/1471/1979 1834/1478/1986 
s 3406
f 1834/1478/1986 1827/1471/1979 1828/1472/1980 
s 3407
f 1835/1479/1987 1825/1469/1977 1832/1476/1984 
s 3408
f 1833/1477/1985 1830/1474/1982 1836/1480/1988 
s 3409
f 1834/1478/1986 1828/1472/1980 1837/1481/1989 
s 3410
f 1832/1476/1984 1838/1482/1990 1835/1479/1987 
s 3411
f 1833/1477/1985 1836/1480/1988 1839/1483/1991 
s 3412
f 1530/1171/1674 1834/1478/1986 1837/1481/1989 
s 3413
f 1832/1476/1984 1840/1484/1992 1838/1482/1990 
s 3414
f 1818/1460/1968 1826/1470/1978 1833/1477/1985 
s 3415
f 1533/1174/1677 1834/1478/1986 1530/1171/1674 
s 3416
f 1841/1485/1993 1840/1484/1992 1832/1476/1984 
s 3417
f 1814/1456/1964 1826/1470/1978 1818/1460/1968 
s 3418
f 1834/1478/1986 1533/1174/1677 1831/1475/1983 
s 3419
f 1832/1476/1984 1829/1473/1981 1841/1485/1993 
s 3420
f 1840/1484/1992 1842/1486/1994 1838/1482/1990 
s 3421
f 1818/1460/1968 1833/1477/1985 1843/1487/1995 
s 3422
f 1831/1475/1983 1533/1174/1677 1536/1177/1680 
s 3423
f 1841/1485/1993 1829/1473/1981 1844/1488/1996 
s 3424
f 1821/1463/1971 1818/1460/1968 1843/1487/1995 
s 3425
f 1831/1475/1983 1536/1177/1680 1578/1219/1722 
s 3426
f 1843/1487/1995 1833/1477/1985 1839/1483/1991 
s 3427
f 1829/1473/1981 1652/1489/1997 1844/1488/1996 
s 3428
f 1800/1442/1950 1831/1475/1983 1578/1219/1722 
s 3429
f 1839/1483/1991 1845/1490/1998 1843/1487/1995 
s 3430
f 1829/1473/1981 1642/1467/1975 1652/1489/1997 
s 3431
f 1578/1219/1722 1583/1224/1727 1800/1442/1950 
s 3432
f 1844/1488/1996 1652/1489/1997 1655/1491/1999 
s 3433
f 1821/1463/1971 1843/1487/1995 1846/1492/2000 
s 3434
f 1846/1492/2000 1843/1487/1995 1845/1490/1998 
s 3435
f 1847/1493/2001 1845/1490/1998 1839/1483/1991 
s 3436
f 1848/1494/2002 1821/1463/1971 1846/1492/2000 
s 3437
f 1839/1483/1991 1836/1480/1988 1847/1493/2001 
s 3438
f 1846/1492/2000 1845/1490/1998 1849/1495/2003 
s 3439
f 1848/1494/2002 1846/1492/2000 1850/1496/2004 
s 3440
f 1823/1466/1974 1821/1463/1971 1848/1494/2002 
s 3441
f 1847/1493/2001 1836/1480/1988 1851/1497/2005 
s 3442
f 1850/1496/2004 1846/1492/2000 1849/1495/2003 
s 3443
f 1828/1472/1980 1823/1466/1974 1848/1494/2002 
s 3444
f 1847/1493/2001 1852/1498/2006 1845/1490/1998 
s 3445
f 1853/1499/2007 1848/1494/2002 1850/1496/2004 
s 3446
f 1849/1495/2003 1845/1490/1998 1852/1498/2006 
s 3447
f 1828/1472/1980 1848/1494/2002 1853/1499/2007 
s 3448
f 1851/1497/2005 1836/1480/1988 1854/1500/2008 
s 3449
f 1849/1495/2003 1852/1498/2006 1855/1501/2009 
s 3450
f 1837/1481/1989 1828/1472/1980 1853/1499/2007 
s 3451
f 1851/1497/2005 1854/1500/2008 1856/1502/2010 
s 3452
f 1850/1496/2004 1849/1495/2003 1857/1503/2011 
s 3453
f 1857/1503/2011 1849/1495/2003 1855/1501/2009 
s 3454
f 1837/1481/1989 1853/1499/2007 1858/1504/2012 
s 3455
f 1836/1480/1988 1830/1474/1982 1854/1500/2008 
s 3456
f 1855/1501/2009 1859/1505/2013 1857/1503/2011 
s 3457
f 1517/1158/1661 1837/1481/1989 1858/1504/2012 
s 3458
f 1853/1499/2007 1850/1496/2004 1860/1506/2014 
s 3459
f 1861/1507/2015 1859/1505/2013 1855/1501/2009 
s 3460
f 1860/1506/2014 1850/1496/2004 1857/1503/2011 
s 3461
f 1530/1171/1674 1837/1481/1989 1517/1158/1661 
s 3462
f 1858/1504/2012 1853/1499/2007 1860/1506/2014 
s 3463
f 1855/1501/2009 1862/1508/2016 1861/1507/2015 
s 3464
f 1520/1161/1664 1530/1171/1674 1517/1158/1661 
s 3465
f 1858/1504/2012 1860/1506/2014 1499/1140/1643 
s 3466
f 1855/1501/2009 1852/1498/2006 1862/1508/2016 
s 3467
f 1861/1507/2015 1863/1509/2017 1859/1505/2013 
s 3468
f 1517/1158/1661 1858/1504/2012 1514/1155/1658 
s 3469
f 1514/1155/1658 1858/1504/2012 1499/1140/1643 
s 3470
f 1852/1498/2006 1864/1510/2018 1862/1508/2016 
s 3471
f 1863/1509/2017 1861/1507/2015 1865/1511/2019 
s 3472
f 1514/1155/1658 1499/1140/1643 1496/1137/1640 
s 3473
f 1864/1510/2018 1852/1498/2006 1847/1493/2001 
s 3474
f 1859/1505/2013 1863/1509/2017 1866/1512/2020 
s 3475
f 1509/1150/1653 1514/1155/1658 1496/1137/1640 
s 3476
f 1847/1493/2001 1867/1513/2021 1864/1510/2018 
s 3477
f 1859/1505/2013 1866/1512/2020 1868/1514/2022 
s 3478
f 1509/1150/1653 1496/1137/1640 1500/1141/1644 
s 3479
f 1851/1497/2005 1867/1513/2021 1847/1493/2001 
s 3480
f 1868/1514/2022 1857/1503/2011 1859/1505/2013 
s 3481
f 1868/1514/2022 1866/1512/2020 1869/1515/2023 
s 3482
f 1864/1510/2018 1867/1513/2021 1870/1516/2024 
s 3483
f 1856/1502/2010 1867/1513/2021 1851/1497/2005 
s 3484
f 1860/1506/2014 1857/1503/2011 1868/1514/2022 
s 3485
f 1493/1134/1637 1868/1514/2022 1869/1515/2023 
s 3486
f 1870/1516/2024 1867/1513/2021 1871/1517/2025 
s 3487
f 1872/1518/2026 1867/1513/2021 1856/1502/2010 
s 3488
f 1499/1140/1643 1860/1506/2014 1868/1514/2022 
s 3489
f 1499/1140/1643 1868/1514/2022 1493/1134/1637 
s 3490
f 1870/1516/2024 1871/1517/2025 1873/1519/2027 
s 3491
f 1867/1513/2021 1872/1518/2026 1871/1517/2025 
s 3492
f 1856/1502/2010 1874/1520/2028 1872/1518/2026 
s 3493
f 1493/1134/1637 1869/1515/2023 1490/1131/1634 
s 3494
f 1873/1519/2027 1871/1517/2025 1875/1521/2029 
s 3495
f 1876/1522/2030 1874/1520/2028 1856/1502/2010 
s 3496
f 1872/1518/2026 1874/1520/2028 1877/1523/2031 
s 3497
f 1490/1131/1634 1869/1515/2023 1878/1524/2032 
s 3498
f 1871/1517/2025 1877/1523/2031 1875/1521/2029 
s 3499
f 1879/1525/2033 1876/1522/2030 1856/1502/2010 
s 3500
f 1871/1517/2025 1872/1518/2026 1877/1523/2031 
s 3501
f 1869/1515/2023 1880/1526/2034 1878/1524/2032 
s 3502
f 1881/1527/2035 1876/1522/2030 1879/1525/2033 
s 3503
f 1856/1502/2010 1854/1500/2008 1879/1525/2033 
s 3504
f 1875/1521/2029 1877/1523/2031 1882/1528/2036 
s 3505
f 1490/1131/1634 1878/1524/2032 1487/1128/1631 
s 3506
f 1876/1522/2030 1881/1527/2035 1883/1529/2037 
s 3507
f 1882/1528/2036 1884/1530/2038 1875/1521/2029 
s 3508
f 1885/1531/2039 1882/1528/2036 1877/1523/2031 
s 3509
f 1487/1128/1631 1878/1524/2032 1886/1532/2040 
s 3510
f 1883/1529/2037 1881/1527/2035 1842/1486/1994 
s 3511
f 1887/1533/2041 1882/1528/2036 1885/1531/2039 
s 3512
f 1888/1534/2042 1487/1128/1631 1886/1532/2040 
s 3513
f 1883/1529/2037 1889/1535/2043 1876/1522/2030 
s 3514
f 1882/1528/2036 1887/1533/2041 1890/1536/2044 
s 3515
f 1890/1536/2044 1884/1530/2038 1882/1528/2036 
s 3516
f 1891/1537/2045 1487/1128/1631 1888/1534/2042 
s 3517
f 1876/1522/2030 1889/1535/2043 1874/1520/2028 
s 3518
f 1874/1520/2028 1889/1535/2043 1885/1531/2039 
s 3519
f 1890/1536/2044 1892/1538/2046 1884/1530/2038 
s 3520
f 1483/1124/1627 1487/1128/1631 1891/1537/2045 
s 3521
f 1877/1523/2031 1874/1520/2028 1885/1531/2039 
s 3522
f 1890/1536/2044 1887/1533/2041 1893/1539/2047 
s 3523
f 1892/1538/2046 1894/1540/2048 1884/1530/2038 
s 3524
f 1885/1531/2039 1889/1535/2043 1895/1541/2049 
s 3525
f 1890/1536/2044 1893/1539/2047 1896/1542/2050 
s 3526
f 1896/1542/2050 1892/1538/2046 1890/1536/2044 
s 3527
f 1895/1541/2049 1887/1533/2041 1885/1531/2039 
s 3528
f 1884/1530/2038 1894/1540/2048 1897/1543/2051 
s 3529
f 1896/1542/2050 1893/1539/2047 1898/1544/2052 
s 3530
f 1899/1545/2053 1887/1533/2041 1895/1541/2049 
s 3531
f 1884/1530/2038 1897/1543/2051 1875/1521/2029 
s 3532
f 1898/1544/2052 1900/1546/2054 1896/1542/2050 
s 3533
f 1887/1533/2041 1899/1545/2053 1893/1539/2047 
s 3534
f 1892/1538/2046 1901/1547/2055 1894/1540/2048 
s 3535
f 1902/1548/2056 1900/1546/2054 1898/1544/2052 
s 3536
f 1900/1546/2054 1903/1549/2057 1896/1542/2050 
s 3537
f 1893/1539/2047 1899/1545/2053 1904/1550/2058 
s 3538
f 1903/1549/2057 1901/1547/2055 1892/1538/2046 
s 3539
f 1893/1539/2047 1904/1550/2058 1898/1544/2052 
s 3540
f 1902/1548/2056 1905/1551/2059 1900/1546/2054 
s 3541
f 1896/1542/2050 1903/1549/2057 1892/1538/2046 
s 3542
f 1903/1549/2057 1906/1552/2060 1901/1547/2055 
s 3543
f 1907/1553/2061 1902/1548/2056 1898/1544/2052 
s 3544
f 1898/1544/2052 1904/1550/2058 1907/1553/2061 
s 3545
f 1905/1551/2059 1908/1554/2062 1900/1546/2054 
s 3546
f 1908/1554/2062 1906/1552/2060 1903/1549/2057 
s 3547
f 1909/1555/2063 1905/1551/2059 1902/1548/2056 
s 3548
f 1901/1547/2055 1910/1556/2064 1894/1540/2048 
s 3549
f 1900/1546/2054 1908/1554/2062 1903/1549/2057 
s 3550
f 1905/1551/2059 1909/1555/2063 1734/1557/2065 
s 3551
f 1910/1556/2064 1901/1547/2055 1911/1558/2066 
s 3552
f 1911/1558/2066 1901/1547/2055 1906/1552/2060 
s 3553
f 1906/1552/2060 1908/1554/2062 1730/1559/2067 
s 3554
f 1908/1554/2062 1905/1551/2059 1731/1560/2068 
s 3555
f 1731/1560/2068 1905/1551/2059 1734/1557/2065 
s 3556
f 1894/1540/2048 1910/1556/2064 1912/1561/2069 
s 3557
f 1911/1558/2066 1906/1552/2060 1732/1562/2070 
s 3558
f 1730/1559/2067 1908/1554/2062 1731/1560/2068 
s 3559
f 1912/1561/2069 1897/1543/2051 1894/1540/2048 
s 3560
f 1734/1557/2065 1909/1555/2063 1736/1563/2071 
s 3561
f 1732/1562/2070 1906/1552/2060 1730/1559/2067 
s 3562
f 1913/1564/2072 1897/1543/2051 1912/1561/2069 
s 3563
f 1909/1555/2063 1914/1565/2073 1736/1563/2071 
s 3564
f 1913/1564/2072 1873/1519/2027 1897/1543/2051 
s 3565
f 1914/1565/2073 1909/1555/2063 1915/1566/2074 
s 3566
f 1736/1563/2071 1914/1565/2073 1739/1567/2075 
s 3567
f 1916/1568/2076 1873/1519/2027 1913/1564/2072 
s 3568
f 1875/1521/2029 1897/1543/2051 1873/1519/2027 
s 3569
f 1915/1566/2074 1909/1555/2063 1902/1548/2056 
s 3570
f 1915/1566/2074 1902/1548/2056 1907/1553/2061 
s 3571
f 1916/1568/2076 1870/1516/2024 1873/1519/2027 
s 3572
f 1917/1569/2077 1870/1516/2024 1916/1568/2076 
s 3573
f 1918/1570/2078 1917/1569/2077 1916/1568/2076 
s 3574
f 1917/1569/2077 1919/1571/2079 1870/1516/2024 
s 3575
f 1919/1571/2079 1917/1569/2077 1918/1570/2078 
s 3576
f 1918/1570/2078 1916/1568/2076 1920/1572/2080 
s 3577
f 1870/1516/2024 1919/1571/2079 1862/1508/2016 
s 3578
f 1918/1570/2078 1865/1511/2019 1919/1571/2079 
s 3579
f 1920/1572/2080 1916/1568/2076 1913/1564/2081 
s 3580
f 1862/1508/2016 1864/1510/2018 1870/1516/2024 
s 3581
f 1921/1573/2082 1865/1511/2019 1918/1570/2078 
s 3582
f 1922/1574/2083 1918/1570/2078 1920/1572/2080 
s 3583
f 1920/1572/2080 1913/1564/2081 1923/1575/2084 
s 3584
f 1861/1507/2015 1862/1508/2016 1919/1571/2079 
s 3585
f 1865/1511/2019 1861/1507/2015 1919/1571/2079 
s 3586
f 1921/1573/2082 1918/1570/2078 1922/1574/2083 
s 3587
f 1923/1575/2084 1913/1564/2081 1912/1561/2085 
s 3588
f 1921/1573/2082 1924/1576/2086 1865/1511/2019 
s 3589
f 1922/1574/2083 1920/1572/2080 1925/1577/2087 
s 3590
f 1925/1577/2087 1920/1572/2080 1923/1575/2084 
s 3591
f 1912/1561/2085 1926/1578/2088 1923/1575/2084 
s 3592
f 1927/1579/2089 1924/1576/2086 1921/1573/2082 
s 3593
f 1928/1580/2090 1921/1573/2082 1922/1574/2083 
s 3594
f 1923/1575/2084 1929/1581/2091 1925/1577/2087 
s 3595
f 1926/1578/2088 1929/1581/2091 1923/1575/2084 
s 3596
f 1927/1579/2089 1921/1573/2082 1928/1580/2090 
s 3597
f 1930/1582/2092 1924/1576/2086 1927/1579/2089 
s 3598
f 1931/1583/2093 1922/1574/2083 1925/1577/2087 
s 3599
f 1929/1581/2091 1926/1578/2088 1932/1584/2094 
s 3600
f 1928/1580/2090 1922/1574/2083 1931/1583/2093 
s 3601
f 1933/1585/2095 1924/1576/2086 1930/1582/2092 
s 3602
f 1929/1581/2091 1934/1586/2096 1925/1577/2087 
s 3603
f 1935/1587/2097 1928/1580/2090 1931/1583/2093 
s 3604
f 1936/1588/2098 1933/1585/2095 1930/1582/2092 
s 3605
f 1934/1586/2096 1929/1581/2091 1937/1589/2099 
s 3606
f 1925/1577/2087 1934/1586/2096 1931/1583/2093 
s 3607
f 1937/1589/2099 1929/1581/2091 1932/1584/2094 
s 3608
f 1938/1590/2100 1933/1585/2095 1936/1588/2098 
s 3609
f 1936/1588/2098 1930/1582/2092 1939/1591/2101 
s 3610
f 1934/1586/2096 1940/1592/2102 1931/1583/2093 
s 3611
f 1931/1583/2093 1940/1592/2102 1935/1587/2097 
s 3612
f 1933/1585/2095 1938/1590/2100 1941/1593/2103 
s 3613
f 1939/1591/2101 1930/1582/2092 1942/1594/2104 
s 3614
f 1942/1594/2104 1928/1580/2090 1935/1587/2097 
s 3615
f 1940/1592/2102 1943/1595/2105 1935/1587/2097 
s 3616
f 1941/1593/2103 1938/1590/2100 1944/1596/2106 
s 3617
f 1930/1582/2092 1927/1579/2089 1942/1594/2104 
s 3618
f 1942/1594/2104 1927/1579/2089 1928/1580/2090 
s 3619
f 1935/1587/2097 1943/1595/2105 1945/1597/2107 
s 3620
f 1939/1591/2101 1942/1594/2104 1945/1597/2107 
s 3621
f 1941/1593/2103 1944/1596/2106 1946/1598/2108 
s 3622
f 1940/1592/2102 1947/1599/2109 1943/1595/2105 
s 3623
f 1945/1597/2107 1942/1594/2104 1935/1587/2097 
s 3624
f 1941/1593/2103 1948/1600/2110 1933/1585/2095 
s 3625
f 1949/1601/2111 1947/1599/2109 1940/1592/2102 
s 3626
f 1946/1598/2108 1944/1596/2106 1950/1602/2112 
s 3627
f 1948/1600/2110 1941/1593/2103 1880/1526/2034 
s 3628
f 1947/1599/2109 1949/1601/2111 957/1603/2113 
s 3629
f 1880/1526/2034 1941/1593/2103 1946/1598/2108 
s 3630
f 1940/1592/2102 1934/1586/2096 1949/1601/2111 
s 3631
f 1933/1585/2095 1948/1600/2110 1924/1576/2086 
s 3632
f 1880/1526/2034 1946/1598/2108 1878/1524/2032 
s 3633
f 957/1603/2113 1949/1601/2111 1751/1604/2114 
s 3634
f 1949/1601/2111 1934/1586/2096 1937/1589/2099 
s 3635
f 1948/1600/2110 1863/1509/2017 1924/1576/2086 
s 3636
f 1878/1524/2032 1946/1598/2108 1886/1532/2040 
s 3637
f 1937/1589/2099 1754/1605/2115 1949/1601/2111 
s 3638
f 1949/1601/2111 1754/1605/2115 1751/1604/2114 
s 3639
f 1863/1509/2017 1948/1600/2110 1866/1512/2020 
s 3640
f 1866/1512/2020 1948/1600/2110 1880/1526/2034 
s 3641
f 1924/1576/2086 1863/1509/2017 1865/1511/2019 
s 3642
f 1937/1589/2099 1757/1606/2116 1754/1605/2115 
s 3643
f 1866/1512/2020 1880/1526/2034 1869/1515/2023 
s 3644
f 1946/1598/2108 1950/1602/2112 1886/1532/2040 
s 3645
f 1932/1584/2094 1757/1606/2116 1937/1589/2099 
s 3646
f 1886/1532/2040 1950/1602/2112 1888/1534/2042 
s 3647
f 1757/1606/2116 1932/1584/2094 1760/1607/2117 
s 3648
f 1760/1607/2117 1932/1584/2094 1951/1608/2118 
s 3649
f 1951/1608/2118 1732/1562/2119 1760/1607/2117 
s 3650
f 1932/1584/2094 1926/1578/2088 1951/1608/2118 
s 3651
f 1911/1558/2120 1732/1562/2119 1951/1608/2118 
s 3652
f 1926/1578/2088 1910/1556/2121 1951/1608/2118 
s 3653
f 1951/1608/2118 1910/1556/2121 1911/1558/2120 
s 3654
f 1910/1556/2121 1926/1578/2088 1912/1561/2085 
s 3655
f 1768/1609/2122 1622/1610/2123 1952/1611/2124 
s 3656
f 1952/1611/2124 1769/1612/2125 1768/1609/2122 
s 3657
f 1952/1611/2124 1622/1610/2123 1953/1613/2126 
s 3658
f 1954/1614/2127 1769/1612/2125 1952/1611/2124 
s 3659
f 1622/1610/2123 1765/1615/2128 1953/1613/2126 
s 3660
f 1954/1614/2127 1773/1616/2129 1769/1612/2125 
s 3661
f 1952/1611/2124 1953/1613/2126 1955/1617/2130 
s 3662
f 1955/1617/2130 1954/1614/2127 1952/1611/2124 
s 3663
f 1953/1613/2126 1765/1615/2128 1956/1618/2131 
s 3664
f 1957/1619/2132 1773/1616/2129 1954/1614/2127 
s 3665
f 1955/1617/2130 1953/1613/2126 1958/1620/2133 
s 3666
f 1953/1613/2126 1956/1618/2131 1958/1620/2133 
s 3667
f 1956/1618/2131 1765/1615/2128 1959/1621/2134 
s 3668
f 1960/1622/2135 1957/1619/2132 1954/1614/2127 
s 3669
f 1960/1622/2135 1954/1614/2127 1955/1617/2130 
s 3670
f 1961/1623/2136 1773/1616/2129 1957/1619/2132 
s 3671
f 1958/1620/2133 1956/1618/2131 1959/1621/2134 
s 3672
f 1961/1623/2136 1957/1619/2132 1960/1622/2135 
s 3673
f 1959/1621/2134 1765/1615/2128 1766/1624/2137 
s 3674
f 1776/1625/2138 1773/1616/2129 1961/1623/2136 
s 3675
f 1962/1626/2139 1958/1620/2133 1959/1621/2134 
s 3676
f 1960/1622/2135 1963/1627/2140 1961/1623/2136 
s 3677
f 1959/1621/2134 1766/1624/2137 1964/1628/2141 
s 3678
f 1961/1623/2136 1965/1629/2142 1776/1625/2138 
s 3679
f 1959/1621/2134 1964/1628/2141 1962/1626/2139 
s 3680
f 1966/1630/2143 1963/1627/2140 1960/1622/2135 
s 3681
f 1963/1627/2140 1965/1629/2142 1961/1623/2136 
s 3682
f 1955/1617/2130 1966/1630/2143 1960/1622/2135 
s 3683
f 1776/1625/2138 1965/1629/2142 1778/1631/2144 
s 3684
f 1967/1632/2145 1958/1620/2133 1962/1626/2139 
s 3685
f 1967/1632/2145 1955/1617/2130 1958/1620/2133 
s 3686
f 1966/1630/2143 1968/1633/2146 1963/1627/2140 
s 3687
f 1969/1634/2147 1778/1631/2144 1965/1629/2142 
s 3688
f 1970/1635/2148 1967/1632/2145 1962/1626/2139 
s 3689
f 1971/1636/2149 1968/1633/2146 1966/1630/2143 
s 3690
f 1968/1633/2146 1969/1634/2147 1963/1627/2140 
s 3691
f 1969/1634/2147 1965/1629/2142 1963/1627/2140 
s 3692
f 1962/1626/2139 1972/1637/2150 1970/1635/2148 
s 3693
f 1971/1636/2149 1973/1638/2151 1968/1633/2146 
s 3694
f 1974/1639/2152 1969/1634/2147 1968/1633/2146 
s 3695
f 1975/1640/2153 1971/1636/2149 1966/1630/2143 
s 3696
f 1975/1640/2153 1955/1617/2130 1967/1632/2145 
s 3697
f 1973/1638/2151 1976/1641/2154 1968/1633/2146 
s 3698
f 1968/1633/2146 1976/1641/2154 1974/1639/2152 
s 3699
f 1977/1642/2155 1973/1638/2151 1971/1636/2149 
s 3700
f 1975/1640/2153 1966/1630/2143 1955/1617/2130 
s 3701
f 1978/1643/2156 1967/1632/2145 1970/1635/2148 
s 3702
f 1977/1642/2155 1971/1636/2149 1979/1644/2157 
s 3703
f 1978/1643/2156 1975/1640/2153 1967/1632/2145 
s 3704
f 1980/1645/2158 1973/1638/2151 1977/1642/2155 
s 3705
f 1981/1646/2159 1978/1643/2156 1970/1635/2148 
s 3706
f 1977/1642/2155 1979/1644/2157 1980/1645/2158 
s 3707
f 1982/1647/2160 1975/1640/2153 1978/1643/2156 
s 3708
f 1979/1644/2157 1971/1636/2149 1982/1647/2160 
s 3709
f 1981/1646/2159 1970/1635/2148 1983/1648/2161 
s 3710
f 1984/1649/2162 1973/1638/2151 1980/1645/2158 
s 3711
f 1982/1647/2160 1978/1643/2156 1979/1644/2157 
s 3712
f 1982/1647/2160 1971/1636/2149 1975/1640/2153 
s 3713
f 1983/1648/2161 1970/1635/2148 1985/1650/2163 
s 3714
f 1980/1645/2158 1979/1644/2157 1986/1651/2164 
s 3715
f 1987/1652/2165 1978/1643/2156 1981/1646/2159 
s 3716
f 1985/1650/2163 1601/1653/2166 1983/1648/2161 
s 3717
f 1984/1649/2162 1980/1645/2158 1988/1654/2167 
s 3718
f 1979/1644/2157 1978/1643/2156 1987/1652/2165 
s 3719
f 1985/1650/2163 1598/1655/2168 1601/1653/2166 
s 3720
f 1988/1654/2167 1796/1656/2169 1984/1649/2162 
s 3721
f 1986/1651/2164 1979/1644/2157 1989/1657/2170 
s 3722
f 1981/1646/2159 1989/1657/2170 1987/1652/2165 
s 3723
f 1983/1648/2161 1601/1653/2166 1605/1658/2171 
s 3724
f 1984/1649/2162 1796/1656/2169 1990/1659/2172 
s 3725
f 1989/1657/2170 1979/1644/2157 1987/1652/2165 
s 3726
f 1605/1658/2171 1991/1660/2173 1983/1648/2161 
s 3727
f 1983/1648/2161 1991/1660/2173 1981/1646/2159 
s 3728
f 1990/1659/2172 1796/1656/2169 1791/1661/2174 
s 3729
f 1992/1662/2175 1989/1657/2170 1981/1646/2159 
s 3730
f 1628/1663/2176 1991/1660/2173 1605/1658/2171 
s 3731
f 1791/1661/2174 1786/1664/2177 1990/1659/2172 
s 3732
f 1981/1646/2159 1991/1660/2173 1992/1662/2175 
s 3733
f 1993/1665/2178 1989/1657/2170 1992/1662/2175 
s 3734
f 1624/1666/2179 1991/1660/2173 1628/1663/2176 
s 3735
f 1990/1659/2172 1786/1664/2177 1976/1641/2154 
s 3736
f 1992/1662/2175 1624/1666/2179 1993/1665/2178 
s 3737
f 1994/1667/2180 1989/1657/2170 1993/1665/2178 
s 3738
f 1992/1662/2175 1991/1660/2173 1624/1666/2179 
s 3739
f 1976/1641/2154 1973/1638/2151 1990/1659/2172 
s 3740
f 1632/1668/2181 1994/1667/2180 1993/1665/2178 
s 3741
f 1994/1667/2180 1986/1651/2164 1989/1657/2170 
s 3742
f 1993/1665/2178 1624/1666/2179 1632/1668/2181 
s 3743
f 1786/1664/2177 1783/1669/2182 1976/1641/2154 
s 3744
f 1990/1659/2172 1973/1638/2151 1984/1649/2162 
s 3745
f 1995/1670/2183 1986/1651/2164 1994/1667/2180 
s 3746
f 1637/1671/2184 1994/1667/2180 1632/1668/2181 
s 3747
f 1976/1641/2154 1783/1669/2182 1974/1639/2152 
s 3748
f 1637/1671/2184 1995/1670/2183 1994/1667/2180 
s 3749
f 1996/1672/2185 1986/1651/2164 1995/1670/2183 
s 3750
f 1783/1669/2182 1780/1673/2186 1974/1639/2152 
s 3751
f 1645/1674/2187 1995/1670/2183 1637/1671/2184 
s 3752
f 1995/1670/2183 1997/1675/2188 1996/1672/2185 
s 3753
f 1980/1645/2158 1986/1651/2164 1996/1672/2185 
s 3754
f 1974/1639/2152 1780/1673/2186 1969/1634/2147 
s 3755
f 1645/1674/2187 1997/1675/2188 1995/1670/2183 
s 3756
f 1988/1654/2167 1980/1645/2158 1996/1672/2185 
s 3757
f 1780/1673/2186 1778/1631/2144 1969/1634/2147 
s 3758
f 1997/1675/2188 1998/1676/2189 1996/1672/2185 
s 3759
f 1996/1672/2185 1998/1676/2189 1988/1654/2167 
s 3760
f 1998/1676/2189 1796/1656/2169 1988/1654/2167 
s 3761
f 1634/1275/1778 1649/1290/1793 1638/1279/1782 
s 3762
f 1649/1290/1793 1999/1677/2190 1638/1279/1782 
s 3763
f 1649/1290/1793 1673/1314/1817 1999/1677/2190 
s 3764
f 1638/1279/1782 1999/1677/2190 1647/1288/1791 
s 3765
f 1667/1308/1811 1673/1314/1817 1649/1290/1793 
s 3766
f 1646/1287/1790 1667/1308/1811 1649/1290/1793 
s 3767
f 1647/1288/1791 1631/1272/1775 1638/1279/1782 
s 3768
f 1659/1300/1803 1647/1288/1791 1999/1677/2190 
s 3769
f 1664/1305/1808 1999/1677/2190 1673/1314/1817 
s 3770
f 1659/1300/1803 1999/1677/2190 1664/1305/1808 
s 3771
f 1633/1274/1777 1631/1272/1775 1647/1288/1791 
s 3772
f 1650/1291/1794 1647/1288/1791 1659/1300/1803 
s 3773
f 1609/1250/1753 1603/1244/1747 1581/1222/1725 
s 3774
f 1581/1222/1725 1603/1244/1747 1586/1227/1730 
s 3775
f 1554/1195/1698 1552/1193/1696 1656/1297/1800 
s 3776
f 1668/1309/1812 1656/1297/1800 1552/1193/1696 
s 3777
f 1668/1309/1812 1552/1193/1696 2000/1678/2191 
s 3778
f 1706/1347/1850 1668/1309/1812 2000/1678/2191 
s 3779
f 2000/1678/2191 1552/1193/1696 1544/1185/1688 
s 3780
f 1701/1342/1845 1668/1309/1812 1706/1347/1850 
s 3781
f 1701/1342/1845 1663/1304/1807 1668/1309/1812 
s 3782
f 1544/1185/1688 1541/1182/1685 2000/1678/2191 
s 3783
f 2000/1678/2191 2001/1679/2192 1706/1347/1850 
s 3784
f 1541/1182/1685 2001/1679/2192 2000/1678/2191 
s 3785
f 2001/1679/2192 1708/1349/1852 1706/1347/1850 
s 3786
f 2001/1679/2192 1541/1182/1685 1516/1157/1660 
s 3787
f 2001/1679/2192 2002/1680/2193 1708/1349/1852 
s 3788
f 1516/1157/1660 2002/1680/2193 2001/1679/2192 
s 3789
f 1516/1157/1660 1541/1182/1685 1535/1176/1679 
s 3790
f 2002/1680/2193 1504/1145/1648 1708/1349/1852 
s 3791
f 1516/1157/1660 1508/1149/1652 2002/1680/2193 
s 3792
f 1516/1157/1660 1535/1176/1679 1513/1154/1657 
s 3793
f 1513/1154/1657 1535/1176/1679 1526/1167/1670 
s 3794
f 2002/1680/2193 1502/1143/1646 1504/1145/1648 
s 3795
f 1508/1149/1652 1502/1143/1646 2002/1680/2193 
s 3796
f 1504/1145/1648 1492/1133/1636 1489/1130/1633 
s 3797
f 1695/1336/1839 1525/1166/1669 1523/1164/1667 
s 3798
f 1695/1336/1839 1523/1164/1667 1692/1333/1836 
s 3799
f 1692/1333/1836 1523/1164/1667 1528/1169/1672 
s 3800
f 1666/1681/2194 2003/1682/2195 1661/1683/2196 
s 3801
f 1666/1681/2194 2004/1684/2197 2003/1682/2195 
s 3802
f 1661/1683/2196 2003/1682/2195 2005/1685/2198 
s 3803
f 1681/1686/2199 2004/1684/2197 1666/1681/2194 
s 3804
f 1661/1683/2196 2005/1685/2198 1657/1687/2200 
s 3805
f 2003/1682/2195 1840/1688/2201 2005/1685/2198 
s 3806
f 1681/1686/2199 2006/1689/2202 2004/1684/2197 
s 3807
f 1657/1687/2200 2005/1685/2198 2007/1690/2203 
s 3808
f 1842/1691/2204 1840/1688/2201 2003/1682/2195 
s 3809
f 1685/1692/2205 2006/1689/2202 1681/1686/2199 
s 3810
f 2004/1684/2197 1842/1691/2204 2003/1682/2195 
s 3811
f 1840/1688/2201 1841/1693/2206 2005/1685/2198 
s 3812
f 2005/1685/2198 1841/1693/2206 2007/1690/2203 
s 3813
f 1685/1692/2205 2008/1694/2207 2006/1689/2202 
s 3814
f 1883/1695/2208 1842/1691/2204 2004/1684/2197 
s 3815
f 1657/1687/2200 2007/1690/2203 1654/1696/2209 
s 3816
f 1690/1697/2210 2008/1694/2207 1685/1692/2205 
s 3817
f 2006/1689/2202 1883/1695/2208 2004/1684/2197 
s 3818
f 1841/1693/2206 1844/1698/2211 2007/1690/2203 
s 3819
f 1704/1699/2212 2008/1694/2207 1690/1697/2210 
s 3820
f 1889/1700/2213 1883/1695/2208 2006/1689/2202 
s 3821
f 1654/1696/2209 2007/1690/2203 2009/1701/2214 
s 3822
f 2007/1690/2203 1844/1698/2211 2009/1701/2214 
s 3823
f 2008/1694/2207 1889/1700/2213 2006/1689/2202 
s 3824
f 2010/1702/2215 2008/1694/2207 1704/1699/2212 
s 3825
f 1654/1696/2209 2009/1701/2214 1655/1703/2216 
s 3826
f 1844/1698/2211 1655/1703/2216 2009/1701/2214 
s 3827
f 1895/1704/2217 1889/1700/2213 2008/1694/2207 
s 3828
f 1704/1699/2212 2011/1705/2218 2010/1702/2215 
s 3829
f 1895/1704/2217 2008/1694/2207 1899/1706/2219 
s 3830
f 2011/1705/2218 1899/1706/2219 2010/1702/2215 
s 3831
f 1899/1706/2219 2008/1694/2207 2010/1702/2215 
s 3832
f 1710/1707/2220 2011/1705/2218 1704/1699/2212 
s 3833
f 1904/1708/2221 1899/1706/2219 2011/1705/2218 
s 3834
f 1717/1709/2222 2011/1705/2218 1710/1707/2220 
s 3835
f 1904/1708/2221 2011/1705/2218 1907/1710/2223 
s 3836
f 2012/1711/2224 2011/1705/2218 1717/1709/2222 
s 3837
f 1907/1710/2223 2011/1705/2218 2012/1711/2224 
s 3838
f 1737/1712/2225 2012/1711/2224 1717/1709/2222 
s 3839
f 1907/1710/2223 2012/1711/2224 1915/1713/2226 
s 3840
f 2013/1714/2227 2012/1711/2224 1737/1712/2225 
s 3841
f 1915/1713/2226 2012/1711/2224 2013/1714/2227 
s 3842
f 1737/1712/2225 1738/1715/2228 2013/1714/2227 
s 3843
f 1915/1713/2226 2013/1714/2227 1914/1716/2229 
s 3844
f 2013/1714/2227 1738/1715/2228 2014/1717/2230 
s 3845
f 1914/1716/2229 2013/1714/2227 2014/1717/2230 
s 3846
f 2014/1717/2230 1738/1715/2228 1739/1718/2231 
s 3847
f 2014/1717/2230 1739/1718/2231 1914/1716/2229 
s 3848
f 1716/1357/1861 1698/1339/1842 1702/1343/1846 
s 3849
f 1716/1357/1861 1696/1337/1840 1698/1339/1842 
s 3850
f 1964/1628/2141 1766/1624/2137 1767/1719/2232 
s 3851
f 1964/1628/2141 1767/1719/2232 1972/1637/2150 
s 3852
f 1962/1626/2139 1964/1628/2141 1972/1637/2150 
s 3853
f 1972/1637/2150 1767/1719/2232 1598/1655/2168 
s 3854
f 1972/1637/2150 1598/1655/2168 1985/1650/2163 
s 3855
f 1970/1635/2148 1972/1637/2150 1985/1650/2163 
s 3856
f 1743/1720/2233 1467/1721/2233 957/1722/1267 
s 3857
f 1743/1720/2233 1471/1723/2233 1467/1721/2233 
s 3858
f 957/1722/1267 1467/1721/2233 1013/1724/1267 
s 3859
f 1742/1725/2233 1471/1723/2233 1743/1720/2233 
s 3860
f 1013/1724/1267 1475/1726/2234 957/1722/1267 
s 3861
f 1742/1725/2233 1478/1727/2233 1471/1723/2233 
s 3862
f 957/1722/1267 1475/1726/2234 1947/1728/2234 
s 3863
f 1744/1729/2233 1478/1727/2233 1742/1725/2233 
s 3864
f 1475/1726/2234 1483/1730/2234 1947/1728/2234 
s 3865
f 1744/1729/2233 1480/1731/2233 1478/1727/2233 
s 3866
f 1947/1728/2234 1483/1730/2234 1943/1732/2234 
s 3867
f 1748/1733/2235 1480/1731/2233 1744/1729/2233 
s 3868
f 1483/1730/2234 1891/1734/2234 1943/1732/2234 
s 3869
f 1748/1733/2235 1488/1735/2236 1480/1731/2233 
s 3870
f 1943/1732/2234 1891/1734/2234 1945/1736/2234 
s 3871
f 1764/1737/2237 1488/1735/2236 1748/1733/2235 
s 3872
f 1891/1734/2234 1888/1738/2234 1945/1736/2234 
s 3873
f 1764/1737/2237 1497/1739/2238 1488/1735/2236 
s 3874
f 1505/1740/2239 1497/1739/2238 1764/1737/2237 
s 3875
f 1945/1736/2234 1888/1738/2234 1939/1741/2240 
s 3876
f 1888/1738/2234 1950/1742/2241 1939/1741/2240 
s 3877
f 1939/1741/2240 1950/1742/2241 1936/1743/2242 
s 3878
f 1950/1742/2241 1944/1744/2243 1936/1743/2242 
s 3879
f 1936/1743/2242 1944/1744/2243 1938/1745/2244 
s 3880
f 1639/1464/1972 1819/1461/1969 1644/1746/2245 
s 3881
f 1819/1461/1969 2015/1747/2246 1644/1746/2245 
s 3882
f 2015/1747/2246 1819/1461/1969 2016/1748/2247 
s 3883
f 1644/1746/2245 2015/1747/2246 1641/1749/2248 
s 3884
f 2016/1748/2247 1819/1461/1969 1806/1448/1956 
s 3885
f 2015/1747/2246 1997/1750/2249 1641/1749/2248 
s 3886
f 1806/1448/1956 1799/1441/1949 2016/1748/2247 
s 3887
f 1997/1750/2249 2015/1747/2246 1998/1751/2250 
s 3888
f 1998/1751/2250 2015/1747/2246 2016/1748/2247 
s 3889
f 1641/1749/2248 1997/1750/2249 1645/1752/2251 
s 3890
f 1799/1441/1949 1796/1438/1946 2016/1748/2247 
s 3891
f 2016/1748/2247 1796/1438/1946 1998/1751/2250 
s 3892
f 2017/1753/2252 1879/1525/2033 2018/1754/2253 
s 3893
f 1879/1525/2033 2017/1753/2252 1881/1527/2035 
s 3894
f 2018/1754/2253 1879/1525/2033 1854/1500/2008 
s 3895
f 1881/1527/2035 2017/1753/2252 1838/1482/1990 
s 3896
f 1822/1465/1973 2017/1753/2252 2018/1754/2253 
s 3897
f 1854/1500/2008 1830/1474/1982 2018/1754/2253 
s 3898
f 1838/1482/1990 1842/1486/1994 1881/1527/2035 
s 3899
f 1822/1465/1973 2018/1754/2253 1824/1468/1976 
s 3900
f 1835/1479/1987 1838/1482/1990 2017/1753/2252 
s 3901
f 1824/1468/1976 2018/1754/2253 1830/1474/1982 
s 3902
f 1835/1479/1987 2017/1753/2252 1822/1465/1973 
s 3903
f 1820/1462/1970 1835/1479/1987 1822/1465/1973 
s 3904
f 1825/1469/1977 1835/1479/1987 1820/1462/1970 
s 3905
f 2019/1755/2254 2020/1756/2255 2021/1757/2256 
s 3906
f 2022/1758/2257 2019/1755/2254 2021/1757/2256 
s 3907
f 2021/1757/2256 2020/1756/2255 2023/1759/2258 
s 3908
f 2024/1760/2259 2019/1755/2254 2022/1758/2257 
s 3909
f 2023/1759/2258 2025/1761/2260 2021/1757/2256 
s 3910
f 2021/1757/2256 2025/1761/2260 2022/1758/2257 
s 3911
f 2023/1759/2258 2020/1756/2255 2026/1762/2261 
s 3912
f 2022/1758/2257 2027/1763/2262 2024/1760/2259 
s 3913
f 2023/1759/2258 2028/1764/2263 2025/1761/2260 
s 3914
f 2029/1765/2264 2023/1759/2258 2026/1762/2261 
s 3915
f 2025/1761/2260 2030/1766/2265 2022/1758/2257 
s 3916
f 2022/1758/2257 2030/1766/2265 2027/1763/2262 
s 3917
f 2024/1760/2259 2027/1763/2262 2031/1767/2266 
s 3918
f 2032/1768/2267 2023/1759/2258 2029/1765/2264 
s 3919
f 2032/1768/2267 2028/1764/2263 2023/1759/2258 
s 3920
f 2028/1764/2263 2033/1769/2268 2025/1761/2260 
s 3921
f 2025/1761/2260 2033/1769/2268 2030/1766/2265 
s 3922
f 2027/1763/2262 2034/1770/2269 2031/1767/2266 
s 3923
f 2032/1768/2267 2035/1771/2270 2028/1764/2263 
s 3924
f 2035/1771/2270 2032/1768/2267 2029/1765/2264 
s 3925
f 2033/1769/2268 2036/1772/2271 2030/1766/2265 
s 3926
f 2031/1767/2266 2034/1770/2269 2037/1773/2272 
s 3927
f 2028/1764/2263 2035/1771/2270 2038/1774/2273 
s 3928
f 2028/1764/2263 2038/1774/2273 2033/1769/2268 
s 3929
f 2030/1766/2265 2036/1772/2271 2039/1775/2274 
s 3930
f 2027/1763/2262 2039/1775/2274 2034/1770/2269 
s 3931
f 2034/1770/2269 2040/1776/2275 2037/1773/2272 
s 3932
f 2033/1769/2268 2038/1774/2273 2041/1777/2276 
s 3933
f 2033/1769/2268 2041/1777/2276 2036/1772/2271 
s 3934
f 2030/1766/2265 2039/1775/2274 2027/1763/2262 
s 3935
f 2037/1773/2272 2040/1776/2275 2042/1778/2277 
s 3936
f 2039/1775/2274 2043/1779/2278 2034/1770/2269 
s 3937
f 2036/1772/2271 2044/1780/2279 2039/1775/2274 
s 3938
f 2036/1772/2271 2041/1777/2276 2045/1781/2280 
s 3939
f 2034/1770/2269 2043/1779/2278 2040/1776/2275 
s 3940
f 2040/1776/2275 2046/1782/2281 2042/1778/2277 
s 3941
f 2039/1775/2274 2044/1780/2279 2043/1779/2278 
s 3942
f 2045/1781/2280 2047/1783/2282 2036/1772/2271 
s 3943
f 2048/1784/2283 2046/1782/2281 2040/1776/2275 
s 3944
f 2036/1772/2271 2047/1783/2282 2044/1780/2279 
s 3945
f 2044/1780/2279 2049/1785/2284 2043/1779/2278 
s 3946
f 2048/1784/2283 2050/1786/2285 2046/1782/2281 
s 3947
f 2043/1779/2278 2051/1787/2286 2040/1776/2275 
s 3948
f 2047/1783/2282 2052/1788/2287 2044/1780/2279 
s 3949
f 2040/1776/2275 2051/1787/2286 2048/1784/2283 
s 3950
f 2043/1779/2278 2049/1785/2284 2051/1787/2286 
s 3951
f 2053/1789/2288 2050/1786/2285 2048/1784/2283 
s 3952
f 2044/1780/2279 2052/1788/2287 2049/1785/2284 
s 3953
f 2049/1785/2284 2054/1790/2289 2051/1787/2286 
s 3954
f 2053/1789/2288 2055/1791/2290 2050/1786/2285 
s 3955
f 2051/1787/2286 2056/1792/2291 2048/1784/2283 
s 3956
f 2052/1788/2287 2057/1793/2292 2049/1785/2284 
s 3957
f 2048/1784/2283 2056/1792/2291 2053/1789/2288 
s 3958
f 2051/1787/2286 2054/1790/2289 2056/1792/2291 
s 3959
f 2058/1794/2293 2055/1791/2290 2053/1789/2288 
s 3960
f 2049/1785/2284 2057/1793/2292 2054/1790/2289 
s 3961
f 2054/1790/2289 2059/1795/2294 2056/1792/2291 
s 3962
f 2058/1794/2293 2060/1796/2295 2055/1791/2290 
s 3963
f 2056/1792/2291 2061/1797/2296 2053/1789/2288 
s 3964
f 2057/1793/2292 2062/1798/2297 2054/1790/2289 
s 3965
f 2053/1789/2288 2061/1797/2296 2058/1794/2293 
s 3966
f 2056/1792/2291 2059/1795/2294 2061/1797/2296 
s 3967
f 2063/1799/2298 2060/1796/2295 2058/1794/2293 
s 3968
f 2054/1790/2289 2062/1798/2297 2059/1795/2294 
s 3969
f 2059/1795/2294 2064/1800/2299 2061/1797/2296 
s 3970
f 2063/1799/2298 2065/1801/2300 2060/1796/2295 
s 3971
f 2061/1797/2296 2066/1802/2301 2058/1794/2293 
s 3972
f 2062/1798/2297 2067/1803/2302 2059/1795/2294 
s 3973
f 2058/1794/2293 2066/1802/2301 2063/1799/2298 
s 3974
f 2061/1797/2296 2064/1800/2299 2066/1802/2301 
s 3975
f 2068/1804/2303 2065/1801/2300 2063/1799/2298 
s 3976
f 2059/1795/2294 2067/1803/2302 2064/1800/2299 
s 3977
f 2064/1800/2299 2069/1805/2304 2066/1802/2301 
s 3978
f 2063/1799/2298 2069/1805/2304 2068/1804/2303 
s 3979
f 2066/1802/2301 2069/1805/2304 2063/1799/2298 
s 3980
f 2068/1804/2303 2070/1806/2305 2065/1801/2300 
s 3981
f 2067/1803/2302 2071/1807/2306 2064/1800/2299 
s 3982
f 2072/1808/2307 2069/1805/2304 2064/1800/2299 
s 3983
f 2064/1800/2299 2071/1807/2306 2072/1808/2307 
s 3984
f 2073/1809/2308 2070/1806/2305 2068/1804/2303 
s 3985
f 2069/1805/2304 2073/1809/2308 2068/1804/2303 
s 3986
f 2071/1807/2306 2074/1810/2309 2072/1808/2307 
s 3987
f 2073/1809/2308 2075/1811/2310 2070/1806/2305 
s 3988
f 2072/1808/2307 2076/1812/2311 2069/1805/2304 
s 3989
f 2076/1812/2311 2073/1809/2308 2069/1805/2304 
s 3990
f 2072/1808/2307 2074/1810/2309 2077/1813/2312 
s 3991
f 2077/1813/2312 2076/1812/2311 2072/1808/2307 
s 3992
f 2078/1814/2313 2075/1811/2310 2073/1809/2308 
s 3993
f 2074/1810/2309 2079/1815/2314 2077/1813/2312 
s 3994
f 2077/1813/2312 2080/1816/2315 2076/1812/2311 
s 3995
f 2073/1809/2308 2080/1816/2315 2078/1814/2313 
s 3996
f 2076/1812/2311 2080/1816/2315 2073/1809/2308 
s 3997
f 2078/1814/2313 2081/1817/2316 2075/1811/2310 
s 3998
f 2077/1813/2312 2079/1815/2314 2082/1818/2317 
s 3999
f 2082/1818/2317 2080/1816/2315 2077/1813/2312 
s 4000
f 2083/1819/2318 2081/1817/2316 2078/1814/2313 
s 4001
f 2079/1815/2314 2084/1820/2319 2082/1818/2317 
s 4002
f 2082/1818/2317 2085/1819/2320 2080/1816/2315 
s 4003
f 2078/1814/2313 2085/1819/2320 2083/1819/2318 
s 4004
f 2080/1816/2315 2085/1819/2320 2078/1814/2313 
s 4005
f 2083/1819/2318 2086/1821/2321 2081/1817/2316 
s 4006
f 2082/1818/2317 2084/1820/2319 2087/1820/2322 
s 4007
f 2087/1820/2322 2085/1819/2320 2082/1818/2317 
s 4008
f 2085/1819/2320 2088/1821/2323 2083/1819/2318 
s 4009
f 2083/1819/2318 2088/1821/2323 2086/1821/2321 
s 4010
f 2085/1819/2320 2087/1820/2322 2088/1821/2323 
s 4011
f 2081/1817/2316 2086/1821/2321 2089/1822/2324 
s 4012
f 2087/1820/2322 2084/1820/2319 2090/1823/2325 
s 4013
f 2088/1821/2323 2087/1820/2322 2090/1823/2325 
s 4014
f 2088/1821/2323 2091/1822/2326 2086/1821/2321 
s 4015
f 2086/1821/2321 2091/1822/2326 2089/1822/2324 
s 4016
f 2090/1823/2325 2091/1822/2326 2088/1821/2323 
s 4017
f 2090/1823/2325 2084/1820/2319 2092/1824/2327 
s 4018
f 2092/1824/2327 2089/1822/2324 2091/1822/2326 
s 4019
f 2092/1824/2327 2091/1822/2326 2090/1823/2325 
s 4020
f 2093/1825/2328 2089/1822/2324 2092/1824/2327 
s 4021
f 2094/1826/2329 2095/1827/2330 2096/1828/2331 
s 4022
f 2094/1826/2329 2097/1829/2332 2095/1827/2330 
s 4023
f 2096/1828/2331 2095/1827/2330 2098/1830/2333 
s 4024
f 2099/1831/2334 2097/1829/2332 2094/1826/2329 
s 4025
f 2096/1828/2331 2098/1830/2333 2100/1832/2335 
s 4026
f 2095/1827/2330 2101/1833/2336 2098/1830/2333 
s 4027
f 2102/1834/2337 2097/1829/2332 2099/1831/2334 
s 4028
f 2100/1832/2335 2098/1830/2333 2103/1835/2338 
s 4029
f 2104/1836/2339 2101/1833/2336 2095/1827/2330 
s 4030
f 2105/1837/2340 2097/1829/2332 2102/1834/2337 
s 4031
f 2100/1832/2335 2103/1835/2338 2106/1838/2341 
s 4032
f 2097/1829/2332 2104/1836/2339 2095/1827/2330 
s 4033
f 2101/1833/2336 2107/1839/2342 2098/1830/2333 
s 4034
f 2108/1840/2343 2105/1837/2340 2102/1834/2337 
s 4035
f 2098/1830/2333 2107/1839/2342 2103/1835/2338 
s 4036
f 2109/1841/2344 2104/1836/2339 2097/1829/2332 
s 4037
f 2110/1842/2345 2105/1837/2340 2108/1840/2343 
s 4038
f 2104/1836/2339 2111/1843/2346 2101/1833/2336 
s 4039
f 2106/1838/2341 2103/1835/2338 2112/1844/2347 
s 4040
f 2113/1845/2348 2110/1842/2345 2108/1840/2343 
s 4041
f 2114/1846/2349 2111/1843/2346 2104/1836/2339 
s 4042
f 2109/1841/2344 2114/1846/2349 2104/1836/2339 
s 4043
f 2107/1839/2342 2115/1847/2350 2103/1835/2338 
s 4044
f 2103/1835/2338 2115/1847/2350 2112/1844/2347 
s 4045
f 2116/1848/2351 2110/1842/2345 2113/1845/2348 
s 4046
f 2117/1849/2352 2114/1846/2349 2109/1841/2344 
s 4047
f 2101/1833/2336 2118/1850/2353 2107/1839/2342 
s 4048
f 2111/1843/2346 2118/1850/2353 2101/1833/2336 
s 4049
f 2116/1848/2351 2119/1851/2354 2110/1842/2345 
s 4050
f 2114/1846/2349 2120/1852/2355 2111/1843/2346 
s 4051
f 2118/1850/2353 2121/1853/2356 2107/1839/2342 
s 4052
f 2107/1839/2342 2121/1853/2356 2115/1847/2350 
s 4053
f 2116/1848/2351 2122/1854/2357 2119/1851/2354 
s 4054
f 2123/1855/2358 2120/1852/2355 2114/1846/2349 
s 4055
f 2117/1849/2352 2123/1855/2358 2114/1846/2349 
s 4056
f 2121/1853/2356 2124/1856/2359 2115/1847/2350 
s 4057
f 2125/1857/2360 2122/1854/2357 2116/1848/2351 
s 4058
f 2126/1858/2361 2123/1855/2358 2117/1849/2352 
s 4059
f 2118/1850/2353 2127/1859/2362 2121/1853/2356 
s 4060
f 2125/1857/2360 2116/1848/2351 2128/1860/2363 
s 4061
f 2117/1849/2352 2129/1861/2364 2126/1858/2361 
s 4062
f 2130/1862/2365 2127/1859/2362 2118/1850/2353 
s 4063
f 2131/1863/2366 2125/1857/2360 2128/1860/2363 
s 4064
f 2128/1860/2363 2116/1848/2351 2113/1845/2348 
s 4065
f 2129/1861/2364 2132/1864/2367 2126/1858/2361 
s 4066
f 2111/1843/2346 2130/1862/2365 2118/1850/2353 
s 4067
f 2133/1865/2368 2125/1857/2360 2131/1863/2366 
s 4068
f 2134/1866/2369 2129/1861/2364 2117/1849/2352 
s 4069
f 2120/1852/2355 2130/1862/2365 2111/1843/2346 
s 4070
f 2131/1863/2366 2135/1867/2370 2133/1865/2368 
s 4071
f 2109/1841/2344 2134/1866/2369 2117/1849/2352 
s 4072
f 2120/1852/2355 2136/1868/2371 2130/1862/2365 
s 4073
f 2137/1869/2372 2135/1867/2370 2131/1863/2366 
s 4074
f 2138/1870/2373 2134/1866/2369 2109/1841/2344 
s 4075
f 2139/1871/2374 2136/1868/2371 2120/1852/2355 
s 4076
f 2137/1869/2372 2140/1872/2375 2135/1867/2370 
s 4077
f 2097/1829/2332 2138/1870/2373 2109/1841/2344 
s 4078
f 2123/1855/2358 2139/1871/2374 2120/1852/2355 
s 4079
f 2141/1873/2376 2140/1872/2375 2137/1869/2372 
s 4080
f 2105/1837/2340 2138/1870/2373 2097/1829/2332 
s 4081
f 2142/1874/2377 2139/1871/2374 2123/1855/2358 
s 4082
f 2141/1873/2376 2143/1875/2378 2140/1872/2375 
s 4083
f 2105/1837/2340 2144/1876/2379 2138/1870/2373 
s 4084
f 2126/1858/2361 2142/1874/2377 2123/1855/2358 
s 4085
f 2145/1877/2380 2143/1875/2378 2141/1873/2376 
s 4086
f 2110/1842/2345 2144/1876/2379 2105/1837/2340 
s 4087
f 2146/1878/2381 2142/1874/2377 2126/1858/2361 
s 4088
f 2145/1877/2380 2147/1879/2382 2143/1875/2378 
s 4089
f 2110/1842/2345 2119/1851/2354 2144/1876/2379 
s 4090
f 2126/1858/2361 2132/1864/2367 2146/1878/2381 
s 4091
f 2148/1880/2383 2147/1879/2382 2145/1877/2380 
s 4092
f 2147/1879/2382 2149/1881/2384 2143/1875/2378 
s 4093
f 2119/1851/2354 2150/1882/2385 2144/1876/2379 
s 4094
f 2132/1864/2367 2151/1883/2386 2146/1878/2381 
s 4095
f 2148/1880/2383 2152/1884/2387 2147/1879/2382 
s 4096
f 2119/1851/2354 2153/1885/2388 2150/1882/2385 
s 4097
f 2132/1864/2367 2154/1886/2389 2151/1883/2386 
s 4098
f 2155/1887/2390 2152/1884/2387 2148/1880/2383 
s 4099
f 2122/1854/2357 2153/1885/2388 2119/1851/2354 
s 4100
f 2156/1888/2391 2154/1886/2389 2132/1864/2367 
s 4101
f 2157/1889/2392 2152/1884/2387 2155/1887/2390 
s 4102
f 2122/1854/2357 2158/1890/2393 2153/1885/2388 
s 4103
f 2129/1861/2364 2156/1888/2391 2132/1864/2367 
s 4104
f 2159/1891/2394 2152/1884/2387 2157/1889/2392 
s 4105
f 2160/1892/2395 2158/1890/2393 2122/1854/2357 
s 4106
f 2161/1893/2396 2156/1888/2391 2129/1861/2364 
s 4107
f 2162/1894/2397 2159/1891/2394 2157/1889/2392 
s 4108
f 2125/1857/2360 2160/1892/2395 2122/1854/2357 
s 4109
f 2134/1866/2369 2161/1893/2396 2129/1861/2364 
s 4110
f 2163/1895/2398 2159/1891/2394 2162/1894/2397 
s 4111
f 2133/1865/2368 2160/1892/2395 2125/1857/2360 
s 4112
f 2164/1896/2399 2161/1893/2396 2134/1866/2369 
s 4113
f 2165/1897/2400 2163/1895/2398 2162/1894/2397 
s 4114
f 2135/1867/2370 2160/1892/2395 2133/1865/2368 
s 4115
f 2138/1870/2373 2164/1896/2399 2134/1866/2369 
s 4116
f 2166/1898/2401 2163/1895/2398 2165/1897/2400 
s 4117
f 2167/1899/2402 2160/1892/2395 2135/1867/2370 
s 4118
f 2144/1876/2379 2164/1896/2399 2138/1870/2373 
s 4119
f 2168/1900/2403 2166/1898/2401 2165/1897/2400 
s 4120
f 2140/1872/2375 2167/1899/2402 2135/1867/2370 
s 4121
f 2144/1876/2379 2150/1882/2385 2164/1896/2399 
s 4122
f 2169/1901/2404 2166/1898/2401 2168/1900/2403 
s 4123
f 2170/1902/2405 2167/1899/2402 2140/1872/2375 
s 4124
f 2167/1899/2402 2158/1890/2393 2160/1892/2395 
s 4125
f 2150/1882/2385 2171/1903/2406 2164/1896/2399 
s 4126
f 2172/1904/2407 2169/1901/2404 2168/1900/2403 
s 4127
f 2170/1902/2405 2173/1905/2408 2167/1899/2402 
s 4128
f 2173/1905/2408 2158/1890/2393 2167/1899/2402 
s 4129
f 2150/1882/2385 2174/1906/2409 2171/1903/2406 
s 4130
f 2175/1907/2410 2169/1901/2404 2172/1904/2407 
s 4131
f 2176/1908/2411 2173/1905/2408 2170/1902/2405 
s 4132
f 2153/1885/2388 2174/1906/2409 2150/1882/2385 
s 4133
f 2172/1904/2407 2112/1844/2347 2175/1907/2410 
s 4134
f 2149/1881/2384 2176/1908/2411 2170/1902/2405 
s 4135
f 2158/1890/2393 2177/1909/2412 2153/1885/2388 
s 4136
f 2153/1885/2388 2177/1909/2412 2174/1906/2409 
s 4137
f 2173/1905/2408 2177/1909/2412 2158/1890/2393 
s 4138
f 2112/1844/2347 2178/1910/2413 2175/1907/2410 
s 4139
f 2175/1907/2410 2178/1910/2413 2169/1901/2404 
s 4140
f 2149/1881/2384 2170/1902/2405 2143/1875/2378 
s 4141
f 2179/1911/2414 2177/1909/2412 2173/1905/2408 
s 4142
f 2176/1908/2411 2179/1911/2414 2173/1905/2408 
s 4143
f 2115/1847/2350 2178/1910/2413 2112/1844/2347 
s 4144
f 2143/1875/2378 2170/1902/2405 2140/1872/2375 
s 4145
f 2180/1912/2415 2176/1908/2411 2149/1881/2384 
s 4146
f 2115/1847/2350 2124/1856/2359 2178/1910/2413 
s 4147
f 2181/1913/2416 2179/1911/2414 2176/1908/2411 
s 4148
f 2179/1911/2414 2182/1914/2417 2177/1909/2412 
s 4149
f 2180/1912/2415 2181/1913/2416 2176/1908/2411 
s 4150
f 2183/1915/2418 2180/1912/2415 2149/1881/2384 
s 4151
f 2178/1910/2413 2124/1856/2359 2184/1916/2419 
s 4152
f 2177/1909/2412 2182/1914/2417 2174/1906/2409 
s 4153
f 2183/1915/2418 2149/1881/2384 2147/1879/2382 
s 4154
f 2169/1901/2404 2178/1910/2413 2184/1916/2419 
s 4155
f 2184/1916/2419 2124/1856/2359 2185/1917/2420 
s 4156
f 2174/1906/2409 2182/1914/2417 2186/1918/2421 
s 4157
f 2152/1884/2387 2183/1915/2418 2147/1879/2382 
s 4158
f 2169/1901/2404 2184/1916/2419 2166/1898/2401 
s 4159
f 2174/1906/2409 2186/1918/2421 2171/1903/2406 
s 4160
f 2187/1919/2422 2183/1915/2418 2152/1884/2387 
s 4161
f 2182/1914/2417 2188/1920/2423 2186/1918/2421 
s 4162
f 2166/1898/2401 2184/1916/2419 2189/1921/2424 
s 4163
f 2184/1916/2419 2185/1917/2420 2189/1921/2424 
s 4164
f 2187/1919/2422 2190/1922/2425 2183/1915/2418 
s 4165
f 2191/1923/2426 2188/1920/2423 2182/1914/2417 
s 4166
f 2166/1898/2401 2189/1921/2424 2163/1895/2398 
s 4167
f 2152/1884/2387 2192/1924/2427 2187/1919/2422 
s 4168
f 2191/1923/2426 2182/1914/2417 2179/1911/2414 
s 4169
f 2193/1925/2428 2188/1920/2423 2191/1923/2426 
s 4170
f 2163/1895/2398 2189/1921/2424 2194/1926/2429 
s 4171
f 2192/1924/2427 2195/1927/2430 2187/1919/2422 
s 4172
f 2196/1928/2431 2193/1925/2428 2191/1923/2426 
s 4173
f 2163/1895/2398 2194/1926/2429 2159/1891/2394 
s 4174
f 2159/1891/2394 2194/1926/2429 2192/1924/2427 
s 4175
f 2159/1891/2394 2192/1924/2427 2152/1884/2387 
s 4176
f 2187/1919/2422 2195/1927/2430 2197/1929/2432 
s 4177
f 2196/1928/2431 2191/1923/2426 2181/1913/2416 
s 4178
f 2181/1913/2416 2191/1923/2426 2179/1911/2414 
s 4179
f 2194/1926/2429 2198/1930/2433 2192/1924/2427 
s 4180
f 2192/1924/2427 2198/1930/2433 2195/1927/2430 
s 4181
f 2197/1929/2432 2190/1922/2425 2187/1919/2422 
s 4182
f 2199/1931/2434 2196/1928/2431 2181/1913/2416 
s 4183
f 2194/1926/2429 2200/1932/2435 2198/1930/2433 
s 4184
f 2195/1927/2430 2201/1933/2436 2197/1929/2432 
s 4185
f 2202/1934/2437 2199/1931/2434 2190/1922/2425 
s 4186
f 2189/1921/2424 2200/1932/2435 2194/1926/2429 
s 4187
f 2198/1930/2433 2203/1935/2438 2195/1927/2430 
s 4188
f 2197/1929/2432 2202/1934/2437 2190/1922/2425 
s 4189
f 2195/1927/2430 2203/1935/2438 2201/1933/2436 
s 4190
f 2189/1921/2424 2185/1917/2420 2200/1932/2435 
s 4191
f 2197/1929/2432 2201/1933/2436 2204/1936/2439 
s 4192
f 2204/1936/2439 2202/1934/2437 2197/1929/2432 
s 4193
f 2190/1922/2425 2199/1931/2434 2180/1912/2415 
s 4194
f 2199/1931/2434 2181/1913/2416 2180/1912/2415 
s 4195
f 2185/1917/2420 2205/1937/2440 2200/1932/2435 
s 4196
f 2204/1936/2439 2206/1938/2441 2202/1934/2437 
s 4197
f 2190/1922/2425 2180/1912/2415 2183/1915/2418 
s 4198
f 2185/1917/2420 2207/1939/2442 2205/1937/2440 
s 4199
f 2201/1933/2436 2208/1940/2443 2204/1936/2439 
s 4200
f 2206/1938/2441 2209/1941/2444 2202/1934/2437 
s 4201
f 2202/1934/2437 2209/1941/2444 2199/1931/2434 
s 4202
f 2124/1856/2359 2207/1939/2442 2185/1917/2420 
s 4203
f 2201/1933/2436 2210/1942/2445 2208/1940/2443 
s 4204
f 2211/1943/2446 2206/1938/2441 2204/1936/2439 
s 4205
f 2121/1853/2356 2207/1939/2442 2124/1856/2359 
s 4206
f 2203/1935/2438 2210/1942/2445 2201/1933/2436 
s 4207
f 2204/1936/2439 2208/1940/2443 2211/1943/2446 
s 4208
f 2127/1859/2362 2207/1939/2442 2121/1853/2356 
s 4209
f 2203/1935/2438 2212/1944/2447 2210/1942/2445 
s 4210
f 2211/1943/2446 2213/1945/2448 2206/1938/2441 
s 4211
f 2127/1859/2362 2214/1946/2449 2207/1939/2442 
s 4212
f 2215/1947/2450 2212/1944/2447 2203/1935/2438 
s 4213
f 2208/1940/2443 2216/1948/2451 2211/1943/2446 
s 4214
f 2217/1949/2452 2214/1946/2449 2127/1859/2362 
s 4215
f 2198/1930/2433 2215/1947/2450 2203/1935/2438 
s 4216
f 2210/1942/2445 2218/1950/2453 2208/1940/2443 
s 4217
f 2208/1940/2443 2218/1950/2453 2216/1948/2451 
s 4218
f 2207/1939/2442 2214/1946/2449 2205/1937/2440 
s 4219
f 2200/1932/2435 2205/1937/2440 2215/1947/2450 
s 4220
f 2200/1932/2435 2215/1947/2450 2198/1930/2433 
s 4221
f 2212/1944/2447 2219/1951/2454 2210/1942/2445 
s 4222
f 2210/1942/2445 2219/1951/2454 2218/1950/2453 
s 4223
f 2205/1937/2440 2214/1946/2449 2220/1952/2455 
s 4224
f 2205/1937/2440 2220/1952/2455 2215/1947/2450 
s 4225
f 2218/1950/2453 2221/1953/2456 2216/1948/2451 
s 4226
f 2215/1947/2450 2220/1952/2455 2212/1944/2447 
s 4227
f 2219/1951/2454 2221/1953/2456 2218/1950/2453 
s 4228
f 2214/1946/2449 2222/1954/2457 2220/1952/2455 
s 4229
f 2216/1948/2451 2221/1953/2456 2223/1955/2458 
s 4230
f 2220/1952/2455 2224/1956/2459 2212/1944/2447 
s 4231
f 2212/1944/2447 2224/1956/2459 2219/1951/2454 
s 4232
f 2217/1949/2452 2222/1954/2457 2214/1946/2449 
s 4233
f 2222/1954/2457 2221/1953/2456 2224/1956/2459 
s 4234
f 2211/1943/2446 2216/1948/2451 2223/1955/2458 
s 4235
f 2224/1956/2459 2221/1953/2456 2219/1951/2454 
s 4236
f 2220/1952/2455 2222/1954/2457 2224/1956/2459 
s 4237
f 2225/1957/2460 2222/1954/2457 2217/1949/2452 
s 4238
f 2223/1955/2458 2213/1945/2448 2211/1943/2446 
s 4239
f 2225/1957/2460 2221/1953/2456 2222/1954/2457 
s 4240
f 2223/1955/2458 2221/1953/2456 2213/1945/2448 
s 4241
f 2136/1868/2371 2225/1957/2460 2217/1949/2452 
s 4242
f 2226/1958/2461 2221/1953/2456 2225/1957/2460 
s 4243
f 2226/1958/2461 2225/1957/2460 2136/1868/2371 
s 4244
f 2213/1945/2448 2221/1953/2456 2227/1959/2462 
s 4245
f 2136/1868/2371 2217/1949/2452 2130/1862/2365 
s 4246
f 2130/1862/2365 2217/1949/2452 2127/1859/2362 
s 4247
f 2139/1871/2374 2226/1958/2461 2136/1868/2371 
s 4248
f 2213/1945/2448 2227/1959/2462 2206/1938/2441 
s 4249
f 2228/1960/2463 2221/1953/2456 2226/1958/2461 
s 4250
f 2228/1960/2463 2226/1958/2461 2139/1871/2374 
s 4251
f 2206/1938/2441 2227/1959/2462 2209/1941/2444 
s 4252
f 2229/1961/2464 2221/1953/2456 2228/1960/2463 
s 4253
f 2142/1874/2377 2228/1960/2463 2139/1871/2374 
s 4254
f 2229/1961/2464 2228/1960/2463 2142/1874/2377 
s 4255
f 2227/1959/2462 2230/1962/2465 2209/1941/2444 
s 4256
f 2227/1959/2462 2221/1953/2456 2230/1962/2465 
s 4257
f 2146/1878/2381 2229/1961/2464 2142/1874/2377 
s 4258
f 2209/1941/2444 2230/1962/2465 2196/1928/2431 
s 4259
f 2230/1962/2465 2221/1953/2456 2193/1925/2428 
s 4260
f 2230/1962/2465 2193/1925/2428 2196/1928/2431 
s 4261
f 2209/1941/2444 2196/1928/2431 2199/1931/2434 
s 4262
f 2231/1963/2466 2229/1961/2464 2146/1878/2381 
s 4263
f 2231/1963/2466 2221/1953/2456 2229/1961/2464 
s 4264
f 2193/1925/2428 2221/1953/2456 2188/1920/2423 
s 4265
f 2146/1878/2381 2151/1883/2386 2231/1963/2466 
s 4266
f 2151/1883/2386 2221/1953/2456 2231/1963/2466 
s 4267
f 2188/1920/2423 2221/1953/2456 2232/1964/2467 
s 4268
f 2154/1886/2389 2221/1953/2456 2151/1883/2386 
s 4269
f 2186/1918/2421 2188/1920/2423 2232/1964/2467 
s 4270
f 2233/1965/2468 2221/1953/2456 2154/1886/2389 
s 4271
f 2232/1964/2467 2221/1953/2456 2233/1965/2468 
s 4272
f 2186/1918/2421 2232/1964/2467 2234/1966/2469 
s 4273
f 2234/1966/2469 2232/1964/2467 2233/1965/2468 
s 4274
f 2156/1888/2391 2233/1965/2468 2154/1886/2389 
s 4275
f 2234/1966/2469 2233/1965/2468 2156/1888/2391 
s 4276
f 2171/1903/2406 2186/1918/2421 2234/1966/2469 
s 4277
f 2161/1893/2396 2234/1966/2469 2156/1888/2391 
s 4278
f 2171/1903/2406 2234/1966/2469 2161/1893/2396 
s 4279
f 2164/1896/2399 2171/1903/2406 2161/1893/2396 
s 4280
f 2106/1838/2341 2112/1844/2347 2172/1904/2407 
s 4281
f 2235/1755/2470 2236/1757/2471 2237/1756/2472 
s 4282
f 2235/1755/2470 2238/1758/2473 2236/1757/2471 
s 4283
f 2239/1759/2474 2237/1756/2472 2236/1757/2471 
s 4284
f 2240/1760/2475 2238/1758/2473 2235/1755/2470 
s 4285
f 2236/1757/2471 2241/1761/2476 2239/1759/2474 
s 4286
f 2238/1758/2473 2241/1761/2476 2236/1757/2471 
s 4287
f 2242/1762/2477 2237/1756/2472 2239/1759/2474 
s 4288
f 2240/1760/2475 2243/1763/2478 2238/1758/2473 
s 4289
f 2241/1761/2476 2244/1764/2479 2239/1759/2474 
s 4290
f 2242/1762/2477 2239/1759/2474 2245/1765/2480 
s 4291
f 2246/1767/2481 2243/1763/2478 2240/1760/2475 
s 4292
f 2243/1763/2478 2247/1766/2482 2238/1758/2473 
s 4293
f 2238/1758/2473 2247/1766/2482 2241/1761/2476 
s 4294
f 2241/1761/2476 2248/1769/2483 2244/1764/2479 
s 4295
f 2245/1765/2480 2239/1759/2474 2249/1768/2484 
s 4296
f 2246/1767/2481 2250/1770/2485 2243/1763/2478 
s 4297
f 2247/1766/2482 2248/1769/2483 2241/1761/2476 
s 4298
f 2239/1759/2474 2244/1764/2479 2249/1768/2484 
s 4299
f 2251/1773/2486 2250/1770/2485 2246/1767/2481 
s 4300
f 2247/1766/2482 2252/1772/2487 2248/1769/2483 
s 4301
f 2250/1770/2485 2253/1775/2488 2243/1763/2478 
s 4302
f 2249/1768/2484 2244/1764/2479 2254/1771/2489 
s 4303
f 2253/1775/2488 2252/1772/2487 2247/1766/2482 
s 4304
f 2254/1771/2489 2245/1765/2480 2249/1768/2484 
s 4305
f 2250/1770/2485 2251/1773/2486 2255/1776/2490 
s 4306
f 2243/1763/2478 2253/1775/2488 2247/1766/2482 
s 4307
f 2254/1771/2489 2244/1764/2479 2256/1774/2491 
s 4308
f 2244/1764/2479 2248/1769/2483 2256/1774/2491 
s 4309
f 2255/1776/2490 2251/1773/2486 2257/1778/2492 
s 4310
f 2252/1772/2487 2253/1775/2488 2258/1780/2493 
s 4311
f 2253/1775/2488 2250/1770/2485 2259/1779/2494 
s 4312
f 2256/1774/2491 2248/1769/2483 2260/1777/2495 
s 4313
f 2259/1779/2494 2250/1770/2485 2255/1776/2490 
s 4314
f 2248/1769/2483 2252/1772/2487 2260/1777/2495 
s 4315
f 2258/1780/2493 2253/1775/2488 2259/1779/2494 
s 4316
f 2257/1778/2492 2261/1782/2496 2255/1776/2490 
s 4317
f 2262/1783/2497 2252/1772/2487 2258/1780/2493 
s 4318
f 2260/1777/2495 2252/1772/2487 2263/1781/2498 
s 4319
f 2258/1780/2493 2259/1779/2494 2264/1785/2499 
s 4320
f 2255/1776/2490 2261/1782/2496 2265/1784/2500 
s 4321
f 2263/1781/2498 2252/1772/2487 2262/1783/2497 
s 4322
f 2262/1783/2497 2258/1780/2493 2266/1788/2501 
s 4323
f 2266/1788/2501 2258/1780/2493 2264/1785/2499 
s 4324
f 2259/1779/2494 2255/1776/2490 2267/1787/2502 
s 4325
f 2267/1787/2502 2255/1776/2490 2265/1784/2500 
s 4326
f 2261/1782/2496 2268/1786/2503 2265/1784/2500 
s 4327
f 2266/1788/2501 2264/1785/2499 2269/1793/2504 
s 4328
f 2264/1785/2499 2259/1779/2494 2267/1787/2502 
s 4329
f 2265/1784/2500 2268/1786/2503 2270/1789/2505 
s 4330
f 2269/1793/2504 2264/1785/2499 2271/1790/2506 
s 4331
f 2264/1785/2499 2267/1787/2502 2271/1790/2506 
s 4332
f 2267/1787/2502 2265/1784/2500 2272/1792/2507 
s 4333
f 2272/1792/2507 2265/1784/2500 2270/1789/2505 
s 4334
f 2271/1790/2506 2267/1787/2502 2272/1792/2507 
s 4335
f 2268/1786/2503 2273/1791/2508 2270/1789/2505 
s 4336
f 2269/1793/2504 2271/1790/2506 2274/1798/2509 
s 4337
f 2271/1790/2506 2272/1792/2507 2275/1795/2510 
s 4338
f 2274/1798/2509 2271/1790/2506 2275/1795/2510 
s 4339
f 2270/1789/2505 2273/1791/2508 2276/1794/2511 
s 4340
f 2275/1795/2510 2272/1792/2507 2277/1797/2512 
s 4341
f 2272/1792/2507 2270/1789/2505 2277/1797/2512 
s 4342
f 2277/1797/2512 2270/1789/2505 2276/1794/2511 
s 4343
f 2274/1798/2509 2275/1795/2510 2278/1803/2513 
s 4344
f 2273/1791/2508 2279/1796/2514 2276/1794/2511 
s 4345
f 2275/1795/2510 2277/1797/2512 2280/1800/2515 
s 4346
f 2278/1803/2513 2275/1795/2510 2280/1800/2515 
s 4347
f 2276/1794/2511 2279/1796/2514 2281/1799/2516 
s 4348
f 2280/1800/2515 2277/1797/2512 2282/1802/2517 
s 4349
f 2277/1797/2512 2276/1794/2511 2282/1802/2517 
s 4350
f 2282/1802/2517 2276/1794/2511 2281/1799/2516 
s 4351
f 2278/1803/2513 2280/1800/2515 2283/1807/2518 
s 4352
f 2279/1796/2514 2284/1801/2519 2281/1799/2516 
s 4353
f 2282/1802/2517 2285/1805/2520 2280/1800/2515 
s 4354
f 2282/1802/2517 2281/1799/2516 2285/1805/2520 
s 4355
f 2283/1807/2518 2280/1800/2515 2286/1808/2521 
s 4356
f 2280/1800/2515 2285/1805/2520 2286/1808/2521 
s 4357
f 2281/1799/2516 2284/1801/2519 2287/1804/2522 
s 4358
f 2285/1805/2520 2281/1799/2516 2287/1804/2522 
s 4359
f 2283/1807/2518 2286/1808/2521 2288/1810/2523 
s 4360
f 2284/1801/2519 2289/1806/2524 2287/1804/2522 
s 4361
f 2285/1805/2520 2290/1812/2525 2286/1808/2521 
s 4362
f 2288/1810/2523 2286/1808/2521 2291/1813/2526 
s 4363
f 2286/1808/2521 2290/1812/2525 2291/1813/2526 
s 4364
f 2287/1804/2522 2289/1806/2524 2292/1809/2527 
s 4365
f 2287/1804/2522 2292/1809/2527 2285/1805/2520 
s 4366
f 2285/1805/2520 2292/1809/2527 2290/1812/2525 
s 4367
f 2288/1810/2523 2291/1813/2526 2293/1815/2528 
s 4368
f 2289/1806/2524 2294/1811/2529 2292/1809/2527 
s 4369
f 2290/1812/2525 2295/1816/2530 2291/1813/2526 
s 4370
f 2290/1812/2525 2292/1809/2527 2295/1816/2530 
s 4371
f 2293/1815/2528 2291/1813/2526 2296/1818/2531 
s 4372
f 2291/1813/2526 2295/1816/2530 2296/1818/2531 
s 4373
f 2292/1809/2527 2294/1811/2529 2297/1814/2532 
s 4374
f 2295/1816/2530 2292/1809/2527 2297/1814/2532 
s 4375
f 2293/1815/2528 2296/1818/2531 2298/1820/2533 
s 4376
f 2294/1811/2529 2299/1817/2534 2297/1814/2532 
s 4377
f 2295/1816/2530 2300/1819/2535 2296/1818/2531 
s 4378
f 2295/1816/2530 2297/1814/2532 2300/1819/2535 
s 4379
f 2298/1820/2533 2296/1818/2531 2301/1820/2536 
s 4380
f 2296/1818/2531 2300/1819/2535 2301/1820/2536 
s 4381
f 2297/1814/2532 2299/1817/2534 2302/1819/2537 
s 4382
f 2300/1819/2535 2297/1814/2532 2302/1819/2537 
s 4383
f 2301/1820/2536 2303/1823/2538 2298/1820/2533 
s 4384
f 2302/1819/2537 2299/1817/2534 2304/1821/2539 
s 4385
f 2300/1819/2535 2305/1821/2540 2301/1820/2536 
s 4386
f 2301/1820/2536 2305/1821/2540 2303/1823/2538 
s 4387
f 2304/1821/2539 2305/1821/2540 2302/1819/2537 
s 4388
f 2302/1819/2537 2305/1821/2540 2300/1819/2535 
s 4389
f 2298/1820/2533 2303/1823/2538 2306/1824/2541 
s 4390
f 2304/1821/2539 2299/1817/2534 2307/1822/2542 
s 4391
f 2304/1821/2539 2308/1822/2543 2305/1821/2540 
s 4392
f 2305/1821/2540 2308/1822/2543 2303/1823/2538 
s 4393
f 2308/1822/2543 2307/1822/2542 2306/1824/2541 
s 4394
f 2307/1822/2542 2308/1822/2543 2304/1821/2539 
s 4395
f 2303/1823/2538 2308/1822/2543 2306/1824/2541 
s 4396
f 2306/1824/2541 2307/1822/2542 2309/1825/2544 
s 4397
f 2310/1826/2545 2311/1828/2546 2312/1827/2547 
s 4398
f 2313/1829/2548 2310/1826/2545 2312/1827/2547 
s 4399
f 2312/1827/2547 2311/1828/2546 2314/1830/2549 
s 4400
f 2315/1831/2550 2310/1826/2545 2313/1829/2548 
s 4401
f 2314/1830/2549 2316/1833/2551 2312/1827/2547 
s 4402
f 2311/1828/2546 2317/1832/2552 2314/1830/2549 
s 4403
f 2315/1831/2550 2313/1829/2548 2318/1834/2553 
s 4404
f 2312/1827/2547 2316/1833/2551 2319/1836/2554 
s 4405
f 2312/1827/2547 2319/1836/2554 2313/1829/2548 
s 4406
f 2314/1830/2549 2317/1832/2552 2320/1835/2555 
s 4407
f 2318/1834/2553 2313/1829/2548 2321/1837/2556 
s 4408
f 2314/1830/2549 2322/1839/2557 2316/1833/2551 
s 4409
f 2313/1829/2548 2319/1836/2554 2323/1841/2558 
s 4410
f 2320/1835/2555 2322/1839/2557 2314/1830/2549 
s 4411
f 2318/1834/2553 2321/1837/2556 2324/1840/2559 
s 4412
f 2321/1837/2556 2313/1829/2548 2325/1870/2560 
s 4413
f 2325/1870/2560 2313/1829/2548 2323/1841/2558 
s 4414
f 2317/1832/2552 2326/1838/2561 2320/1835/2555 
s 4415
f 2320/1835/2555 2327/1847/2562 2322/1839/2557 
s 4416
f 2324/1840/2559 2321/1837/2556 2328/1842/2563 
s 4417
f 2325/1870/2560 2323/1841/2558 2329/1866/2564 
s 4418
f 2320/1835/2555 2326/1838/2561 2330/1844/2565 
s 4419
f 2330/1844/2565 2327/1847/2562 2320/1835/2555 
s 4420
f 2328/1842/2563 2321/1837/2556 2331/1876/2566 
s 4421
f 2331/1876/2566 2321/1837/2556 2325/1870/2560 
s 4422
f 2332/1896/2567 2325/1870/2560 2329/1866/2564 
s 4423
f 2326/1838/2561 2333/1904/2568 2330/1844/2565 
s 4424
f 2324/1840/2559 2328/1842/2563 2334/1845/2569 
s 4425
f 2331/1876/2566 2325/1870/2560 2332/1896/2567 
s 4426
f 2329/1866/2564 2323/1841/2558 2335/1849/2570 
s 4427
f 2330/1844/2565 2333/1904/2568 2336/1907/2571 
s 4428
f 2337/1851/2572 2328/1842/2563 2331/1876/2566 
s 4429
f 2332/1896/2567 2329/1866/2564 2338/1893/2573 
s 4430
f 2336/1907/2571 2339/1910/2574 2330/1844/2565 
s 4431
f 2340/1848/2575 2328/1842/2563 2337/1851/2572 
s 4432
f 2334/1845/2569 2328/1842/2563 2340/1848/2575 
s 4433
f 2338/1893/2573 2329/1866/2564 2341/1861/2576 
s 4434
f 2329/1866/2564 2335/1849/2570 2341/1861/2576 
s 4435
f 2330/1844/2565 2339/1910/2574 2327/1847/2562 
s 4436
f 2334/1845/2569 2340/1848/2575 2342/1860/2577 
s 4437
f 2343/1903/2578 2332/1896/2567 2338/1893/2573 
s 4438
f 2341/1861/2576 2335/1849/2570 2344/1858/2579 
s 4439
f 2339/1910/2574 2345/1856/2580 2327/1847/2562 
s 4440
f 2346/1882/2581 2332/1896/2567 2343/1903/2578 
s 4441
f 2338/1893/2573 2341/1861/2576 2347/1888/2582 
s 4442
f 2339/1910/2574 2348/1916/2583 2345/1856/2580 
s 4443
f 2346/1882/2581 2331/1876/2566 2332/1896/2567 
s 4444
f 2343/1903/2578 2338/1893/2573 2349/1966/2584 
s 4445
f 2349/1966/2584 2338/1893/2573 2347/1888/2582 
s 4446
f 2339/1910/2574 2350/1901/2585 2348/1916/2583 
s 4447
f 2337/1851/2572 2331/1876/2566 2346/1882/2581 
s 4448
f 2351/1918/2586 2343/1903/2578 2349/1966/2584 
s 4449
f 2336/1907/2571 2350/1901/2585 2339/1910/2574 
s 4450
f 2352/1885/2587 2337/1851/2572 2346/1882/2581 
s 4451
f 2353/1906/2588 2343/1903/2578 2351/1918/2586 
s 4452
f 2333/1904/2568 2350/1901/2585 2336/1907/2571 
s 4453
f 2352/1885/2587 2346/1882/2581 2353/1906/2588 
s 4454
f 2354/1854/2589 2337/1851/2572 2352/1885/2587 
s 4455
f 2353/1906/2588 2346/1882/2581 2343/1903/2578 
s 4456
f 2355/1900/2590 2350/1901/2585 2333/1904/2568 
s 4457
f 2354/1854/2589 2340/1848/2575 2337/1851/2572 
s 4458
f 2356/1909/2591 2352/1885/2587 2353/1906/2588 
s 4459
f 2355/1900/2590 2357/1898/2592 2350/1901/2585 
s 4460
f 2358/1857/2593 2340/1848/2575 2354/1854/2589 
s 4461
f 2359/1890/2594 2352/1885/2587 2356/1909/2591 
s 4462
f 2360/1897/2595 2357/1898/2592 2355/1900/2590 
s 4463
f 2342/1860/2577 2340/1848/2575 2358/1857/2593 
s 4464
f 2359/1890/2594 2354/1854/2589 2352/1885/2587 
s 4465
f 2360/1897/2595 2361/1895/2596 2357/1898/2592 
s 4466
f 2342/1860/2577 2358/1857/2593 2362/1863/2597 
s 4467
f 2363/1892/2598 2354/1854/2589 2359/1890/2594 
s 4468
f 2364/1894/2599 2361/1895/2596 2360/1897/2595 
s 4469
f 2350/1901/2585 2357/1898/2592 2348/1916/2583 
s 4470
f 2363/1892/2598 2358/1857/2593 2354/1854/2589 
s 4471
f 2364/1894/2599 2365/1891/2600 2361/1895/2596 
s 4472
f 2363/1892/2598 2359/1890/2594 2366/1899/2601 
s 4473
f 2348/1916/2583 2357/1898/2592 2367/1921/2602 
s 4474
f 2368/1889/2603 2365/1891/2600 2364/1894/2599 
s 4475
f 2357/1898/2592 2361/1895/2596 2367/1921/2602 
s 4476
f 2366/1899/2601 2359/1890/2594 2369/1905/2604 
s 4477
f 2368/1889/2603 2370/1884/2605 2365/1891/2600 
s 4478
f 2348/1916/2583 2367/1921/2602 2371/1917/2606 
s 4479
f 2372/1867/2607 2363/1892/2598 2366/1899/2601 
s 4480
f 2373/1887/2608 2370/1884/2605 2368/1889/2603 
s 4481
f 2345/1856/2580 2348/1916/2583 2371/1917/2606 
s 4482
f 2372/1867/2607 2366/1899/2601 2374/1872/2609 
s 4483
f 2373/1887/2608 2375/1880/2610 2370/1884/2605 
s 4484
f 2345/1856/2580 2371/1917/2606 2376/1939/2611 
s 4485
f 2374/1872/2609 2377/1869/2612 2372/1867/2607 
s 4486
f 2374/1872/2609 2366/1899/2601 2378/1902/2613 
s 4487
f 2370/1884/2605 2375/1880/2610 2379/1879/2614 
s 4488
f 2345/1856/2580 2376/1939/2611 2380/1853/2615 
s 4489
f 2381/1873/2616 2377/1869/2612 2374/1872/2609 
s 4490
f 2379/1879/2614 2382/1915/2617 2370/1884/2605 
s 4491
f 2327/1847/2562 2345/1856/2580 2380/1853/2615 
s 4492
f 2383/1875/2618 2381/1873/2616 2374/1872/2609 
s 4493
f 2374/1872/2609 2378/1902/2613 2383/1875/2618 
s 4494
f 2370/1884/2605 2382/1915/2617 2384/1919/2619 
s 4495
f 2327/1847/2562 2380/1853/2615 2322/1839/2557 
s 4496
f 2385/1877/2620 2381/1873/2616 2383/1875/2618 
s 4497
f 2375/1880/2610 2385/1877/2620 2379/1879/2614 
s 4498
f 2386/1924/2621 2370/1884/2605 2384/1919/2619 
s 4499
f 2322/1839/2557 2380/1853/2615 2387/1850/2622 
s 4500
f 2379/1879/2614 2385/1877/2620 2383/1875/2618 
s 4501
f 2365/1891/2600 2370/1884/2605 2386/1924/2621 
s 4502
f 2322/1839/2557 2387/1850/2622 2316/1833/2551 
s 4503
f 2383/1875/2618 2388/1881/2623 2379/1879/2614 
s 4504
f 2379/1879/2614 2388/1881/2623 2382/1915/2617 
s 4505
f 2389/1926/2624 2365/1891/2600 2386/1924/2621 
s 4506
f 2316/1833/2551 2387/1850/2622 2390/1843/2625 
s 4507
f 2383/1875/2618 2378/1902/2613 2388/1881/2623 
s 4508
f 2361/1895/2596 2365/1891/2600 2389/1926/2624 
s 4509
f 2316/1833/2551 2390/1843/2625 2319/1836/2554 
s 4510
f 2387/1850/2622 2391/1862/2626 2390/1843/2625 
s 4511
f 2388/1881/2623 2392/1912/2627 2382/1915/2617 
s 4512
f 2367/1921/2602 2361/1895/2596 2389/1926/2624 
s 4513
f 2387/1850/2622 2393/1859/2628 2391/1862/2626 
s 4514
f 2378/1902/2613 2394/1908/2629 2388/1881/2623 
s 4515
f 2388/1881/2623 2394/1908/2629 2392/1912/2627 
s 4516
f 2367/1921/2602 2389/1926/2624 2395/1932/2630 
s 4517
f 2380/1853/2615 2393/1859/2628 2387/1850/2622 
s 4518
f 2378/1902/2613 2369/1905/2604 2394/1908/2629 
s 4519
f 2371/1917/2606 2367/1921/2602 2395/1932/2630 
s 4520
f 2380/1853/2615 2376/1939/2611 2393/1859/2628 
s 4521
f 2366/1899/2601 2369/1905/2604 2378/1902/2613 
s 4522
f 2376/1939/2611 2371/1917/2606 2396/1937/2631 
s 4523
f 2371/1917/2606 2395/1932/2630 2396/1937/2631 
s 4524
f 2394/1908/2629 2397/1913/2632 2392/1912/2627 
s 4525
f 2369/1905/2604 2398/1911/2633 2394/1908/2629 
s 4526
f 2376/1939/2611 2399/1946/2634 2393/1859/2628 
s 4527
f 2376/1939/2611 2396/1937/2631 2399/1946/2634 
s 4528
f 2394/1908/2629 2398/1911/2633 2397/1913/2632 
s 4529
f 2392/1912/2627 2397/1913/2632 2400/1931/2635 
s 4530
f 2393/1859/2628 2399/1946/2634 2401/1949/2636 
s 4531
f 2396/1937/2631 2395/1932/2630 2402/1947/2637 
s 4532
f 2392/1912/2627 2400/1931/2635 2403/1922/2638 
s 4533
f 2393/1859/2628 2401/1949/2636 2391/1862/2626 
s 4534
f 2399/1946/2634 2396/1937/2631 2404/1952/2639 
s 4535
f 2396/1937/2631 2402/1947/2637 2404/1952/2639 
s 4536
f 2403/1922/2638 2400/1931/2635 2405/1934/2640 
s 4537
f 2391/1862/2626 2401/1949/2636 2406/1868/2641 
s 4538
f 2399/1946/2634 2407/1954/2642 2401/1949/2636 
s 4539
f 2399/1946/2634 2404/1952/2639 2407/1954/2642 
s 4540
f 2382/1915/2617 2392/1912/2627 2403/1922/2638 
s 4541
f 2391/1862/2626 2406/1868/2641 2408/1852/2643 
s 4542
f 2401/1949/2636 2409/1957/2644 2406/1868/2641 
s 4543
f 2401/1949/2636 2407/1954/2642 2409/1957/2644 
s 4544
f 2382/1915/2617 2403/1922/2638 2384/1919/2619 
s 4545
f 2390/1843/2625 2391/1862/2626 2408/1852/2643 
s 4546
f 2408/1852/2643 2406/1868/2641 2410/1871/2645 
s 4547
f 2406/1868/2641 2409/1957/2644 2411/1958/2646 
s 4548
f 2384/1919/2619 2403/1922/2638 2412/1929/2647 
s 4549
f 2390/1843/2625 2408/1852/2643 2413/1846/2648 
s 4550
f 2406/1868/2641 2411/1958/2646 2410/1871/2645 
s 4551
f 2414/1927/2649 2384/1919/2619 2412/1929/2647 
s 4552
f 2319/1836/2554 2390/1843/2625 2413/1846/2648 
s 4553
f 2413/1846/2648 2408/1852/2643 2415/1855/2650 
s 4554
f 2408/1852/2643 2410/1871/2645 2415/1855/2650 
s 4555
f 2386/1924/2621 2384/1919/2619 2414/1927/2649 
s 4556
f 2319/1836/2554 2413/1846/2648 2323/1841/2558 
s 4557
f 2414/1927/2649 2412/1929/2647 2416/1933/2651 
s 4558
f 2413/1846/2648 2415/1855/2650 2335/1849/2570 
s 4559
f 2417/1930/2652 2386/1924/2621 2414/1927/2649 
s 4560
f 2323/1841/2558 2413/1846/2648 2335/1849/2570 
s 4561
f 2416/1933/2651 2412/1929/2647 2418/1936/2653 
s 4562
f 2389/1926/2624 2386/1924/2621 2417/1930/2652 
s 4563
f 2417/1930/2652 2414/1927/2649 2419/1935/2654 
s 4564
f 2335/1849/2570 2415/1855/2650 2344/1858/2579 
s 4565
f 2419/1935/2654 2414/1927/2649 2416/1933/2651 
s 4566
f 2395/1932/2630 2389/1926/2624 2417/1930/2652 
s 4567
f 2412/1929/2647 2405/1934/2640 2418/1936/2653 
s 4568
f 2402/1947/2637 2417/1930/2652 2419/1935/2654 
s 4569
f 2419/1935/2654 2416/1933/2651 2420/1942/2655 
s 4570
f 2395/1932/2630 2417/1930/2652 2402/1947/2637 
s 4571
f 2403/1922/2638 2405/1934/2640 2412/1929/2647 
s 4572
f 2402/1947/2637 2419/1935/2654 2421/1944/2656 
s 4573
f 2421/1944/2656 2419/1935/2654 2420/1942/2655 
s 4574
f 2420/1942/2655 2416/1933/2651 2422/1940/2657 
s 4575
f 2416/1933/2651 2418/1936/2653 2422/1940/2657 
s 4576
f 2405/1934/2640 2423/1938/2658 2418/1936/2653 
s 4577
f 2404/1952/2639 2402/1947/2637 2421/1944/2656 
s 4578
f 2421/1944/2656 2420/1942/2655 2424/1951/2659 
s 4579
f 2422/1940/2657 2418/1936/2653 2425/1943/2660 
s 4580
f 2418/1936/2653 2423/1938/2658 2425/1943/2660 
s 4581
f 2404/1952/2639 2421/1944/2656 2426/1956/2661 
s 4582
f 2424/1951/2659 2420/1942/2655 2427/1950/2662 
s 4583
f 2420/1942/2655 2422/1940/2657 2427/1950/2662 
s 4584
f 2405/1934/2640 2428/1941/2663 2423/1938/2658 
s 4585
f 2426/1956/2661 2421/1944/2656 2424/1951/2659 
s 4586
f 2407/1954/2642 2404/1952/2639 2426/1956/2661 
s 4587
f 2427/1950/2662 2422/1940/2657 2429/1948/2664 
s 4588
f 2422/1940/2657 2425/1943/2660 2429/1948/2664 
s 4589
f 2423/1938/2658 2430/1945/2665 2425/1943/2660 
s 4590
f 2407/1954/2642 2426/1956/2661 2431/1953/2666 
s 4591
f 2424/1951/2659 2427/1950/2662 2431/1953/2666 
s 4592
f 2427/1950/2662 2429/1948/2664 2431/1953/2666 
s 4593
f 2428/1941/2663 2432/1959/2667 2423/1938/2658 
s 4594
f 2423/1938/2658 2432/1959/2667 2430/1945/2665 
s 4595
f 2426/1956/2661 2424/1951/2659 2431/1953/2666 
s 4596
f 2409/1957/2644 2407/1954/2642 2431/1953/2666 
s 4597
f 2400/1931/2635 2428/1941/2663 2405/1934/2640 
s 4598
f 2430/1945/2665 2432/1959/2667 2431/1953/2666 
s 4599
f 2429/1948/2664 2425/1943/2660 2433/1955/2668 
s 4600
f 2400/1931/2635 2434/1928/2669 2428/1941/2663 
s 4601
f 2425/1943/2660 2430/1945/2665 2433/1955/2668 
s 4602
f 2428/1941/2663 2435/1962/2670 2432/1959/2667 
s 4603
f 2429/1948/2664 2433/1955/2668 2431/1953/2666 
s 4604
f 2434/1928/2669 2435/1962/2670 2428/1941/2663 
s 4605
f 2397/1913/2632 2434/1928/2669 2400/1931/2635 
s 4606
f 2432/1959/2667 2435/1962/2670 2431/1953/2666 
s 4607
f 2433/1955/2668 2430/1945/2665 2431/1953/2666 
s 4608
f 2411/1958/2646 2409/1957/2644 2431/1953/2666 
s 4609
f 2397/1913/2632 2436/1923/2671 2434/1928/2669 
s 4610
f 2434/1928/2669 2437/1925/2672 2435/1962/2670 
s 4611
f 2435/1962/2670 2437/1925/2672 2431/1953/2666 
s 4612
f 2436/1923/2671 2437/1925/2672 2434/1928/2669 
s 4613
f 2438/1960/2673 2411/1958/2646 2431/1953/2666 
s 4614
f 2398/1911/2633 2436/1923/2671 2397/1913/2632 
s 4615
f 2436/1923/2671 2439/1920/2674 2437/1925/2672 
s 4616
f 2437/1925/2672 2439/1920/2674 2431/1953/2666 
s 4617
f 2410/1871/2645 2411/1958/2646 2438/1960/2673 
s 4618
f 2398/1911/2633 2440/1914/2675 2436/1923/2671 
s 4619
f 2440/1914/2675 2439/1920/2674 2436/1923/2671 
s 4620
f 2441/1961/2676 2438/1960/2673 2431/1953/2666 
s 4621
f 2410/1871/2645 2438/1960/2673 2442/1874/2677 
s 4622
f 2356/1909/2591 2440/1914/2675 2398/1911/2633 
s 4623
f 2440/1914/2675 2351/1918/2586 2439/1920/2674 
s 4624
f 2442/1874/2677 2438/1960/2673 2441/1961/2676 
s 4625
f 2415/1855/2650 2410/1871/2645 2442/1874/2677 
s 4626
f 2369/1905/2604 2356/1909/2591 2398/1911/2633 
s 4627
f 2439/1920/2674 2351/1918/2586 2443/1964/2678 
s 4628
f 2439/1920/2674 2443/1964/2678 2431/1953/2666 
s 4629
f 2415/1855/2650 2442/1874/2677 2344/1858/2579 
s 4630
f 2359/1890/2594 2356/1909/2591 2369/1905/2604 
s 4631
f 2440/1914/2675 2353/1906/2588 2351/1918/2586 
s 4632
f 2443/1964/2678 2444/1965/2679 2431/1953/2666 
s 4633
f 2344/1858/2579 2442/1874/2677 2445/1878/2680 
s 4634
f 2356/1909/2591 2353/1906/2588 2440/1914/2675 
s 4635
f 2351/1918/2586 2349/1966/2584 2443/1964/2678 
s 4636
f 2443/1964/2678 2349/1966/2584 2444/1965/2679 
s 4637
f 2442/1874/2677 2441/1961/2676 2445/1878/2680 
s 4638
f 2446/1864/2681 2344/1858/2579 2445/1878/2680 
s 4639
f 2444/1965/2679 2447/1886/2682 2431/1953/2666 
s 4640
f 2349/1966/2584 2347/1888/2582 2444/1965/2679 
s 4641
f 2445/1878/2680 2441/1961/2676 2448/1963/2683 
s 4642
f 2347/1888/2582 2446/1864/2681 2447/1886/2682 
s 4643
f 2448/1963/2683 2441/1961/2676 2431/1953/2666 
s 4644
f 2341/1861/2576 2344/1858/2579 2446/1864/2681 
s 4645
f 2444/1965/2679 2347/1888/2582 2447/1886/2682 
s 4646
f 2449/1883/2684 2445/1878/2680 2448/1963/2683 
s 4647
f 2347/1888/2582 2341/1861/2576 2446/1864/2681 
s 4648
f 2447/1886/2682 2449/1883/2684 2431/1953/2666 
s 4649
f 2446/1864/2681 2445/1878/2680 2449/1883/2684 
s 4650
f 2449/1883/2684 2448/1963/2683 2431/1953/2666 
s 4651
f 2447/1886/2682 2446/1864/2681 2449/1883/2684 
s 4652
f 2377/1869/2612 2362/1863/2597 2372/1867/2607 
s 4653
f 2372/1867/2607 2362/1863/2597 2450/1865/2685 
s 4654
f 2450/1865/2685 2363/1892/2598 2372/1867/2607 
s 4655
f 2362/1863/2597 2358/1857/2593 2450/1865/2685 
s 4656
f 2450/1865/2685 2358/1857/2593 2363/1892/2598 
s 4657
f 1486/1127/1630 1498/1139/1642 1476/1117/1620 
s 4658
f 1476/1117/1620 1498/1139/1642 1473/1114/1617 
# 0 polygons - 4658 triangles

